Ticker,Prix,High52W,Low52W,Median52W,ZoneHigh,ZoneLow,PctRange,DistMedian_%,MM30_Daily,Dist_MM30_%,MM30DailySlope_%,Vol14j_%,ATR14j_$,MM30W_3W_Haussier,Phase2_Daily,Breakout,In_Zone,Strat1_Zone,Strat2_Pullback,Strat3_Precoce,Setup,Prix_Alert_Pullback_m3,Prix_Alert_Pullback_p3,PRU_$,Qte_Total,Qte_par_Tier,T1_Prix_$,T1_Gain_$,T2_Prix_$,T2_Gain_$,Signal_Secu_$,SL_Secu_$,T3_Trailing_$,SL_Initial_$,Perte_Max_$,Gain_Secu_$,RR_Ratio
A,153.23,160.51,108.14,134.33,151.12,117.54,86.1,14.1,142.69,7.4,4.75,7.3,3.97,OUI,OUI,OUI,NON,NON,NON,NON,🟡 Chasing - attendre pullback,138.41,146.97,,,,,,,,,,,,,,
AA,48.96,84.22,29.26,56.74,63.83,49.65,35.8,-13.7,47.66,2.7,1.07,13.86,2.44,NON,OUI,NON,NON,NON,NON,NON,🔴 Rejet,46.23,49.09,,,,,,,,,,,,,,
AAL,13.72,18.79,10.09,14.44,16.25,12.64,41.7,-5.0,15.02,-8.7,-6.31,8.16,0.5,NON,NON,NON,OUI,NON,NON,NON,🔴 Rejet,14.57,15.47,,,,,,,,,,,,,,
AAON,75.96,150.36,73.05,111.7,125.66,97.74,3.8,-32.0,94.11,-19.3,-9.8,12.09,5.0,NON,NON,NON,NON,NON,NON,NON,🔴 Rejet,91.29,96.94,,,,,,,,,,,,,,
AAP,42.83,64.62,37.33,50.97,57.34,44.6,20.2,-16.0,54.55,-21.5,-3.75,26.51,3.36,NON,NON,NON,NON,NON,NON,NON,🔴 Rejet,52.91,56.18,,,,,,,,,,,,,,
AAPL,311.64,344.27,223.86,284.07,319.58,248.56,72.9,9.7,317.91,-2.0,0.27,4.25,6.02,OUI,NON,NON,OUI,NON,NON,NON,🔴 Rejet,308.37,327.45,,,,,,,,,,,,,,
AB,36.47,41.24,34.08,37.66,42.37,32.95,33.5,-3.1,36.47,0.0,0.69,1.95,0.53,NON,OUI,NON,OUI,NON,NON,NON,🔴 Rejet,35.38,37.57,,,,,,,,,,,,,,
ABBV,264.84,267.47,189.4,228.44,256.99,199.88,96.6,15.9,253.53,4.5,0.76,5.02,5.52,OUI,OUI,OUI,NON,NON,NON,NON,🟡 Chasing - attendre pullback,245.92,261.13,,,,,,,,,,,,,,
ABCB,86.59,93.22,68.29,80.75,90.85,70.66,73.4,7.2,88.67,-2.3,-0.84,2.81,1.24,OUI,NON,NON,OUI,NON,NON,NON,🔴 Rejet,86.01,91.33,,,,,,,,,,,,,,
ABEV,2.91,3.44,2.09,2.77,3.11,2.42,60.6,5.2,2.99,-2.5,-2.72,5.12,0.07,OUI,NON,NON,OUI,NON,NON,NON,🔴 Rejet,2.9,3.08,,,,,,,,,,,,,,
ABG,212.42,263.38,172.01,217.69,244.91,190.48,44.2,-2.4,219.12,-3.1,0.68,6.36,5.94,NON,NON,NON,OUI,NON,NON,NON,🔴 Rejet,212.55,225.7,,,,,,,,,,,,,,
ABI,24.81,24.82,23.6,24.21,27.23,21.18,98.8,2.5,24.73,0.3,0.21,0.22,0.01,OUI,OUI,NON,OUI,OUI,NON,NON,🟢 STRAT1: Zone mediane,23.99,25.47,24.81,30.2297,10.0766,37.21,125.0,50.86,262.5,29.77,26.79,23.32,23.32,45.0,387.5,8.61
ABM,46.96,49.8,36.44,43.12,48.51,37.73,78.7,8.9,47.8,-1.8,2.18,2.34,0.89,OUI,NON,NON,OUI,NON,NON,NON,🔴 Rejet,46.37,49.24,,,,,,,,,,,,,,
ABNB,190.54,193.45,110.81,152.13,171.15,133.12,96.5,25.3,162.22,17.5,8.43,18.24,7.23,OUI,OUI,OUI,NON,NON,NON,NON,🟡 Chasing - attendre pullback,157.35,167.08,,,,,,,,,,,,,,
ABT,116.73,134.38,81.39,107.89,121.37,94.4,66.7,8.2,106.16,10.0,6.58,3.63,2.3,OUI,OUI,NON,OUI,OUI,NON,OUI,🟢 STRAT1: Zone mediane,102.97,109.34,116.73,6.4251,2.1417,175.1,125.0,239.3,262.5,140.08,126.07,109.73,109.73,45.0,387.5,8.61
ACA,145.29,146.87,88.87,117.87,132.61,103.14,97.3,23.3,145.07,0.1,0.05,0.77,0.45,OUI,OUI,OUI,NON,NON,OUI,NON,🟢 STRAT2: Pullback MM30,140.72,149.43,145.29,5.1621,1.7207,217.94,125.0,297.84,262.5,174.35,156.91,136.57,136.57,45.0,387.5,8.61
ACAD,29.62,30.96,19.69,25.32,28.49,22.16,88.1,17.0,27.32,8.4,4.5,10.1,1.0,OUI,OUI,OUI,NON,NON,NON,NON,🟡 Chasing - attendre pullback,26.5,28.14,,,,,,,,,,,,,,
ACGL,101.06,107.09,82.45,94.77,106.62,82.92,75.5,6.6,100.19,0.9,-0.7,3.03,1.76,OUI,NON,NON,OUI,NON,NON,NON,🔴 Rejet,97.18,103.19,,,,,,,,,,,,,,
ACHC,28.42,35.83,11.43,23.63,26.58,20.68,69.6,20.2,31.2,-8.9,-1.63,12.91,1.5,OUI,NON,OUI,NON,NON,NON,NON,🔴 Rejet,30.27,32.14,,,,,,,,,,,,,,
ACHR,6.11,14.62,4.3,9.46,10.64,8.28,17.5,-35.5,5.49,11.3,10.58,23.53,0.54,NON,OUI,NON,NON,NON,NON,NON,🔴 Rejet,5.32,5.65,,,,,,,,,,,,,,
ACI,12.64,19.18,10.86,15.02,16.9,13.14,21.4,-15.8,12.56,0.6,-4.18,6.78,0.37,NON,NON,NON,NON,NON,NON,NON,🔴 Rejet,12.18,12.94,,,,,,,,,,,,,,
ACLS,124.03,193.78,73.6,133.69,150.4,116.98,42.0,-7.2,134.37,-7.7,-4.17,13.31,7.46,OUI,NON,NON,OUI,NON,NON,NON,🔴 Rejet,130.34,138.4,,,,,,,,,,,,,,
ACM,65.08,134.01,60.35,97.18,109.33,85.03,6.4,-33.0,68.99,-5.7,-2.12,14.8,2.84,NON,NON,NON,NON,NON,NON,NON,🔴 Rejet,66.92,71.06,,,,,,,,,,,,,,
ACN,185.72,285.21,116.75,200.98,226.1,175.86,40.9,-7.6,163.93,13.3,10.27,8.38,7.53,NON,OUI,NON,OUI,NON,NON,NON,🔴 Rejet,159.02,168.85,,,,,,,,,,,,,,
ACVA,7.53,12.21,4.07,8.14,9.15,7.12,42.5,-7.5,7.67,-1.9,2.45,14.09,0.56,NON,NON,NON,OUI,NON,NON,NON,🔴 Rejet,7.44,7.9,,,,,,,,,,,,,,
AD,35.47,46.04,28.86,37.45,42.13,32.77,38.5,-5.3,35.05,1.2,0.06,3.74,0.86,NON,OUI,NON,OUI,NON,NON,NON,🔴 Rejet,33.99,36.1,,,,,,,,,,,,,,
ADBE,276.56,370.86,190.12,280.49,315.55,245.43,47.8,-1.4,250.71,10.3,6.99,9.91,10.05,NON,OUI,NON,OUI,NON,NON,NON,🔴 Rejet,243.19,258.23,,,,,,,,,,,,,,
ADI,370.09,445.91,221.38,333.65,375.35,291.94,66.2,10.9,377.46,-2.0,-0.79,6.06,11.65,OUI,NON,NON,OUI,NON,NON,NON,🔴 Rejet,366.13,388.78,,,,,,,,,,,,,,
ADM,78.07,87.9,54.0,70.95,79.82,62.08,71.0,10.0,81.12,-3.8,0.94,7.61,2.57,OUI,NON,NON,OUI,NON,NON,NON,🔴 Rejet,78.69,83.55,,,,,,,,,,,,,,
ADMA,9.64,20.46,7.21,13.83,15.56,12.1,18.3,-30.4,9.13,5.5,2.85,13.0,0.4,NON,OUI,NON,NON,NON,NON,NON,🔴 Rejet,8.86,9.4,,,,,,,,,,,,,,
ADNT,18.83,27.32,17.68,22.5,25.31,19.69,12.0,-16.3,20.08,-6.2,1.09,15.29,1.03,NON,NON,NON,NON,NON,NON,NON,🔴 Rejet,19.48,20.69,,,,,,,,,,,,,,
ADP,282.43,300.55,186.74,243.65,274.1,213.19,84.1,15.9,264.66,6.7,4.71,5.55,6.23,OUI,OUI,OUI,NON,NON,NON,OUI,🟢 STRAT3: Phase 2 precoce,256.72,272.6,282.43,2.6555,0.8852,423.64,125.0,578.98,262.5,338.92,305.02,265.48,265.48,45.0,387.5,8.61
ADSK,254.8,329.09,185.5,257.29,289.46,225.13,48.3,-1.0,234.84,8.5,6.95,8.04,9.06,NON,OUI,NON,OUI,NON,NON,NON,🔴 Rejet,227.79,241.88,,,,,,,,,,,,,,
ADT,7.45,8.73,6.15,7.44,8.37,6.51,50.7,0.2,7.31,2.0,3.12,6.4,0.17,NON,OUI,NON,OUI,NON,NON,NON,🔴 Rejet,7.09,7.53,,,,,,,,,,,,,,
ADUS,121.1,124.44,87.95,106.19,119.47,92.92,90.8,14.0,116.16,4.3,3.98,5.34,3.1,OUI,OUI,OUI,NON,NON,NON,NON,🟡 Chasing - attendre pullback,112.67,119.64,,,,,,,,,,,,,,
AEE,107.18,118.32,95.25,106.78,120.13,93.44,51.7,0.4,109.98,-2.5,-1.42,3.69,1.87,OUI,NON,NON,OUI,NON,NON,NON,🔴 Rejet,106.68,113.28,,,,,,,,,,,,,,
AEIS,276.47,397.32,143.93,270.62,304.45,236.8,52.3,2.2,304.9,-9.3,-0.65,15.18,18.46,OUI,NON,NON,OUI,NON,NON,NON,🔴 Rejet,295.75,314.04,,,,,,,,,,,,,,
AEO,16.84,27.93,11.79,19.86,22.34,17.38,31.3,-15.2,17.17,-1.9,-0.28,11.11,0.65,NON,NON,NON,NON,NON,NON,NON,🔴 Rejet,16.65,17.68,,,,,,,,,,,,,,
AEP,122.12,139.52,102.52,121.02,136.15,105.89,53.0,0.9,127.82,-4.5,-2.67,4.86,2.53,OUI,NON,NON,OUI,NON,NON,NON,🔴 Rejet,123.99,131.66,,,,,,,,,,,,,,
AER,147.95,158.38,117.78,138.08,155.34,120.82,74.3,7.1,149.99,-1.4,0.17,4.3,3.22,OUI,NON,NON,OUI,NON,NON,NON,🔴 Rejet,145.49,154.49,,,,,,,,,,,,,,
AES,14.75,17.23,11.75,14.49,16.3,12.68,54.8,1.8,14.69,0.4,0.57,0.72,0.05,OUI,OUI,NON,OUI,OUI,NON,NON,🟢 STRAT1: Zone mediane,14.25,15.13,14.75,50.8475,16.9492,22.12,125.0,30.24,262.5,17.7,15.93,13.86,13.86,45.0,387.5,8.61
AFG,144.52,148.71,121.7,135.2,152.1,118.3,84.5,6.9,143.29,0.9,0.96,5.15,2.82,OUI,OUI,NON,OUI,OUI,NON,OUI,🟢 STRAT1: Zone mediane,138.99,147.58,144.52,5.1896,1.7299,216.78,125.0,296.27,262.5,173.42,156.08,135.85,135.85,45.0,387.5,8.61
AFL,118.09,129.57,102.52,116.04,130.55,101.54,57.6,1.8,122.67,-3.7,-0.3,5.2,2.11,OUI,NON,NON,OUI,NON,NON,NON,🔴 Rejet,118.99,126.35,,,,,,,,,,,,,,
AFRM,76.84,100.0,42.1,71.05,79.93,62.17,60.0,8.2,75.62,1.6,-3.01,12.39,3.41,OUI,NON,NON,OUI,NON,NON,NON,🔴 Rejet,73.35,77.88,,,,,,,,,,,,,,
AGI,38.16,55.3,27.05,41.17,46.32,36.03,39.3,-7.3,31.34,21.8,5.15,13.6,1.52,NON,OUI,NON,OUI,NON,NON,NON,🔴 Rejet,30.4,32.28,,,,,,,,,,,,,,
AGL,92.75,133.04,7.48,70.26,79.04,61.48,67.9,32.0,101.5,-8.6,-5.93,31.41,9.62,OUI,NON,OUI,NON,NON,NON,NON,🔴 Rejet,98.45,104.54,,,,,,,,,,,,,,
AGNC,10.98,11.32,8.43,9.88,11.11,8.64,88.1,11.2,10.83,1.4,0.2,3.59,0.17,NON,OUI,NON,OUI,NON,NON,NON,🔴 Rejet,10.51,11.16,,,,,,,,,,,,,,
AGYS,114.71,145.25,61.5,103.38,116.3,90.45,63.5,11.0,108.18,6.0,1.23,10.3,4.42,OUI,OUI,NON,OUI,OUI,NON,OUI,🟢 STRAT1: Zone mediane,104.93,111.42,114.71,6.5382,2.1794,172.06,125.0,235.16,262.5,137.65,123.89,107.83,107.83,45.0,387.5,8.61
AHCO,5.61,13.43,5.21,9.32,10.49,8.16,4.9,-39.8,8.31,-32.5,-15.64,17.04,0.36,NON,NON,NON,NON,NON,NON,NON,🔴 Rejet,8.06,8.56,,,,,,,,,,,,,,
AIG,77.18,86.21,70.36,78.28,88.07,68.5,43.0,-1.4,78.16,-1.3,-0.95,3.58,1.37,OUI,NON,NON,OUI,NON,NON,NON,🔴 Rejet,75.82,80.51,,,,,,,,,,,,,,
AIN,57.91,77.0,40.54,58.77,66.11,51.42,47.6,-1.5,68.35,-15.3,-5.34,7.99,2.35,OUI,NON,NON,OUI,NON,NON,NON,🔴 Rejet,66.3,70.4,,,,,,,,,,,,,,
AIR,132.54,154.0,72.0,113.0,127.12,98.88,73.8,17.3,139.67,-5.1,0.95,12.08,6.13,OUI,NON,OUI,NON,NON,NON,NON,🔴 Rejet,135.48,143.86,,,,,,,,,,,,,,
AIT,338.45,374.27,236.75,305.51,343.69,267.32,74.0,10.8,346.21,-2.2,2.26,4.23,8.1,OUI,NON,NON,OUI,NON,NON,NON,🔴 Rejet,335.82,356.59,,,,,,,,,,,,,,
AIZ,287.38,303.94,202.7,253.32,284.98,221.65,83.6,13.4,281.27,2.2,0.63,8.63,7.89,OUI,OUI,OUI,NON,NON,OUI,OUI,🟢 STRAT2: Pullback MM30,272.83,289.71,287.38,2.6098,0.8699,431.07,125.0,589.13,262.5,344.86,310.37,270.14,270.14,45.0,387.5,8.61
AJG,269.72,310.73,190.12,250.42,281.73,219.12,66.0,7.7,253.3,6.5,1.1,5.39,7.24,OUI,OUI,NON,OUI,OUI,NON,OUI,🟢 STRAT1: Zone mediane,245.7,260.9,269.72,2.7807,0.9269,404.58,125.0,552.93,262.5,323.66,291.3,253.54,253.54,45.0,387.5,8.61
AKAM,106.15,165.45,70.82,118.13,132.9,103.37,37.3,-10.1,117.63,-9.8,-0.71,14.04,6.17,OUI,NON,NON,OUI,NON,NON,NON,🔴 Rejet,114.1,121.16,,,,,,,,,,,,,,
ALAB,278.13,499.48,97.89,298.68,336.02,261.35,44.9,-6.9,311.43,-10.7,-10.84,15.06,25.26,OUI,NON,NON,OUI,NON,NON,NON,🔴 Rejet,302.09,320.78,,,,,,,,,,,,,,
ALB,141.43,220.44,70.3,145.37,163.54,127.2,47.4,-2.7,124.96,13.2,0.95,10.94,5.67,NON,OUI,NON,OUI,NON,NON,NON,🔴 Rejet,121.21,128.7,,,,,,,,,,,,,,
ALC,73.76,87.21,61.83,74.52,83.84,65.21,47.0,-1.0,70.83,4.1,2.93,6.82,1.75,NON,OUI,NON,OUI,NON,NON,NON,🔴 Rejet,68.7,72.95,,,,,,,,,,,,,,
ALG,165.88,223.01,145.46,184.23,207.26,161.2,26.3,-10.0,163.9,1.2,-0.23,5.31,4.38,NON,NON,NON,OUI,NON,NON,NON,🔴 Rejet,158.98,168.82,,,,,,,,,,,,,,
ALGM,35.56,71.77,22.41,47.09,52.98,41.2,26.7,-24.5,43.81,-18.8,-11.57,13.76,2.48,NON,NON,NON,NON,NON,NON,NON,🔴 Rejet,42.5,45.13,,,,,,,,,,,,,,
ALGN,159.71,200.44,122.0,161.22,181.37,141.07,48.1,-0.9,172.3,-7.3,-2.02,9.73,6.23,NON,NON,NON,OUI,NON,NON,NON,🔴 Rejet,167.13,177.47,,,,,,,,,,,,,,
ALGT,82.49,123.63,56.64,90.13,101.4,78.87,38.6,-8.5,94.36,-12.6,-9.8,13.29,5.02,NON,NON,NON,OUI,NON,NON,NON,🔴 Rejet,91.53,97.19,,,,,,,,,,,,,,
ALIT,14.87,81.46,9.58,45.52,51.21,39.83,7.4,-67.3,17.11,-13.1,-4.8,23.96,1.18,NON,NON,NON,NON,NON,NON,NON,🔴 Rejet,16.6,17.63,,,,,,,,,,,,,,
ALK,41.73,65.88,33.03,49.45,55.64,43.27,26.5,-15.6,46.44,-10.1,-4.17,9.3,1.79,NON,NON,NON,NON,NON,NON,NON,🔴 Rejet,45.05,47.83,,,,,,,,,,,,,,
ALKS,48.85,55.67,25.17,40.42,45.47,35.37,77.6,20.9,50.34,-3.0,-2.63,6.77,1.63,OUI,NON,OUI,NON,NON,NON,NON,🔴 Rejet,48.83,51.85,,,,,,,,,,,,,,
ALL,259.11,277.22,185.28,231.25,260.16,202.34,80.3,12.0,259.3,-0.1,1.38,7.67,6.74,OUI,NON,NON,OUI,NON,NON,NON,🔴 Rejet,251.52,267.08,,,,,,,,,,,,,,
ALLE,162.65,181.67,124.49,153.08,172.21,133.94,66.7,6.3,156.67,3.8,5.71,4.9,3.75,NON,OUI,NON,OUI,NON,NON,NON,🔴 Rejet,151.97,161.37,,,,,,,,,,,,,,
ALLY,42.67,46.96,35.43,41.2,46.35,36.05,62.7,3.6,44.02,-3.1,-1.3,4.54,0.82,OUI,NON,NON,OUI,NON,NON,NON,🔴 Rejet,42.7,45.34,,,,,,,,,,,,,,
ALNY,235.46,495.55,197.81,346.68,390.01,303.34,12.6,-32.1,244.84,-3.8,-9.48,12.26,9.89,NON,NON,NON,NON,NON,NON,NON,🔴 Rejet,237.49,252.18,,,,,,,,,,,,,,
ALRM,57.83,59.53,41.49,50.51,56.82,44.2,90.6,14.5,54.81,5.5,4.13,5.39,1.43,OUI,OUI,OUI,NON,NON,NON,NON,🟡 Chasing - attendre pullback,53.17,56.46,,,,,,,,,,,,,,
ALSN,131.78,136.97,75.21,106.09,119.35,92.83,91.6,24.2,120.5,9.4,3.46,8.95,3.98,OUI,OUI,OUI,NON,NON,NON,NON,🟡 Chasing - attendre pullback,116.89,124.12,,,,,,,,,,,,,,
ALV,122.47,132.17,98.41,115.29,129.7,100.88,71.3,6.2,121.6,0.7,1.11,5.79,2.39,OUI,OUI,NON,OUI,OUI,NON,OUI,🟢 STRAT1: Zone mediane,117.95,125.25,122.47,6.1239,2.0413,183.7,125.0,251.06,262.5,146.96,132.27,115.12,115.12,45.0,387.5,8.61
AM,22.06,23.35,16.41,19.88,22.36,17.39,81.4,10.9,22.1,-0.2,-0.04,6.62,0.54,OUI,NON,NON,OUI,NON,NON,NON,🔴 Rejet,21.43,22.76,,,,,,,,,,,,,,
AMAT,485.7,738.88,153.62,446.25,502.03,390.47,56.7,8.8,525.21,-7.5,-6.07,11.61,26.19,OUI,NON,NON,OUI,NON,NON,NON,🔴 Rejet,509.45,540.96,,,,,,,,,,,,,,
AMBA,70.5,96.69,48.3,72.5,81.56,63.43,45.9,-2.8,75.08,-6.1,0.07,10.85,3.94,OUI,NON,NON,OUI,NON,NON,NON,🔴 Rejet,72.83,77.33,,,,,,,,,,,,,,
AMCR,47.77,49.46,35.66,42.56,47.88,37.24,87.8,12.3,45.74,4.4,2.63,5.96,1.19,OUI,OUI,NON,OUI,OUI,NON,NON,🟢 STRAT1: Zone mediane,44.37,47.11,47.77,15.7002,5.2334,71.66,125.0,97.93,262.5,57.32,51.59,44.9,44.9,45.0,387.5,8.61
AMD,457.88,584.73,149.22,366.97,412.85,321.1,70.9,24.8,493.87,-7.3,-3.84,12.48,21.73,OUI,NON,OUI,NON,NON,NON,NON,🔴 Rejet,479.05,508.69,,,,,,,,,,,,,,
AME,240.89,261.16,178.41,219.78,247.26,192.31,75.5,9.6,244.66,-1.5,1.97,4.38,4.94,OUI,NON,NON,OUI,NON,NON,NON,🔴 Rejet,237.32,252.0,,,,,,,,,,,,,,
AMG,359.88,392.91,218.19,305.55,343.74,267.36,81.1,17.8,364.83,-1.4,0.88,5.32,10.71,OUI,NON,OUI,NON,NON,NON,NON,🔴 Rejet,353.88,375.77,,,,,,,,,,,,,,
AMGN,443.51,443.87,262.49,353.18,397.33,309.03,99.8,25.6,394.6,12.4,5.53,6.66,11.47,OUI,OUI,OUI,NON,NON,NON,NON,🟡 Chasing - attendre pullback,382.76,406.44,,,,,,,,,,,,,,
AMH,34.77,35.07,26.95,31.01,34.89,27.13,96.3,12.1,33.94,2.5,0.47,3.54,0.54,OUI,OUI,NON,OUI,OUI,NON,NON,🟢 STRAT1: Zone mediane,32.92,34.96,34.77,21.5703,7.1901,52.16,125.0,71.28,262.5,41.72,37.55,32.68,32.68,45.0,387.5,8.61
AMKR,48.15,96.68,23.02,59.85,67.33,52.37,34.1,-19.6,56.78,-15.2,-9.85,16.52,3.45,NON,NON,NON,NON,NON,NON,NON,🔴 Rejet,55.08,58.48,,,,,,,,,,,,,,
AMN,34.1,37.22,14.97,26.1,29.36,22.83,86.0,30.7,33.94,0.5,1.05,22.49,1.96,OUI,OUI,OUI,NON,NON,OUI,NON,🟢 STRAT2: Pullback MM30,32.92,34.95,34.1,21.9941,7.3314,51.15,125.0,69.9,262.5,40.92,36.83,32.05,32.05,45.0,387.5,8.61
AMP,560.52,572.56,419.52,496.04,558.05,434.04,92.1,13.0,546.01,2.7,4.63,4.31,10.71,OUI,OUI,OUI,NON,NON,OUI,NON,🟢 STRAT2: Pullback MM30,529.63,562.39,560.52,1.338,0.446,840.78,125.0,1149.07,262.5,672.62,605.36,526.89,526.89,45.0,387.5,8.61
AMPX,9.87,24.23,6.66,15.44,17.37,13.51,18.3,-36.1,10.63,-7.2,-3.66,18.25,0.86,NON,NON,NON,NON,NON,NON,NON,🔴 Rejet,10.31,10.95,,,,,,,,,,,,,,
AMR,213.42,253.82,133.64,193.73,217.95,169.51,66.4,10.2,156.44,36.4,5.23,16.47,10.13,NON,OUI,NON,OUI,NON,NON,NON,🔴 Rejet,151.74,161.13,,,,,,,,,,,,,,
AMRC,20.94,44.93,18.38,31.65,35.61,27.7,9.6,-33.8,23.92,-12.5,-0.72,19.64,1.71,NON,NON,NON,NON,NON,NON,NON,🔴 Rejet,23.2,24.64,,,,,,,,,,,,,,
AMRZ,45.11,65.13,44.3,54.72,61.56,47.88,3.9,-17.6,48.33,-6.7,-3.86,11.26,1.55,NON,NON,NON,NON,NON,NON,NON,🔴 Rejet,46.88,49.78,,,,,,,,,,,,,,
AMS,1.46,3.11,1.25,2.18,2.45,1.91,11.3,-33.0,1.49,-2.2,0.13,10.52,0.07,NON,NON,NON,NON,NON,NON,NON,🔴 Rejet,1.45,1.54,,,,,,,,,,,,,,
AMT,178.16,206.8,160.06,183.43,206.36,160.5,38.7,-2.9,171.24,4.0,1.55,6.39,4.34,OUI,OUI,NON,OUI,OUI,NON,NON,🟢 STRAT1: Zone mediane,166.1,176.38,178.16,4.2097,1.4032,267.24,125.0,365.23,262.5,213.79,192.41,167.47,167.47,45.0,387.5,8.61
AMX,23.74,28.12,19.15,23.64,26.59,20.68,51.1,0.4,24.75,-4.1,-2.93,4.78,0.48,OUI,NON,NON,OUI,NON,NON,NON,🔴 Rejet,24.01,25.49,,,,,,,,,,,,,,
AMZN,261.82,287.2,196.0,241.6,271.8,211.4,72.2,8.4,256.57,2.0,2.64,5.26,6.14,OUI,OUI,NON,OUI,OUI,NON,OUI,🟢 STRAT1: Zone mediane,248.87,264.27,261.82,2.8646,0.9549,392.73,125.0,536.73,262.5,314.18,282.77,246.11,246.11,45.0,387.5,8.61
AN,197.27,235.81,176.62,206.21,231.99,180.44,34.9,-4.3,207.64,-5.0,2.25,5.2,5.58,NON,NON,NON,OUI,NON,NON,NON,🔴 Rejet,201.42,213.87,,,,,,,,,,,,,,
ANDE,65.6,81.87,37.15,59.51,66.95,52.07,63.6,10.2,71.27,-8.0,-1.33,10.4,2.72,OUI,NON,NON,OUI,NON,NON,NON,🔴 Rejet,69.13,73.41,,,,,,,,,,,,,,
ANDR,0.0,0.0,0.0,0.0,0.0,0.0,31.0,-35.5,0.0,0.0,0.0,0.0,0.0,NON,NON,NON,NON,NON,NON,NON,🔴 Rejet,0.0,0.0,,,,,,,,,,,,,,
ANET,187.94,214.89,114.52,164.7,185.29,144.12,73.1,14.1,183.62,2.4,4.13,12.06,9.29,OUI,OUI,OUI,NON,NON,OUI,OUI,🟢 STRAT2: Pullback MM30,178.11,189.13,187.94,3.9906,1.3302,281.91,125.0,385.28,262.5,225.53,202.98,176.66,176.66,45.0,387.5,8.61
ANF,111.43,133.11,65.45,99.28,111.69,86.87,68.0,12.2,103.71,7.4,6.25,10.37,4.84,OUI,OUI,NON,OUI,OUI,NON,OUI,🟢 STRAT1: Zone mediane,100.6,106.82,111.43,6.7307,2.2436,167.14,125.0,228.43,262.5,133.72,120.34,104.74,104.74,45.0,387.5,8.61
AOF,0.8,1.0,0.55,0.78,0.87,0.68,55.6,3.2,0.8,0.0,0.0,0.0,0.0,OUI,NON,NON,OUI,NON,NON,NON,🔴 Rejet,0.78,0.82,,,,,,,,,,,,,,
AON,358.59,381.47,303.1,342.28,385.07,299.5,70.8,4.8,358.65,-0.0,0.18,4.28,7.24,OUI,NON,NON,OUI,NON,NON,NON,🔴 Rejet,347.89,369.41,,,,,,,,,,,,,,
AOS,62.35,80.92,53.83,67.38,75.8,58.95,31.4,-7.5,61.43,1.5,0.93,7.22,1.48,NON,OUI,NON,OUI,NON,NON,NON,🔴 Rejet,59.59,63.28,,,,,,,,,,,,,,
APD,304.52,314.87,224.64,269.75,303.47,236.03,88.5,12.9,299.41,1.7,0.62,4.78,6.14,OUI,OUI,OUI,NON,NON,OUI,NON,🟢 STRAT2: Pullback MM30,290.43,308.39,304.52,2.4629,0.821,456.78,125.0,624.27,262.5,365.42,328.88,286.25,286.25,45.0,387.5,8.61
APG,40.72,49.99,33.4,41.7,46.91,36.48,44.2,-2.3,41.1,-0.9,0.87,6.49,1.05,NON,NON,NON,OUI,NON,NON,NON,🔴 Rejet,39.87,42.33,,,,,,,,,,,,,,
APH,155.66,178.52,104.74,141.63,159.33,123.92,69.0,9.9,159.88,-2.6,-0.38,8.72,5.77,OUI,NON,NON,OUI,NON,NON,NON,🔴 Rejet,155.08,164.67,,,,,,,,,,,,,,
APLD,27.01,50.72,13.16,31.94,35.94,27.95,36.9,-15.4,28.59,-5.5,-4.26,13.02,2.03,NON,NON,NON,NON,NON,NON,NON,🔴 Rejet,27.73,29.44,,,,,,,,,,,,,,
APO,132.64,151.39,98.72,125.06,140.69,109.42,64.4,6.1,127.46,4.1,4.75,10.91,4.71,NON,OUI,NON,OUI,NON,NON,NON,🔴 Rejet,123.64,131.29,,,,,,,,,,,,,,
APP,300.4,745.61,297.5,521.55,586.75,456.36,0.6,-42.4,373.61,-19.6,-15.62,21.06,19.03,NON,NON,NON,NON,NON,NON,NON,🔴 Rejet,362.4,384.81,,,,,,,,,,,,,,
APPF,225.89,288.73,142.56,215.65,242.6,188.69,57.0,4.7,190.28,18.7,7.07,10.58,8.95,OUI,OUI,NON,OUI,OUI,NON,NON,🟢 STRAT1: Zone mediane,184.57,195.98,225.89,3.3202,1.1067,338.84,125.0,463.07,262.5,271.07,243.96,212.34,212.34,45.0,387.5,8.61
APPN,39.36,46.06,18.63,32.34,36.39,28.3,75.6,21.7,30.36,29.6,15.62,16.61,2.32,OUI,OUI,OUI,NON,NON,NON,OUI,🟢 STRAT3: Phase 2 precoce,29.45,31.28,39.36,19.0549,6.3516,59.04,125.0,80.69,262.5,47.23,42.51,37.0,37.0,45.0,387.5,8.61
AR,37.85,45.75,29.1,37.43,42.1,32.75,52.6,1.1,35.6,6.3,2.59,9.53,1.08,OUI,OUI,NON,OUI,OUI,NON,NON,🟢 STRAT1: Zone mediane,34.53,36.67,37.85,19.8151,6.605,56.78,125.0,77.59,262.5,45.42,40.88,35.58,35.58,45.0,387.5,8.61
ARCC,20.0,20.44,16.97,18.7,21.04,16.37,87.3,6.9,19.37,3.3,2.3,4.25,0.3,OUI,OUI,NON,OUI,OUI,NON,NON,🟢 STRAT1: Zone mediane,18.78,19.95,20.0,37.5,12.5,30.0,125.0,41.0,262.5,24.0,21.6,18.8,18.8,45.0,387.5,8.61
ARE,54.15,83.17,38.9,61.04,68.67,53.41,34.4,-11.3,50.21,7.9,-0.56,13.37,2.04,NON,NON,NON,OUI,NON,NON,NON,🔴 Rejet,48.7,51.71,,,,,,,,,,,,,,
ARES,140.12,181.32,93.57,137.45,154.63,120.27,53.0,1.9,133.24,5.2,6.71,8.95,4.86,NON,OUI,NON,OUI,NON,NON,NON,🔴 Rejet,129.25,137.24,,,,,,,,,,,,,,
ARGX,1010.67,1058.69,658.6,858.64,965.98,751.31,88.0,17.7,897.58,12.6,1.69,17.11,36.48,OUI,OUI,OUI,NON,NON,NON,NON,🟡 Chasing - attendre pullback,870.65,924.5,,,,,,,,,,,,,,
ARM,239.0,452.7,100.02,276.36,310.91,241.82,39.4,-13.5,264.26,-9.6,-7.23,10.95,16.63,OUI,NON,NON,NON,NON,NON,NON,🔴 Rejet,256.33,272.18,,,,,,,,,,,,,,
ARMK,59.35,62.53,34.7,48.61,54.69,42.54,88.6,22.1,57.95,2.4,2.19,9.68,1.52,OUI,OUI,OUI,NON,NON,OUI,NON,🟢 STRAT2: Pullback MM30,56.21,59.69,59.35,12.6369,4.2123,89.02,125.0,121.67,262.5,71.22,64.1,55.79,55.79,45.0,387.5,8.61
ARRY,4.53,12.23,4.48,8.35,9.4,7.31,0.6,-45.8,5.41,-16.4,-10.15,12.66,0.35,NON,NON,NON,NON,NON,NON,NON,🔴 Rejet,5.25,5.57,,,,,,,,,,,,,,
ARW,202.3,237.33,101.79,169.56,190.76,148.37,74.2,19.3,211.64,-4.4,0.95,11.97,8.92,OUI,NON,OUI,NON,NON,NON,NON,🔴 Rejet,205.29,217.99,,,,,,,,,,,,,,
ARWR,86.39,95.49,20.44,57.97,65.21,50.72,87.9,49.0,84.21,2.6,2.25,6.64,2.92,OUI,OUI,OUI,NON,NON,OUI,NON,🟢 STRAT2: Pullback MM30,81.68,86.73,86.39,8.6816,2.8939,129.58,125.0,177.1,262.5,103.67,93.3,81.21,81.21,45.0,387.5,8.61
ARX,19.67,30.35,9.18,19.77,22.24,17.29,49.6,-0.5,14.74,33.5,13.69,43.56,0.75,OUI,OUI,NON,OUI,OUI,NON,NON,🟢 STRAT1: Zone mediane,14.3,15.18,19.67,38.1291,12.7097,29.51,125.0,40.32,262.5,23.6,21.24,18.49,18.49,45.0,387.5,8.61
ASAN,9.78,15.71,5.38,10.55,11.86,9.23,42.6,-7.2,8.45,15.9,8.97,16.43,0.55,NON,OUI,NON,OUI,NON,NON,NON,🔴 Rejet,8.19,8.7,,,,,,,,,,,,,,
ASB,31.0,32.46,23.23,27.84,31.32,24.36,84.2,11.4,31.22,-0.7,0.98,4.07,0.53,OUI,NON,NON,OUI,NON,NON,NON,🔴 Rejet,30.28,32.16,,,,,,,,,,,,,,
ASG,5.21,5.5,4.35,4.93,5.54,4.31,75.1,5.8,5.26,-0.8,0.5,3.22,0.07,OUI,NON,NON,OUI,NON,NON,NON,🔴 Rejet,5.1,5.42,,,,,,,,,,,,,,
ASH,73.66,78.25,45.3,61.77,69.5,54.05,86.1,19.2,71.28,3.3,3.79,6.9,2.07,OUI,OUI,OUI,NON,NON,NON,NON,🟡 Chasing - attendre pullback,69.14,73.42,,,,,,,,,,,,,,
ASM,7.31,11.99,3.82,7.9,8.89,6.92,42.7,-7.5,6.34,15.2,5.84,19.17,0.44,NON,OUI,NON,OUI,NON,NON,NON,🔴 Rejet,6.15,6.53,,,,,,,,,,,,,,
ASML,1753.11,1997.38,711.51,1354.45,1523.75,1185.14,81.0,29.4,1743.01,0.6,-0.24,8.13,55.98,OUI,NON,OUI,NON,NON,NON,NON,🔴 Rejet,1690.72,1795.3,,,,,,,,,,,,,,
ASND,251.74,282.15,186.05,234.1,263.36,204.84,68.4,7.5,252.96,-0.5,-2.26,7.13,8.23,OUI,NON,NON,OUI,NON,NON,NON,🔴 Rejet,245.37,260.55,,,,,,,,,,,,,,
ASO,46.12,62.08,40.95,51.52,57.95,45.08,24.4,-10.5,47.96,-3.8,0.68,8.11,1.72,NON,NON,NON,OUI,NON,NON,NON,🔴 Rejet,46.52,49.4,,,,,,,,,,,,,,
ASR,260.78,374.42,255.93,315.18,354.57,275.78,4.1,-17.3,271.45,-3.9,-3.81,4.41,6.25,NON,NON,NON,NON,NON,NON,NON,🔴 Rejet,263.31,279.59,,,,,,,,,,,,,,
ASTS,63.01,133.86,36.08,84.97,95.59,74.35,27.5,-25.8,64.38,-2.1,-5.0,16.43,4.67,NON,NON,NON,NON,NON,NON,NON,🔴 Rejet,62.45,66.31,,,,,,,,,,,,,,
ASX,36.33,45.27,9.46,27.37,30.79,23.95,75.0,32.7,37.57,-3.3,-3.54,11.55,1.79,OUI,NON,OUI,NON,NON,NON,NON,🔴 Rejet,36.44,38.7,,,,,,,,,,,,,,
ATAT,34.88,42.48,30.77,36.63,41.21,32.05,35.1,-4.8,33.88,3.0,2.57,12.22,1.19,NON,OUI,NON,OUI,NON,NON,NON,🔴 Rejet,32.86,34.9,,,,,,,,,,,,,,
ATHM,21.72,28.89,15.03,21.96,24.7,19.21,48.3,-1.1,22.26,-2.4,5.11,6.39,0.72,NON,NON,NON,OUI,NON,NON,NON,🔴 Rejet,21.59,22.93,,,,,,,,,,,,,,
ATI,208.1,243.57,71.94,157.76,177.47,138.04,79.3,31.9,205.03,1.5,5.48,11.89,10.02,OUI,OUI,OUI,NON,NON,OUI,OUI,🟢 STRAT2: Pullback MM30,198.88,211.18,208.1,3.604,1.2013,312.15,125.0,426.6,262.5,249.72,224.75,195.61,195.61,45.0,387.5,8.61
ATKR,93.64,93.81,53.32,73.57,82.76,64.37,99.6,27.3,84.13,11.3,9.62,0.28,0.23,OUI,OUI,OUI,NON,NON,NON,NON,🟡 Chasing - attendre pullback,81.61,86.65,,,,,,,,,,,,,,
ATO,167.7,191.43,157.42,174.42,196.22,152.62,30.2,-3.9,173.43,-3.3,-1.15,3.03,2.71,OUI,NON,NON,OUI,NON,NON,NON,🔴 Rejet,168.23,178.63,,,,,,,,,,,,,,
ATR,134.76,145.82,102.07,123.94,139.43,108.45,74.7,8.7,132.99,1.3,2.06,2.84,2.62,OUI,OUI,NON,OUI,OUI,NON,OUI,🟢 STRAT1: Zone mediane,129.0,136.98,134.76,5.5654,1.8551,202.14,125.0,276.26,262.5,161.71,145.54,126.67,126.67,45.0,387.5,8.61
ATS,19.17,35.82,19.05,27.43,30.86,24.0,0.7,-30.1,24.02,-20.2,-10.04,28.07,1.32,NON,NON,NON,NON,NON,NON,NON,🔴 Rejet,23.3,24.74,,,,,,,,,,,,,,
AU,119.36,124.69,49.94,87.32,98.23,76.4,92.9,36.7,89.01,34.1,9.45,17.17,5.35,OUI,OUI,OUI,NON,NON,NON,NON,🟡 Chasing - attendre pullback,86.34,91.68,,,,,,,,,,,,,,
AUGO,87.63,108.18,26.43,67.3,75.72,58.89,74.9,30.2,64.93,35.0,10.61,20.52,4.76,OUI,OUI,OUI,NON,NON,NON,OUI,🟢 STRAT3: Phase 2 precoce,62.98,66.88,87.63,8.5587,2.8529,131.44,125.0,179.64,262.5,105.16,94.64,82.37,82.37,45.0,387.5,8.61
AUR,5.7,8.56,3.6,6.08,6.84,5.32,42.3,-6.3,6.43,-11.3,-0.04,16.94,0.4,OUI,NON,NON,OUI,NON,NON,NON,🔴 Rejet,6.23,6.62,,,,,,,,,,,,,,
AVA,37.93,42.56,33.82,38.19,42.96,33.42,47.0,-0.7,39.6,-4.2,-2.06,3.38,0.7,NON,NON,NON,OUI,NON,NON,NON,🔴 Rejet,38.41,40.79,,,,,,,,,,,,,,
AVAV,149.44,417.86,135.2,276.53,311.1,241.96,5.0,-46.0,162.92,-8.3,3.61,16.62,11.04,NON,NON,NON,NON,NON,NON,NON,🔴 Rejet,158.03,167.81,,,,,,,,,,,,,,
AVGO,360.99,494.22,285.08,389.65,438.36,340.94,36.3,-7.4,391.56,-7.8,0.62,8.37,13.51,OUI,NON,NON,OUI,NON,NON,NON,🔴 Rejet,379.81,403.31,,,,,,,,,,,,,,
AVNT,44.4,46.64,26.82,36.73,41.32,32.14,88.7,20.9,40.35,10.0,7.16,15.51,1.77,OUI,OUI,OUI,NON,NON,NON,NON,🟡 Chasing - attendre pullback,39.14,41.56,,,,,,,,,,,,,,
AVPT,13.31,16.77,8.84,12.8,14.4,11.2,56.4,4.0,13.04,2.1,3.45,8.61,0.45,OUI,OUI,NON,OUI,OUI,NON,NON,🟢 STRAT1: Zone mediane,12.65,13.43,13.31,56.3486,18.7829,19.96,125.0,27.29,262.5,15.97,14.37,12.51,12.51,45.0,387.5,8.61
AVT,86.28,100.0,43.52,71.76,80.73,62.79,75.7,20.2,90.58,-4.8,2.86,10.91,4.48,OUI,NON,OUI,NON,NON,NON,NON,🔴 Rejet,87.86,93.3,,,,,,,,,,,,,,
AVTR,14.28,15.93,7.26,11.6,13.05,10.15,81.0,23.1,12.89,10.8,10.56,7.59,0.43,OUI,OUI,OUI,NON,NON,NON,OUI,🟢 STRAT3: Phase 2 precoce,12.5,13.27,14.28,52.521,17.507,21.42,125.0,29.27,262.5,17.14,15.42,13.42,13.42,45.0,387.5,8.61
AVY,183.05,197.29,151.71,174.5,196.31,152.69,68.8,4.9,170.88,7.1,3.71,4.39,4.84,NON,OUI,NON,OUI,NON,NON,NON,🔴 Rejet,165.76,176.01,,,,,,,,,,,,,,
AWK,139.27,143.91,118.82,131.37,147.79,114.94,81.5,6.0,134.4,3.6,1.21,4.69,2.82,OUI,OUI,NON,OUI,OUI,NON,OUI,🟢 STRAT1: Zone mediane,130.37,138.44,139.27,5.3852,1.7951,208.91,125.0,285.5,262.5,167.12,150.41,130.91,130.91,45.0,387.5,8.61
AWR,90.64,90.81,67.63,79.22,89.12,69.32,99.3,14.4,86.86,4.4,2.11,3.71,1.6,OUI,OUI,OUI,NON,NON,NON,NON,🟡 Chasing - attendre pullback,84.25,89.46,,,,,,,,,,,,,,
AXON,602.36,794.29,339.01,566.65,637.48,495.82,57.8,6.3,566.11,6.4,2.16,22.4,41.07,OUI,OUI,NON,OUI,OUI,NON,NON,🟢 STRAT1: Zone mediane,549.13,583.09,602.36,1.2451,0.415,903.54,125.0,1234.84,262.5,722.83,650.55,566.22,566.22,45.0,387.5,8.61
AXP,337.71,384.36,289.26,336.81,378.91,294.71,51.0,0.3,342.65,-1.4,-0.77,4.44,6.29,NON,NON,NON,OUI,NON,NON,NON,🔴 Rejet,332.37,352.93,,,,,,,,,,,,,,
AXTA,36.19,38.61,24.94,31.77,35.75,27.8,82.3,13.9,35.24,2.7,2.73,6.44,0.85,OUI,OUI,OUI,NON,NON,OUI,OUI,🟢 STRAT2: Pullback MM30,34.18,36.3,36.19,20.724,6.908,54.28,125.0,74.19,262.5,43.43,39.09,34.02,34.02,45.0,387.5,8.61
AYI,338.94,379.43,256.71,318.07,357.83,278.31,67.0,6.6,342.78,-1.1,0.28,6.43,8.99,OUI,NON,NON,OUI,NON,NON,NON,🔴 Rejet,332.49,353.06,,,,,,,,,,,,,,
AZN,166.46,210.52,144.3,177.41,199.58,155.23,33.5,-6.2,164.6,1.1,-4.67,5.71,3.38,NON,NON,NON,OUI,NON,NON,NON,🔴 Rejet,159.66,169.53,,,,,,,,,,,,,,
AZO,2981.06,4388.11,2902.2,3645.15,4100.8,3189.51,5.3,-18.2,3030.15,-1.6,-0.84,5.43,78.32,NON,NON,NON,NON,NON,NON,NON,🔴 Rejet,2939.24,3121.05,,,,,,,,,,,,,,
AZTA,33.49,41.73,15.93,28.83,32.43,25.23,68.1,16.2,30.48,9.9,10.7,16.73,1.82,NON,OUI,OUI,NON,NON,NON,NON,🔴 Rejet,29.56,31.39,,,,,,,,,,,,,,
AZZ,139.53,161.93,92.36,127.14,143.03,111.25,67.8,9.7,148.46,-6.0,-0.23,6.16,4.25,OUI,NON,NON,OUI,NON,NON,NON,🔴 Rejet,144.01,152.91,,,,,,,,,,,,,,
B,47.94,54.01,24.72,39.36,44.28,34.44,79.3,21.8,39.6,21.1,5.97,13.74,1.86,NON,OUI,OUI,NON,NON,NON,NON,🔴 Rejet,38.41,40.79,,,,,,,,,,,,,,
BA,210.18,254.35,176.77,215.56,242.51,188.62,43.1,-2.5,221.23,-5.0,0.13,5.4,5.16,NON,NON,NON,OUI,NON,NON,NON,🔴 Rejet,214.59,227.86,,,,,,,,,,,,,,
BABA,118.3,190.92,91.99,141.45,159.13,123.77,26.6,-16.4,121.62,-2.7,6.49,11.17,4.36,NON,NON,NON,NON,NON,NON,NON,🔴 Rejet,117.97,125.27,,,,,,,,,,,,,,
BAC,62.51,65.23,45.88,55.56,62.5,48.61,86.0,12.5,62.48,0.1,2.53,4.02,1.06,OUI,OUI,OUI,NON,NON,OUI,NON,🟢 STRAT2: Pullback MM30,60.61,64.36,62.51,11.9981,3.9994,93.76,125.0,128.15,262.5,75.01,67.51,58.76,58.76,45.0,387.5,8.61
BAH,75.68,108.99,59.05,84.02,94.52,73.52,33.3,-9.9,71.59,5.7,7.52,8.62,2.72,NON,OUI,NON,OUI,NON,NON,NON,🔴 Rejet,69.44,73.74,,,,,,,,,,,,,,
BAK,1.85,5.39,1.83,3.61,4.06,3.16,0.4,-48.9,2.26,-18.2,-6.58,13.12,0.15,NON,NON,NON,NON,NON,NON,NON,🔴 Rejet,2.19,2.32,,,,,,,,,,,,,,
BALL,64.12,67.84,44.35,56.1,63.11,49.08,84.2,14.3,63.14,1.6,0.27,3.55,1.17,OUI,OUI,OUI,NON,NON,OUI,OUI,🟢 STRAT2: Pullback MM30,61.24,65.03,64.12,11.6968,3.8989,96.18,125.0,131.45,262.5,76.94,69.25,60.27,60.27,45.0,387.5,8.61
BAM,52.38,60.78,41.77,51.27,57.68,44.86,55.8,2.2,50.43,3.9,5.16,8.73,1.52,OUI,OUI,NON,OUI,OUI,NON,NON,🟢 STRAT1: Zone mediane,48.91,51.94,52.38,14.3184,4.7728,78.57,125.0,107.38,262.5,62.86,56.57,49.24,49.24,45.0,387.5,8.61
BANR,71.28,74.84,56.17,65.51,73.7,57.32,80.9,8.8,70.89,0.5,2.83,4.18,1.33,OUI,OUI,NON,OUI,OUI,NON,OUI,🟢 STRAT1: Zone mediane,68.77,73.02,71.28,10.5219,3.5073,106.92,125.0,146.12,262.5,85.54,76.98,67.0,67.0,45.0,387.5,8.61
BAP,380.2,413.25,220.05,316.65,356.23,277.07,82.9,20.1,386.11,-1.5,-1.19,6.03,12.3,OUI,NON,OUI,NON,NON,NON,NON,🔴 Rejet,374.52,397.69,,,,,,,,,,,,,,
BAX,26.27,30.0,15.72,22.86,25.72,20.0,73.9,14.9,25.25,4.1,6.03,6.59,0.85,OUI,OUI,OUI,NON,NON,NON,OUI,🟢 STRAT3: Phase 2 precoce,24.49,26.0,26.27,28.5497,9.5166,39.4,125.0,53.85,262.5,31.52,28.37,24.69,24.69,45.0,387.5,8.61
BB,7.7,13.59,3.12,8.36,9.4,7.31,43.7,-7.8,8.76,-12.1,-10.55,7.51,0.4,OUI,NON,NON,OUI,NON,NON,NON,🔴 Rejet,8.5,9.03,,,,,,,,,,,,,,
BBAI,3.07,9.39,2.59,5.99,6.74,5.24,7.1,-48.7,3.02,1.6,-2.56,14.1,0.15,NON,NON,NON,NON,NON,NON,NON,🔴 Rejet,2.93,3.11,,,,,,,,,,,,,,
BBAR,14.73,22.29,7.62,14.96,16.83,13.09,48.4,-1.5,17.68,-16.7,-8.12,9.31,0.84,NON,NON,NON,OUI,NON,NON,NON,🔴 Rejet,17.15,18.21,,,,,,,,,,,,,,
BBD,3.14,4.2,2.77,3.48,3.92,3.05,25.9,-9.9,3.41,-7.9,-3.26,7.0,0.09,NON,NON,NON,OUI,NON,NON,NON,🔴 Rejet,3.31,3.51,,,,,,,,,,,,,,
BBVA,29.24,29.32,16.92,23.12,26.01,20.23,99.4,26.5,27.38,6.8,4.19,2.0,0.35,OUI,OUI,OUI,NON,NON,NON,NON,🟡 Chasing - attendre pullback,26.56,28.2,,,,,,,,,,,,,,
BBWI,19.17,30.98,13.86,22.42,25.22,19.62,31.0,-14.5,19.74,-2.9,-3.44,12.21,0.89,NON,NON,NON,NON,NON,NON,NON,🔴 Rejet,19.15,20.34,,,,,,,,,,,,,,
BBY,87.68,91.27,54.38,72.82,81.93,63.72,90.3,20.4,85.65,2.4,2.85,9.28,2.79,OUI,OUI,OUI,NON,NON,OUI,NON,🟢 STRAT2: Pullback MM30,83.08,88.21,87.68,8.5538,2.8513,131.52,125.0,179.74,262.5,105.22,94.69,82.42,82.42,45.0,387.5,8.61
BCC,82.07,91.43,64.57,78.0,87.75,68.25,65.1,5.2,80.55,1.9,3.31,6.82,2.64,NON,OUI,NON,OUI,NON,NON,NON,🔴 Rejet,78.13,82.96,,,,,,,,,,,,,,
BCH,43.11,44.09,26.64,35.36,39.78,30.94,94.4,21.9,41.13,4.8,1.17,6.01,1.02,OUI,OUI,OUI,NON,NON,NON,NON,🟡 Chasing - attendre pullback,39.89,42.36,,,,,,,,,,,,,,
BCO,111.67,135.75,90.86,113.31,127.47,99.14,46.4,-1.4,115.55,-3.4,3.28,7.05,3.98,NON,NON,NON,OUI,NON,NON,NON,🔴 Rejet,112.08,119.02,,,,,,,,,,,,,,
BCPC,179.45,183.9,138.32,161.11,181.25,140.97,90.2,11.4,171.41,4.7,2.52,4.3,3.84,OUI,OUI,NON,OUI,OUI,NON,NON,🟢 STRAT1: Zone mediane,166.27,176.55,179.45,4.1794,1.3931,269.17,125.0,367.87,262.5,215.34,193.81,168.68,168.68,45.0,387.5,8.61
BCS,27.02,28.37,18.85,23.61,26.56,20.66,85.8,14.4,27.5,-1.7,0.51,4.05,0.4,OUI,NON,OUI,NON,NON,NON,NON,🔴 Rejet,26.67,28.32,,,,,,,,,,,,,,
BDC,117.5,159.86,98.0,128.93,145.04,112.81,31.5,-8.9,118.54,-0.9,5.66,9.47,4.66,OUI,NON,NON,OUI,NON,NON,NON,🔴 Rejet,114.98,122.1,,,,,,,,,,,,,,
BDX,190.84,193.04,125.21,159.12,179.01,139.23,96.7,19.9,170.5,11.9,6.56,5.86,4.53,OUI,OUI,OUI,NON,NON,NON,NON,🟡 Chasing - attendre pullback,165.38,175.61,,,,,,,,,,,,,,
BE,207.55,351.28,44.64,197.96,222.7,173.21,53.1,4.8,213.11,-2.6,-7.5,18.42,19.7,OUI,NON,NON,OUI,NON,NON,NON,🔴 Rejet,206.72,219.51,,,,,,,,,,,,,,
BEAM,28.56,38.26,16.02,27.14,30.53,23.75,56.4,5.2,27.26,4.7,-7.98,13.34,1.41,NON,NON,NON,OUI,NON,NON,NON,🔴 Rejet,26.45,28.08,,,,,,,,,,,,,,
BEKE,17.83,20.6,13.81,17.2,19.35,15.05,59.1,3.6,16.94,5.2,4.26,9.23,0.51,NON,OUI,NON,OUI,NON,NON,NON,🔴 Rejet,16.43,17.45,,,,,,,,,,,,,,
BEN,34.59,36.28,20.32,28.3,31.84,24.76,89.4,22.2,33.59,3.0,0.28,4.3,0.72,OUI,OUI,OUI,NON,NON,OUI,NON,🟢 STRAT2: Pullback MM30,32.58,34.6,34.59,21.6826,7.2275,51.89,125.0,70.91,262.5,41.51,37.36,32.51,32.51,45.0,387.5,8.61
BFAM,74.31,124.25,57.63,90.94,102.31,79.57,25.0,-18.3,74.64,-0.4,-0.69,6.51,2.28,NON,NON,NON,NON,NON,NON,NON,🔴 Rejet,72.4,76.87,,,,,,,,,,,,,,
BFH,105.85,114.53,53.34,83.94,94.43,73.44,85.8,26.1,106.57,-0.7,2.42,7.59,3.15,OUI,NON,OUI,NON,NON,NON,NON,🔴 Rejet,103.38,109.77,,,,,,,,,,,,,,
BG,109.73,134.02,74.11,104.07,117.08,91.06,59.5,5.4,113.15,-3.0,0.84,7.07,3.29,NON,NON,NON,OUI,NON,NON,NON,🔴 Rejet,109.75,116.54,,,,,,,,,,,,,,
BHC,6.58,8.0,4.33,6.16,6.94,5.39,61.3,6.7,5.75,14.5,10.91,13.01,0.34,OUI,OUI,NON,OUI,OUI,NON,OUI,🟢 STRAT1: Zone mediane,5.57,5.92,6.58,113.9818,37.9939,9.87,125.0,13.49,262.5,7.9,7.11,6.19,6.19,45.0,387.5,8.61
BHE,71.76,100.41,35.59,68.0,76.5,59.5,55.8,5.5,79.93,-10.2,-3.91,10.45,3.39,OUI,NON,NON,OUI,NON,NON,NON,🔴 Rejet,77.53,82.33,,,,,,,,,,,,,,
BHF,51.66,66.8,42.07,54.44,61.24,47.63,38.8,-5.1,60.7,-14.9,-4.8,6.28,1.76,NON,NON,NON,OUI,NON,NON,NON,🔴 Rejet,58.88,62.52,,,,,,,,,,,,,,
BHP,97.0,97.83,50.83,74.33,83.62,65.04,98.2,30.5,86.97,11.5,3.81,7.4,2.35,OUI,OUI,OUI,NON,NON,NON,NON,🟡 Chasing - attendre pullback,84.36,89.58,,,,,,,,,,,,,,
BIDU,92.03,165.3,88.14,126.72,142.56,110.88,5.0,-27.4,105.44,-12.7,-4.99,13.22,3.52,NON,NON,NON,NON,NON,NON,NON,🔴 Rejet,102.27,108.6,,,,,,,,,,,,,,
BIIB,216.84,222.15,131.52,176.83,198.94,154.73,94.1,22.6,206.54,5.0,0.72,6.74,5.39,OUI,OUI,OUI,NON,NON,NON,NON,🟡 Chasing - attendre pullback,200.35,212.74,,,,,,,,,,,,,,
BILI,16.53,36.4,15.79,26.1,29.36,22.83,3.6,-36.7,17.97,-8.0,-0.6,9.09,0.54,NON,NON,NON,NON,NON,NON,NON,🔴 Rejet,17.43,18.51,,,,,,,,,,,,,,
BILL,48.05,57.21,31.41,44.31,49.85,38.77,64.5,8.4,46.56,3.2,7.02,9.18,2.18,NON,OUI,NON,OUI,NON,NON,NON,🔴 Rejet,45.17,47.96,,,,,,,,,,,,,,
BIO,379.68,385.92,236.73,311.33,350.24,272.41,95.8,22.0,335.86,13.0,7.45,7.12,11.93,OUI,OUI,OUI,NON,NON,NON,NON,🟡 Chasing - attendre pullback,325.78,345.93,,,,,,,,,,,,,,
BJ,99.27,105.78,83.21,94.5,106.31,82.68,71.2,5.1,94.56,5.0,2.22,7.64,2.6,NON,OUI,NON,OUI,NON,NON,NON,🔴 Rejet,91.72,97.39,,,,,,,,,,,,,,
BKE,43.69,56.73,40.39,48.56,54.63,42.49,20.2,-10.0,44.04,-0.8,1.75,5.06,1.2,NON,NON,NON,OUI,NON,NON,NON,🔴 Rejet,42.72,45.36,,,,,,,,,,,,,,
BKH,72.3,77.21,55.88,66.55,74.86,58.23,77.0,8.6,73.05,-1.0,-0.17,4.45,1.47,OUI,NON,NON,OUI,NON,NON,NON,🔴 Rejet,70.85,75.24,,,,,,,,,,,,,,
BKNG,213.59,229.86,149.76,189.81,213.54,166.08,79.7,12.5,197.43,8.2,5.61,8.96,6.93,OUI,OUI,OUI,NON,NON,NON,OUI,🟢 STRAT3: Phase 2 precoce,191.5,203.35,213.59,3.5114,1.1705,320.38,125.0,437.86,262.5,256.31,230.68,200.77,200.77,45.0,387.5,8.61
BKR,62.39,69.92,42.94,56.43,63.48,49.37,72.1,10.6,60.48,3.1,4.89,6.44,1.52,OUI,OUI,NON,OUI,OUI,NON,OUI,🟢 STRAT1: Zone mediane,58.67,62.3,62.39,12.0212,4.0071,93.58,125.0,127.9,262.5,74.87,67.38,58.65,58.65,45.0,387.5,8.61
BKT,10.39,10.8,9.96,10.38,11.67,9.08,51.5,0.1,10.32,0.7,-0.06,1.55,0.14,NON,NON,NON,OUI,NON,NON,NON,🔴 Rejet,10.01,10.63,,,,,,,,,,,,,,
BKU,46.29,51.39,34.38,42.89,48.25,37.53,70.0,7.9,47.19,-1.9,-0.68,4.1,0.88,NON,NON,NON,OUI,NON,NON,NON,🔴 Rejet,45.77,48.6,,,,,,,,,,,,,,
BL,31.99,59.57,24.7,42.14,47.4,36.87,20.9,-24.1,30.34,5.4,1.65,16.24,1.65,NON,OUI,NON,NON,NON,NON,NON,🔴 Rejet,29.43,31.25,,,,,,,,,,,,,,
BLCO,17.28,18.92,13.77,16.34,18.38,14.3,68.3,5.8,16.65,3.8,0.79,4.95,0.45,OUI,OUI,NON,OUI,OUI,NON,OUI,🟢 STRAT1: Zone mediane,16.15,17.15,17.28,43.4028,14.4676,25.92,125.0,35.42,262.5,20.74,18.66,16.24,16.24,45.0,387.5,8.61
BLDR,71.18,151.03,65.1,108.06,121.57,94.56,7.1,-34.1,72.19,-1.4,-4.09,13.32,3.28,NON,NON,NON,NON,NON,NON,NON,🔴 Rejet,70.03,74.36,,,,,,,,,,,,,,
BLK,1168.84,1200.54,912.25,1056.4,1188.45,924.35,89.0,10.6,1110.93,5.2,5.06,4.56,20.24,OUI,OUI,NON,OUI,OUI,NON,NON,🟢 STRAT1: Zone mediane,1077.6,1144.26,1168.84,0.6417,0.2139,1753.26,125.0,2396.12,262.5,1402.61,1262.35,1098.71,1098.71,45.0,387.5,8.61
BLKB,48.33,70.71,25.58,48.14,54.16,42.13,50.4,0.4,40.44,19.5,15.27,8.52,1.96,NON,OUI,NON,OUI,NON,NON,NON,🔴 Rejet,39.23,41.65,,,,,,,,,,,,,,
BMA,76.77,103.0,36.86,69.93,78.67,61.19,60.3,9.8,86.33,-11.1,-5.27,10.14,4.18,NON,NON,NON,OUI,NON,NON,NON,🔴 Rejet,83.74,88.92,,,,,,,,,,,,,,
BMBL,2.8,7.32,2.54,4.93,5.55,4.31,5.3,-43.3,2.86,-2.4,-4.54,13.56,0.16,NON,NON,NON,NON,NON,NON,NON,🔴 Rejet,2.78,2.95,,,,,,,,,,,,,,
BMED,34.27,34.79,25.72,30.26,34.04,26.48,94.2,13.3,31.71,8.1,2.35,7.35,0.44,OUI,OUI,OUI,NON,NON,NON,NON,🟡 Chasing - attendre pullback,30.76,32.66,,,,,,,,,,,,,,
BMI,133.7,202.32,111.72,157.02,176.64,137.39,24.3,-14.9,135.25,-1.1,-3.31,7.75,4.15,NON,NON,NON,NON,NON,NON,NON,🔴 Rejet,131.19,139.31,,,,,,,,,,,,,,
BMRN,65.25,70.98,49.26,60.12,67.64,52.61,73.6,8.5,62.98,3.6,4.97,11.31,2.4,OUI,OUI,NON,OUI,OUI,NON,OUI,🟢 STRAT1: Zone mediane,61.09,64.87,65.25,11.4943,3.8314,97.88,125.0,133.76,262.5,78.3,70.47,61.33,61.33,45.0,387.5,8.61
BMY,67.2,68.64,41.13,54.89,61.75,48.02,94.8,22.4,63.48,5.9,4.26,7.19,1.63,OUI,OUI,OUI,NON,NON,NON,NON,🟡 Chasing - attendre pullback,61.57,65.38,,,,,,,,,,,,,,
BN,41.85,49.4,37.87,43.64,49.09,38.18,34.5,-4.1,43.05,-2.8,-0.11,4.84,0.99,NON,NON,NON,OUI,NON,NON,NON,🔴 Rejet,41.76,44.34,,,,,,,,,,,,,,
BNL,21.11,23.1,16.42,19.76,22.23,17.29,70.3,6.8,21.64,-2.4,-0.36,4.73,0.41,OUI,NON,NON,OUI,NON,NON,NON,🔴 Rejet,20.99,22.29,,,,,,,,,,,,,,
BNR,10.32,41.72,6.79,24.26,27.29,21.22,10.1,-57.5,9.39,9.9,-1.98,28.59,0.83,NON,NON,NON,NON,NON,NON,NON,🔴 Rejet,9.11,9.67,,,,,,,,,,,,,,
BNTX,113.24,124.0,79.52,101.76,114.48,89.04,75.8,11.3,94.85,19.4,2.66,23.11,4.82,NON,OUI,NON,OUI,NON,NON,NON,🔴 Rejet,92.0,97.69,,,,,,,,,,,,,,
BNY,162.12,165.69,99.97,132.83,149.43,116.23,94.6,22.0,158.86,2.1,2.83,4.79,2.83,OUI,OUI,OUI,NON,NON,OUI,NON,🟢 STRAT2: Pullback MM30,154.09,163.62,162.12,4.6262,1.5421,243.18,125.0,332.35,262.5,194.54,175.09,152.39,152.39,45.0,387.5,8.61
BOH,77.17,86.31,57.68,72.0,81.0,63.0,68.1,7.2,80.79,-4.5,-1.36,2.85,1.18,OUI,NON,NON,OUI,NON,NON,NON,🔴 Rejet,78.36,83.21,,,,,,,,,,,,,,
BOKF,141.04,146.2,100.85,123.53,138.97,108.09,88.6,14.2,141.87,-0.6,1.11,3.25,1.96,OUI,NON,OUI,NON,NON,NON,NON,🔴 Rejet,137.61,146.12,,,,,,,,,,,,,,
BOX,33.25,33.88,21.34,27.61,31.06,24.16,95.0,20.4,31.6,5.2,5.22,7.94,0.99,OUI,OUI,OUI,NON,NON,NON,NON,🟡 Chasing - attendre pullback,30.66,32.55,,,,,,,,,,,,,,
BP,43.82,47.14,31.12,39.13,44.02,34.24,79.3,12.0,42.54,3.0,4.64,6.83,0.95,OUI,OUI,NON,OUI,OUI,NON,OUI,🟢 STRAT1: Zone mediane,41.26,43.82,43.82,17.1155,5.7052,65.73,125.0,89.83,262.5,52.58,47.33,41.19,41.19,45.0,387.5,8.61
BPOP,169.06,179.24,106.89,143.06,160.95,125.18,85.9,18.2,173.37,-2.5,1.15,3.94,3.26,OUI,NON,OUI,NON,NON,NON,NON,🔴 Rejet,168.17,178.57,,,,,,,,,,,,,,
BR,185.47,258.78,133.83,196.3,220.84,171.77,41.3,-5.5,161.49,14.8,6.59,7.69,5.5,NON,OUI,NON,OUI,NON,NON,NON,🔴 Rejet,156.64,166.33,,,,,,,,,,,,,,
BRBR,10.78,43.02,7.82,25.42,28.6,22.24,8.4,-57.6,11.92,-9.5,-6.2,13.01,0.63,NON,NON,NON,NON,NON,NON,NON,🔴 Rejet,11.56,12.27,,,,,,,,,,,,,,
BRKR,57.57,65.3,28.39,46.84,52.7,40.99,79.1,22.9,58.57,-1.7,-0.93,10.75,2.63,OUI,NON,OUI,NON,NON,NON,NON,🔴 Rejet,56.81,60.32,,,,,,,,,,,,,,
BRO,74.21,96.79,53.69,75.24,84.64,65.83,47.6,-1.4,70.21,5.7,1.87,4.93,1.81,NON,OUI,NON,OUI,NON,NON,NON,🔴 Rejet,68.1,72.32,,,,,,,,,,,,,,
BROS,51.8,74.65,44.58,59.62,67.07,52.16,24.0,-13.1,58.98,-12.2,-9.42,21.42,2.8,NON,NON,NON,NON,NON,NON,NON,🔴 Rejet,57.21,60.75,,,,,,,,,,,,,,
BRSL,11.92,17.28,9.7,13.49,15.18,11.8,29.3,-11.6,10.78,10.6,2.1,8.52,0.41,NON,OUI,NON,OUI,NON,NON,NON,🔴 Rejet,10.45,11.1,,,,,,,,,,,,,,
BSAC,36.1,36.25,22.21,29.23,32.88,25.57,98.9,23.5,34.43,4.8,1.58,5.66,0.85,OUI,OUI,OUI,NON,NON,NON,NON,🟡 Chasing - attendre pullback,33.4,35.46,,,,,,,,,,,,,,
BSBR,5.79,7.05,4.7,5.87,6.61,5.14,46.5,-1.4,5.51,5.2,3.72,4.6,0.13,NON,OUI,NON,OUI,NON,NON,NON,🔴 Rejet,5.34,5.67,,,,,,,,,,,,,,
BSX,49.01,109.5,42.2,75.85,85.33,66.37,10.1,-35.4,47.52,3.1,4.8,9.1,1.72,NON,OUI,NON,NON,NON,NON,NON,🔴 Rejet,46.09,48.94,,,,,,,,,,,,,,
BSY,37.8,56.94,28.08,42.51,47.82,37.2,33.7,-11.1,34.51,9.5,4.7,7.86,1.49,NON,OUI,NON,OUI,NON,NON,NON,🔴 Rejet,33.48,35.55,,,,,,,,,,,,,,
BTI,56.58,66.38,47.85,57.12,64.25,49.98,47.1,-0.9,59.2,-4.4,-2.2,6.25,1.17,NON,NON,NON,OUI,NON,NON,NON,🔴 Rejet,57.42,60.97,,,,,,,,,,,,,,
BTSG,59.99,73.75,22.86,48.31,54.34,42.27,73.0,24.2,64.89,-7.5,-5.09,9.69,2.32,OUI,NON,OUI,NON,NON,NON,NON,🔴 Rejet,62.94,66.83,,,,,,,,,,,,,,
BTU,28.0,40.88,15.63,28.26,31.79,24.72,49.0,-0.9,23.85,17.4,4.4,10.09,1.11,NON,OUI,NON,OUI,NON,NON,NON,🔴 Rejet,23.14,24.57,,,,,,,,,,,,,,
BURL,327.65,378.33,240.49,309.41,348.09,270.73,63.2,5.9,353.41,-7.3,2.24,5.3,9.98,OUI,NON,NON,OUI,NON,NON,NON,🔴 Rejet,342.81,364.01,,,,,,,,,,,,,,
BWA,64.27,78.82,40.13,59.47,66.91,52.04,62.4,8.1,65.38,-1.7,1.46,11.81,2.68,OUI,NON,NON,OUI,NON,NON,NON,🔴 Rejet,63.42,67.34,,,,,,,,,,,,,,
BWXT,149.99,241.12,149.48,195.3,219.71,170.89,0.6,-23.2,168.99,-11.2,-4.41,7.63,5.58,NON,NON,NON,NON,NON,NON,NON,🔴 Rejet,163.92,174.06,,,,,,,,,,,,,,
BX,143.51,182.68,99.78,141.23,158.88,123.58,52.7,1.6,134.26,6.9,6.57,9.16,4.66,NON,OUI,NON,OUI,NON,NON,NON,🔴 Rejet,130.23,138.29,,,,,,,,,,,,,,
BXP,69.95,75.95,48.54,62.24,70.02,54.46,78.1,12.4,68.92,1.5,0.13,6.49,1.72,OUI,OUI,NON,OUI,OUI,NON,OUI,🟢 STRAT1: Zone mediane,66.86,70.99,69.95,10.7219,3.574,104.93,125.0,143.4,262.5,83.94,75.55,65.75,65.75,45.0,387.5,8.61
BYD,81.19,91.41,75.81,83.61,94.06,73.16,34.5,-2.9,85.28,-4.8,-2.06,4.59,1.65,NON,NON,NON,OUI,NON,NON,NON,🔴 Rejet,82.72,87.84,,,,,,,,,,,,,,
BZ,15.15,25.08,12.57,18.83,21.18,16.47,20.6,-19.6,15.81,-4.2,4.74,11.65,0.67,NON,NON,NON,NON,NON,NON,NON,🔴 Rejet,15.33,16.28,,,,,,,,,,,,,,
CABO,22.38,180.74,21.98,101.36,114.03,88.69,0.3,-77.9,36.81,-39.2,-12.32,24.48,3.3,NON,NON,NON,NON,NON,NON,NON,🔴 Rejet,35.71,37.92,,,,,,,,,,,,,,
CACC,603.81,668.86,401.9,535.38,602.3,468.46,75.6,12.8,588.33,2.6,-3.09,5.44,18.11,OUI,NON,OUI,NON,NON,NON,NON,🔴 Rejet,570.68,605.98,,,,,,,,,,,,,,
CACI,634.99,683.5,434.7,559.1,628.99,489.21,80.5,13.6,557.4,13.9,11.7,22.47,27.9,NON,OUI,OUI,NON,NON,NON,NON,🔴 Rejet,540.67,574.12,,,,,,,,,,,,,,
CAE,24.65,34.24,22.76,28.5,32.06,24.94,16.5,-13.5,25.8,-4.5,0.69,8.95,0.92,NON,NON,NON,NON,NON,NON,NON,🔴 Rejet,25.03,26.58,,,,,,,,,,,,,,
CAG,16.66,19.6,12.39,15.99,17.99,13.99,59.2,4.1,15.05,10.7,4.61,6.26,0.41,NON,OUI,NON,OUI,NON,NON,NON,🔴 Rejet,14.59,15.5,,,,,,,,,,,,,,
CAH,230.62,258.3,144.37,201.33,226.5,176.17,75.7,14.5,231.41,-0.3,-0.46,5.41,6.83,OUI,NON,OUI,NON,NON,NON,NON,🔴 Rejet,224.47,238.35,,,,,,,,,,,,,,
CAKE,114.66,118.46,42.54,80.5,90.56,70.44,95.0,42.4,99.52,15.2,12.06,11.25,4.49,OUI,OUI,OUI,NON,NON,NON,NON,🟡 Chasing - attendre pullback,96.54,102.51,,,,,,,,,,,,,,
CALM,85.4,114.1,70.97,92.54,104.1,80.97,33.5,-7.7,85.61,-0.2,-0.61,6.33,2.4,OUI,NON,NON,OUI,NON,NON,NON,🔴 Rejet,83.04,88.18,,,,,,,,,,,,,,
CALX,40.16,71.22,34.26,52.74,59.33,46.15,16.0,-23.9,38.27,4.9,1.36,6.91,1.2,NON,OUI,NON,NON,NON,NON,NON,🔴 Rejet,37.12,39.42,,,,,,,,,,,,,,
CALY,15.8,20.28,8.39,14.34,16.13,12.54,62.3,10.2,17.78,-11.1,-3.96,9.66,0.66,OUI,NON,NON,OUI,NON,NON,NON,🔴 Rejet,17.25,18.32,,,,,,,,,,,,,,
CAR,147.84,847.7,85.96,466.83,525.18,408.48,8.1,-68.3,148.94,-0.7,-3.0,7.34,5.35,OUI,NON,NON,NON,NON,NON,NON,🔴 Rejet,144.47,153.41,,,,,,,,,,,,,,
CARG,37.17,41.22,26.39,33.81,38.03,29.58,72.7,10.0,36.11,2.9,2.04,11.47,1.51,OUI,OUI,NON,OUI,OUI,NON,OUI,🟢 STRAT1: Zone mediane,35.03,37.19,37.17,20.1776,6.7259,55.76,125.0,76.2,262.5,44.6,40.14,34.94,34.94,45.0,387.5,8.61
CARR,59.97,76.48,49.67,63.08,70.96,55.19,38.4,-4.9,64.5,-7.0,-3.93,3.12,1.39,OUI,NON,NON,OUI,NON,NON,NON,🔴 Rejet,62.56,66.43,,,,,,,,,,,,,,
CART,51.12,51.81,32.73,42.27,47.56,36.99,96.4,20.9,47.1,8.5,1.73,13.66,2.25,OUI,OUI,OUI,NON,NON,NON,NON,🟡 Chasing - attendre pullback,45.69,48.52,,,,,,,,,,,,,,
CASY,850.09,927.15,488.3,707.73,796.19,619.26,82.4,20.1,849.9,0.0,1.35,6.99,25.8,OUI,OUI,OUI,NON,NON,OUI,OUI,🟢 STRAT2: Pullback MM30,824.4,875.4,850.09,0.8823,0.2941,1275.14,125.0,1742.68,262.5,1020.11,918.1,799.08,799.08,45.0,387.5,8.61
CAT,811.33,1071.47,406.86,739.16,831.56,646.77,60.9,9.8,855.46,-5.2,-4.86,7.33,27.34,OUI,NON,NON,OUI,NON,NON,NON,🔴 Rejet,829.8,881.13,,,,,,,,,,,,,,
CATY,62.42,65.26,43.65,54.45,61.26,47.65,86.9,14.6,63.17,-1.2,0.94,3.27,0.86,OUI,NON,OUI,NON,NON,NON,NON,🔴 Rejet,61.28,65.07,,,,,,,,,,,,,,
CAVA,72.75,98.79,43.41,71.1,79.99,62.21,53.0,2.3,66.81,8.9,-1.62,18.99,3.85,OUI,NON,NON,OUI,NON,NON,NON,🔴 Rejet,64.81,68.82,,,,,,,,,,,,,,
CBRE,151.42,174.27,121.69,147.98,166.48,129.48,56.5,2.3,145.95,3.7,2.62,8.87,4.43,NON,OUI,NON,OUI,NON,NON,NON,🔴 Rejet,141.58,150.33,,,,,,,,,,,,,,
CBT,83.6,94.53,57.26,75.9,85.38,66.41,70.7,10.1,87.63,-4.6,-0.6,6.75,2.47,OUI,NON,NON,OUI,NON,NON,NON,🔴 Rejet,85.0,90.26,,,,,,,,,,,,,,
CBU,63.31,71.11,52.24,61.67,69.38,53.96,58.7,2.7,65.9,-3.9,-1.31,3.74,1.13,OUI,NON,NON,OUI,NON,NON,NON,🔴 Rejet,63.92,67.88,,,,,,,,,,,,,,
CCEP,109.35,113.67,83.49,98.58,110.9,86.26,85.7,10.9,107.26,2.0,0.71,4.65,2.03,OUI,OUI,NON,OUI,OUI,NON,NON,🟢 STRAT1: Zone mediane,104.04,110.47,109.35,6.8587,2.2862,164.02,125.0,224.17,262.5,131.22,118.1,102.79,102.79,45.0,387.5,8.61
CCK,119.82,122.91,88.12,105.51,118.7,92.32,91.1,13.6,117.9,1.6,2.14,4.0,2.74,OUI,OUI,OUI,NON,NON,OUI,NON,🟢 STRAT2: Pullback MM30,114.36,121.43,119.82,6.2594,2.0865,179.73,125.0,245.63,262.5,143.78,129.41,112.63,112.63,45.0,387.5,8.61
CCL,25.84,33.49,23.21,28.35,31.89,24.81,25.7,-8.8,27.22,-5.0,-0.27,8.15,0.84,NON,NON,NON,OUI,NON,NON,NON,🔴 Rejet,26.4,28.03,,,,,,,,,,,,,,
CDE,20.73,27.74,11.49,19.61,22.06,17.16,56.9,5.7,16.95,22.3,7.13,22.33,1.2,NON,OUI,NON,OUI,NON,NON,NON,🔴 Rejet,16.44,17.46,,,,,,,,,,,,,,
CDNS,315.0,416.69,262.75,339.72,382.19,297.26,33.9,-7.3,334.18,-5.7,-5.34,4.05,8.95,OUI,NON,NON,OUI,NON,NON,NON,🔴 Rejet,324.16,344.21,,,,,,,,,,,,,,
CEG,274.36,410.41,228.28,319.34,359.26,279.42,25.3,-14.1,267.6,2.5,3.69,7.34,9.56,NON,OUI,NON,NON,NON,NON,NON,🔴 Rejet,259.58,275.63,,,,,,,,,,,,,,
CELH,34.85,66.74,23.56,45.15,50.79,39.51,26.1,-22.8,29.24,19.2,-0.45,28.04,2.08,NON,NON,NON,NON,NON,NON,NON,🔴 Rejet,28.37,30.12,,,,,,,,,,,,,,
CENX,43.62,70.43,20.91,45.67,51.38,39.96,45.9,-4.5,45.67,-4.5,0.71,16.24,3.43,NON,NON,NON,OUI,NON,NON,NON,🔴 Rejet,44.3,47.03,,,,,,,,,,,,,,
CEPU,13.28,18.5,7.43,12.97,14.59,11.35,52.8,2.4,14.14,-6.1,-3.86,6.22,0.5,NON,NON,NON,OUI,NON,NON,NON,🔴 Rejet,13.72,14.56,,,,,,,,,,,,,,
CF,129.14,140.66,74.33,107.49,120.93,94.06,82.6,20.1,120.98,6.7,2.51,10.54,5.2,OUI,OUI,OUI,NON,NON,NON,OUI,🟢 STRAT3: Phase 2 precoce,117.35,124.61,129.14,5.8077,1.9359,193.71,125.0,264.74,262.5,154.97,139.47,121.39,121.39,45.0,387.5,8.61
CFG,70.36,75.33,46.55,60.94,68.56,53.32,82.7,15.5,72.1,-2.4,1.05,4.83,1.42,OUI,NON,OUI,NON,NON,NON,NON,🔴 Rejet,69.94,74.26,,,,,,,,,,,,,,
CFR,164.67,170.8,116.34,143.57,161.52,125.62,88.7,14.7,164.87,-0.1,2.26,3.14,2.86,OUI,NON,OUI,NON,NON,NON,NON,🔴 Rejet,159.92,169.81,,,,,,,,,,,,,,
CG,49.17,67.95,39.32,53.63,60.34,46.93,34.4,-8.3,47.08,4.4,4.43,10.05,1.78,NON,OUI,NON,OUI,NON,NON,NON,🔴 Rejet,45.67,48.49,,,,,,,,,,,,,,
CGNX,58.72,72.78,34.45,53.62,60.32,46.91,63.3,9.5,63.46,-7.5,-2.73,11.97,2.99,OUI,NON,NON,OUI,NON,NON,NON,🔴 Rejet,61.56,65.37,,,,,,,,,,,,,,
CHD,101.83,105.37,80.29,92.83,104.44,81.23,85.9,9.7,99.32,2.5,1.03,5.61,2.19,OUI,OUI,NON,OUI,OUI,NON,NON,🟢 STRAT1: Zone mediane,96.34,102.3,101.83,7.3652,2.4551,152.74,125.0,208.75,262.5,122.2,109.98,95.72,95.72,45.0,387.5,8.61
CHDN,91.4,118.35,79.4,98.88,111.23,86.52,30.8,-7.6,87.08,5.0,1.1,6.37,2.62,NON,OUI,NON,OUI,NON,NON,NON,🔴 Rejet,84.47,89.69,,,,,,,,,,,,,,
CHE,541.23,556.27,364.23,460.25,517.78,402.72,92.2,17.6,526.05,2.9,3.58,3.94,12.55,OUI,OUI,OUI,NON,NON,OUI,NON,🟢 STRAT2: Pullback MM30,510.27,541.83,541.23,1.3857,0.4619,811.84,125.0,1109.52,262.5,649.48,584.53,508.76,508.76,45.0,387.5,8.61
CHEF,113.07,117.33,53.2,85.27,95.92,74.61,93.4,32.6,105.24,7.4,4.58,5.77,3.64,OUI,OUI,OUI,NON,NON,NON,NON,🟡 Chasing - attendre pullback,102.09,108.4,,,,,,,,,,,,,,
CHH,110.36,123.5,83.33,103.42,116.34,90.49,67.3,6.7,108.92,1.3,-0.87,7.4,3.64,OUI,NON,NON,OUI,NON,NON,NON,🔴 Rejet,105.65,112.18,,,,,,,,,,,,,,
CHKP,130.7,210.66,112.23,161.45,181.63,141.26,18.8,-19.0,130.71,-0.0,-1.11,7.68,3.86,NON,NON,NON,NON,NON,NON,NON,🔴 Rejet,126.79,134.63,,,,,,,,,,,,,,
CHRD,144.26,153.0,80.77,116.88,131.49,102.27,87.9,23.4,135.05,6.8,6.91,10.44,5.14,OUI,OUI,OUI,NON,NON,NON,NON,🟡 Chasing - attendre pullback,131.0,139.11,,,,,,,,,,,,,,
CHRW,142.36,210.33,120.59,165.46,186.14,144.78,24.3,-14.0,166.31,-14.4,-8.36,6.47,4.26,NON,NON,NON,NON,NON,NON,NON,🔴 Rejet,161.32,171.3,,,,,,,,,,,,,,
CHT,43.17,44.72,37.79,41.25,46.41,36.1,77.6,4.6,42.58,1.4,0.55,1.76,0.38,OUI,OUI,NON,OUI,OUI,NON,OUI,🟢 STRAT1: Zone mediane,41.3,43.86,43.17,17.3732,5.7911,64.76,125.0,88.5,262.5,51.8,46.62,40.58,40.58,45.0,387.5,8.61
CHTR,150.01,285.82,111.55,198.69,223.52,173.85,22.1,-24.5,142.96,4.9,3.44,12.28,7.23,NON,OUI,NON,NON,NON,NON,NON,🔴 Rejet,138.67,147.25,,,,,,,,,,,,,,
CHWY,24.47,43.5,17.4,30.45,34.26,26.64,27.1,-19.6,22.52,8.6,4.04,8.22,0.84,NON,OUI,NON,NON,NON,NON,NON,🔴 Rejet,21.85,23.2,,,,,,,,,,,,,,
CIB,101.91,102.58,47.53,75.05,84.44,65.67,98.8,35.8,90.74,12.3,7.11,8.73,3.36,OUI,OUI,OUI,NON,NON,NON,NON,🟡 Chasing - attendre pullback,88.02,93.47,,,,,,,,,,,,,,
CIEN,375.8,637.51,87.25,362.38,407.68,317.08,52.4,3.7,397.97,-5.6,-3.33,18.33,29.68,OUI,NON,NON,OUI,NON,NON,NON,🔴 Rejet,386.03,409.91,,,,,,,,,,,,,,
CINF,170.68,194.81,147.54,171.17,192.57,149.78,48.9,-0.3,176.23,-3.2,-2.55,3.4,3.1,OUI,NON,NON,OUI,NON,NON,NON,🔴 Rejet,170.95,181.52,,,,,,,,,,,,,,
CLBT,11.76,19.98,9.58,14.78,16.63,12.93,21.0,-20.4,14.12,-16.7,-8.18,32.53,1.02,NON,NON,NON,NON,NON,NON,NON,🔴 Rejet,13.7,14.54,,,,,,,,,,,,,,
CLF,11.23,16.7,7.73,12.22,13.74,10.69,39.1,-8.0,11.28,-0.4,6.93,11.51,0.69,NON,NON,NON,OUI,NON,NON,NON,🔴 Rejet,10.94,11.61,,,,,,,,,,,,,,
CLH,313.0,335.94,201.34,268.64,302.22,235.06,83.0,16.5,312.4,0.2,2.28,4.58,6.61,OUI,OUI,OUI,NON,NON,OUI,OUI,🟢 STRAT2: Pullback MM30,303.03,321.78,313.0,2.3962,0.7987,469.5,125.0,641.65,262.5,375.6,338.04,294.22,294.22,45.0,387.5,8.61
CLSK,12.11,23.61,8.0,15.81,17.78,13.83,26.3,-23.4,13.18,-8.1,-3.15,17.87,1.04,NON,NON,NON,NON,NON,NON,NON,🔴 Rejet,12.78,13.57,,,,,,,,,,,,,,
CLVT,2.14,4.56,1.66,3.11,3.5,2.72,16.6,-31.2,2.06,3.8,-5.02,12.82,0.12,NON,NON,NON,NON,NON,NON,NON,🔴 Rejet,2.0,2.12,,,,,,,,,,,,,,
CLX,108.18,125.83,83.72,104.77,117.87,91.68,58.1,3.3,100.77,7.4,4.02,4.53,2.67,NON,OUI,NON,OUI,NON,NON,NON,🔴 Rejet,97.75,103.79,,,,,,,,,,,,,,
CMBT,18.09,18.52,7.44,12.98,14.6,11.36,96.2,39.4,16.28,11.2,5.44,5.34,0.5,OUI,OUI,OUI,NON,NON,NON,NON,🟡 Chasing - attendre pullback,15.79,16.77,,,,,,,,,,,,,,
CMC,64.54,84.32,52.46,68.39,76.94,59.84,37.9,-5.6,69.5,-7.1,3.67,9.29,2.79,NON,NON,NON,OUI,NON,NON,NON,🔴 Rejet,67.42,71.59,,,,,,,,,,,,,,
CMCSA,27.11,32.05,21.28,26.66,30.0,23.33,54.2,1.7,24.71,9.7,3.59,5.52,0.59,NON,OUI,NON,OUI,NON,NON,NON,🔴 Rejet,23.97,25.45,,,,,,,,,,,,,,
CME,278.3,319.82,218.31,269.06,302.7,235.43,59.1,3.4,260.38,6.9,4.53,4.4,5.99,NON,OUI,NON,OUI,NON,NON,NON,🔴 Rejet,252.57,268.19,,,,,,,,,,,,,,
CMG,37.78,43.72,28.04,35.88,40.37,31.4,62.1,5.3,34.19,10.5,-0.3,8.67,1.2,NON,NON,NON,OUI,NON,NON,NON,🔴 Rejet,33.17,35.22,,,,,,,,,,,,,,
CMI,571.77,735.02,383.91,559.47,629.4,489.53,53.5,2.2,635.1,-10.0,-3.08,5.95,16.96,NON,NON,NON,OUI,NON,NON,NON,🔴 Rejet,616.05,654.16,,,,,,,,,,,,,,
CMS,68.69,79.1,67.06,73.08,82.22,63.95,13.5,-6.0,71.65,-4.1,-2.56,4.29,1.27,NON,NON,NON,OUI,NON,NON,NON,🔴 Rejet,69.5,73.8,,,,,,,,,,,,,,
CNA,49.67,55.19,40.32,47.75,53.72,41.78,62.9,4.0,51.44,-3.4,-0.17,3.39,0.93,OUI,NON,NON,OUI,NON,NON,NON,🔴 Rejet,49.9,52.98,,,,,,,,,,,,,,
CNC,65.63,69.36,28.24,48.8,54.9,42.7,90.9,34.5,65.03,0.9,-0.65,10.18,2.4,OUI,NON,OUI,NON,NON,NON,NON,🔴 Rejet,63.08,66.98,,,,,,,,,,,,,,
CNM,44.52,67.18,41.88,54.53,61.34,47.71,10.5,-18.4,44.93,-0.9,-0.37,4.53,1.05,NON,NON,NON,NON,NON,NON,NON,🔴 Rejet,43.58,46.27,,,,,,,,,,,,,,
CNP,39.06,44.99,35.79,40.39,45.44,35.34,35.6,-3.3,41.56,-6.0,-2.97,4.72,0.88,OUI,NON,NON,OUI,NON,NON,NON,🔴 Rejet,40.31,42.81,,,,,,,,,,,,,,
CNS,82.65,86.56,56.8,71.68,80.64,62.72,86.9,15.3,81.94,0.9,2.69,4.82,2.25,OUI,OUI,OUI,NON,NON,OUI,NON,🟢 STRAT2: Pullback MM30,79.48,84.39,82.65,9.0744,3.0248,123.98,125.0,169.43,262.5,99.18,89.26,77.69,77.69,45.0,387.5,8.61
COF,217.02,256.64,173.62,215.13,242.02,188.24,52.3,0.9,213.41,1.7,3.04,5.93,4.86,OUI,OUI,NON,OUI,OUI,NON,NON,🟢 STRAT1: Zone mediane,207.01,219.82,217.02,3.4559,1.152,325.53,125.0,444.89,262.5,260.42,234.38,204.0,204.0,45.0,387.5,8.61
COHR,278.68,440.0,85.94,262.97,295.84,230.1,54.4,6.0,301.43,-7.5,-2.93,29.16,34.18,OUI,NON,NON,OUI,NON,NON,NON,🔴 Rejet,292.39,310.48,,,,,,,,,,,,,,
COIN,180.6,402.16,139.11,270.64,304.46,236.81,15.8,-33.3,158.82,13.7,0.15,17.47,9.01,NON,OUI,NON,NON,NON,NON,NON,🔴 Rejet,154.06,163.59,,,,,,,,,,,,,,
COKE,192.69,219.06,109.9,164.48,185.04,143.92,75.8,17.2,185.78,3.7,0.66,7.74,7.33,OUI,OUI,OUI,NON,NON,NON,OUI,🟢 STRAT3: Phase 2 precoce,180.21,191.35,192.69,3.8923,1.2974,289.03,125.0,395.01,262.5,231.23,208.11,181.13,181.13,45.0,387.5,8.61
COLM,60.06,68.72,46.48,57.6,64.8,50.4,61.1,4.3,59.98,0.1,-2.53,5.81,1.4,OUI,NON,NON,OUI,NON,NON,NON,🔴 Rejet,58.19,61.78,,,,,,,,,,,,,,
CON,34.83,35.83,18.36,27.1,30.48,23.71,94.2,28.5,32.68,6.6,3.9,13.19,1.25,OUI,OUI,OUI,NON,NON,NON,NON,🟡 Chasing - attendre pullback,31.7,33.66,,,,,,,,,,,,,,
COR,322.63,375.33,243.78,309.56,348.25,270.86,59.9,4.2,312.39,3.3,2.21,8.79,10.25,NON,OUI,NON,OUI,NON,NON,NON,🔴 Rejet,303.02,321.76,,,,,,,,,,,,,,
COST,968.21,1094.76,840.35,967.56,1088.5,846.61,50.3,0.1,946.55,2.3,0.67,4.43,17.73,NON,OUI,NON,OUI,NON,NON,NON,🔴 Rejet,918.15,974.94,,,,,,,,,,,,,,
COTY,2.81,4.56,1.82,3.19,3.59,2.79,35.9,-12.1,2.72,3.1,7.91,18.15,0.18,NON,OUI,NON,OUI,NON,NON,NON,🔴 Rejet,2.64,2.8,,,,,,,,,,,,,,
CPAY,415.23,425.95,252.84,339.4,381.82,296.97,93.8,22.3,390.31,6.4,5.75,6.1,10.97,OUI,OUI,OUI,NON,NON,NON,NON,🟡 Chasing - attendre pullback,378.6,402.02,,,,,,,,,,,,,,
CPB,24.1,32.13,19.23,25.68,28.89,22.47,37.8,-6.1,22.65,6.4,1.31,7.37,0.66,NON,OUI,NON,OUI,NON,NON,NON,🔴 Rejet,21.97,23.33,,,,,,,,,,,,,,
CPNG,16.4,34.08,14.92,24.5,27.56,21.44,7.7,-33.1,16.23,1.0,-4.31,10.11,0.54,NON,NON,NON,NON,NON,NON,NON,🔴 Rejet,15.74,16.71,,,,,,,,,,,,,,
CPRI,13.77,28.27,13.56,20.92,23.53,18.3,1.4,-34.1,15.56,-11.5,-7.54,9.21,0.67,NON,NON,NON,NON,NON,NON,NON,🔴 Rejet,15.09,16.03,,,,,,,,,,,,,,
CPRT,33.28,50.11,26.81,38.46,43.27,33.65,27.7,-13.5,29.71,12.0,3.77,11.35,1.2,NON,OUI,NON,NON,NON,NON,NON,🔴 Rejet,28.82,30.61,,,,,,,,,,,,,,
CR,206.22,230.5,159.36,194.93,219.29,170.56,65.9,5.8,217.56,-5.2,-0.62,4.46,6.21,OUI,NON,NON,OUI,NON,NON,NON,🔴 Rejet,211.03,224.09,,,,,,,,,,,,,,
CRC,52.05,71.5,42.68,57.09,64.23,49.95,32.5,-8.8,52.61,-1.1,0.76,6.07,1.59,NON,NON,NON,OUI,NON,NON,NON,🔴 Rejet,51.03,54.19,,,,,,,,,,,,,,
CRCL,87.74,159.47,49.9,104.69,117.77,91.6,34.5,-16.2,68.43,28.2,6.13,15.84,5.59,OUI,OUI,NON,NON,NON,NON,NON,🟡 Phase 2 - pas de breakout,66.38,70.49,,,,,,,,,,,,,,
CRDO,222.08,308.67,86.49,197.58,222.27,172.88,61.0,12.4,228.8,-2.9,-0.87,23.02,21.75,OUI,NON,NON,OUI,NON,NON,NON,🔴 Rejet,221.93,235.66,,,,,,,,,,,,,,
CRESY,11.16,14.21,7.76,10.98,12.36,9.61,52.7,1.6,11.01,1.4,-0.24,7.21,0.36,NON,NON,NON,OUI,NON,NON,NON,🔴 Rejet,10.68,11.34,,,,,,,,,,,,,,
CRH,95.62,130.09,92.52,111.31,125.22,97.39,8.3,-14.1,98.66,-3.1,-3.02,7.05,2.5,NON,NON,NON,NON,NON,NON,NON,🔴 Rejet,95.7,101.62,,,,,,,,,,,,,,
CRI,34.55,44.28,24.69,34.48,38.79,30.17,50.3,0.2,38.48,-10.2,-2.0,4.9,1.34,OUI,NON,NON,OUI,NON,NON,NON,🔴 Rejet,37.32,39.63,,,,,,,,,,,,,,
CRK,14.35,28.1,12.12,20.11,22.62,17.6,14.0,-28.6,13.45,6.7,-0.37,11.14,0.56,NON,NON,NON,NON,NON,NON,NON,🔴 Rejet,13.05,13.86,,,,,,,,,,,,,,
CRL,295.0,299.32,144.26,221.79,249.51,194.07,97.2,33.0,253.14,16.5,8.15,12.24,11.99,OUI,OUI,OUI,NON,NON,NON,NON,🟡 Chasing - attendre pullback,245.54,260.73,,,,,,,,,,,,,,
CRM,209.94,267.75,146.32,207.03,232.91,181.15,52.4,1.4,185.56,13.1,6.98,10.0,7.57,NON,OUI,NON,OUI,NON,NON,NON,🔴 Rejet,179.99,191.12,,,,,,,,,,,,,,
CROX,123.57,141.28,73.21,107.24,120.65,93.84,74.0,15.2,132.41,-6.7,0.54,6.96,4.37,OUI,NON,OUI,NON,NON,NON,NON,🔴 Rejet,128.44,136.39,,,,,,,,,,,,,,
CRS,476.71,625.99,227.57,426.78,480.13,373.43,62.5,11.7,548.62,-13.1,-4.5,8.33,22.73,OUI,NON,NON,OUI,NON,NON,NON,🔴 Rejet,532.16,565.08,,,,,,,,,,,,,,
CRSP,57.3,78.48,44.12,61.3,68.96,53.64,38.4,-6.5,51.48,11.3,-0.72,15.22,2.57,OUI,NON,NON,OUI,NON,NON,NON,🔴 Rejet,49.93,53.02,,,,,,,,,,,,,,
CRUS,112.38,180.42,109.88,145.15,163.29,127.01,3.5,-22.6,128.27,-12.4,-7.03,6.16,4.12,NON,NON,NON,NON,NON,NON,NON,🔴 Rejet,124.42,132.11,,,,,,,,,,,,,,
CRWD,190.68,227.5,85.68,156.59,176.16,137.02,74.0,21.8,201.49,-5.4,2.81,11.08,8.91,OUI,NON,OUI,NON,NON,NON,NON,🔴 Rejet,195.44,207.53,,,,,,,,,,,,,,
CRWV,86.19,153.2,60.55,106.87,120.23,93.52,27.7,-19.4,84.37,2.2,3.22,25.82,7.76,NON,OUI,NON,NON,NON,NON,NON,🔴 Rejet,81.84,86.9,,,,,,,,,,,,,,
CSAN,2.7,6.01,2.38,4.19,4.72,3.67,9.0,-35.5,2.9,-6.6,-4.32,15.08,0.14,NON,NON,NON,NON,NON,NON,NON,🔴 Rejet,2.81,2.98,,,,,,,,,,,,,,
CSCO,110.74,129.88,64.79,97.34,109.5,85.17,70.6,13.8,114.82,-3.6,-0.74,9.62,3.96,OUI,NON,OUI,NON,NON,NON,NON,🔴 Rejet,111.37,118.26,,,,,,,,,,,,,,
CSGP,32.76,91.89,25.89,58.89,66.25,51.53,10.4,-44.4,30.22,8.4,3.37,14.19,1.46,NON,OUI,NON,NON,NON,NON,NON,🔴 Rejet,29.32,31.13,,,,,,,,,,,,,,
CSL,362.66,428.8,290.64,359.72,404.69,314.76,52.1,0.8,357.8,1.4,1.7,6.71,11.47,OUI,OUI,NON,OUI,OUI,NON,NON,🟢 STRAT1: Zone mediane,347.07,368.54,362.66,2.0681,0.6894,543.99,125.0,743.45,262.5,435.19,391.67,340.9,340.9,45.0,387.5,8.61
CTAS,206.75,218.6,160.31,189.45,213.14,165.77,79.7,9.1,202.74,2.0,4.29,3.68,3.95,OUI,OUI,NON,OUI,OUI,NON,OUI,🟢 STRAT1: Zone mediane,196.66,208.82,206.75,3.6276,1.2092,310.12,125.0,423.84,262.5,248.1,223.29,194.34,194.34,45.0,387.5,8.61
CTSH,62.08,85.48,36.86,61.17,68.82,53.53,51.9,1.5,52.85,17.5,12.6,7.83,2.31,NON,OUI,NON,OUI,NON,NON,NON,🔴 Rejet,51.27,54.44,,,,,,,,,,,,,,
CTVA,82.22,90.97,60.1,75.53,84.98,66.09,71.7,8.9,82.07,0.2,-2.81,5.11,1.96,OUI,NON,NON,OUI,NON,NON,NON,🔴 Rejet,79.61,84.53,,,,,,,,,,,,,,
CUBE,40.8,43.26,33.77,38.52,43.33,33.7,74.1,5.9,41.45,-1.6,0.78,3.21,0.72,OUI,NON,NON,OUI,NON,NON,NON,🔴 Rejet,40.21,42.7,,,,,,,,,,,,,,
CUZ,30.01,32.95,20.52,26.73,30.08,23.39,76.4,12.3,30.71,-2.3,-0.83,4.65,0.68,OUI,NON,NON,OUI,NON,NON,NON,🔴 Rejet,29.79,31.63,,,,,,,,,,,,,,
CVBF,22.58,23.41,17.42,20.42,22.97,17.87,86.0,10.6,22.73,-0.7,0.65,3.19,0.36,OUI,NON,NON,OUI,NON,NON,NON,🔴 Rejet,22.05,23.42,,,,,,,,,,,,,,
CVLT,131.04,198.18,71.75,134.96,151.84,118.09,46.9,-2.9,137.73,-4.9,-1.99,10.84,5.26,OUI,NON,NON,OUI,NON,NON,NON,🔴 Rejet,133.59,141.86,,,,,,,,,,,,,,
CVNA,71.51,97.38,54.46,75.92,85.41,66.43,39.7,-5.8,68.05,5.1,2.21,16.29,3.71,NON,OUI,NON,OUI,NON,NON,NON,🔴 Rejet,66.01,70.09,,,,,,,,,,,,,,
CVSA,132.59,156.26,86.97,121.61,136.82,106.41,65.8,9.0,125.85,5.4,0.25,18.07,6.34,OUI,OUI,NON,OUI,OUI,NON,OUI,🟢 STRAT1: Zone mediane,122.08,129.63,132.59,5.6565,1.8855,198.88,125.0,271.81,262.5,159.11,143.2,124.63,124.63,45.0,387.5,8.61
CVX,203.5,210.92,142.51,176.72,198.8,154.63,89.2,15.2,192.44,5.7,5.57,5.92,3.94,OUI,OUI,OUI,NON,NON,NON,NON,🟡 Chasing - attendre pullback,186.67,198.22,,,,,,,,,,,,,,
CWEN,32.29,41.74,26.69,34.22,38.49,29.94,37.2,-5.6,32.98,-2.1,-0.01,8.98,1.04,NON,NON,NON,OUI,NON,NON,NON,🔴 Rejet,31.99,33.97,,,,,,,,,,,,,,
CWT,50.78,53.46,40.39,46.93,52.79,41.06,79.5,8.2,50.2,1.2,0.63,4.55,0.95,OUI,OUI,NON,OUI,OUI,NON,OUI,🟢 STRAT1: Zone mediane,48.7,51.71,50.78,14.7696,4.9232,76.17,125.0,104.1,262.5,60.94,54.84,47.73,47.73,45.0,387.5,8.61
CXM,7.41,8.85,4.72,6.78,7.63,5.93,65.4,9.4,6.45,14.9,9.14,8.83,0.24,OUI,OUI,NON,OUI,OUI,NON,OUI,🟢 STRAT1: Zone mediane,6.26,6.65,7.41,101.2146,33.7382,11.12,125.0,15.19,262.5,8.89,8.0,6.97,6.97,45.0,387.5,8.61
CYTK,77.42,88.31,35.22,61.76,69.49,54.04,79.5,25.3,78.55,-1.4,-3.78,8.49,2.52,OUI,NON,OUI,NON,NON,NON,NON,🔴 Rejet,76.19,80.91,,,,,,,,,,,,,,
CZR,29.68,30.88,17.86,24.37,27.42,21.32,90.8,21.8,29.85,-0.5,-0.4,1.42,0.18,OUI,NON,OUI,NON,NON,NON,NON,🔴 Rejet,28.95,30.74,,,,,,,,,,,,,,
D,66.75,72.99,54.71,63.85,71.83,55.87,65.9,4.5,69.22,-3.6,-0.69,3.69,1.13,OUI,NON,NON,OUI,NON,NON,NON,🔴 Rejet,67.15,71.3,,,,,,,,,,,,,,
DAC,150.51,152.52,81.73,117.12,131.76,102.48,97.2,28.5,139.0,8.3,5.06,6.95,3.98,OUI,OUI,OUI,NON,NON,NON,NON,🟡 Chasing - attendre pullback,134.83,143.17,,,,,,,,,,,,,,
DAL,82.41,95.44,54.6,75.02,84.4,65.64,68.1,9.9,87.13,-5.4,-1.42,6.0,2.21,OUI,NON,NON,OUI,NON,NON,NON,🔴 Rejet,84.52,89.74,,,,,,,,,,,,,,
DAR,62.58,69.98,29.15,49.57,55.76,43.37,81.9,26.3,62.74,-0.3,4.24,11.99,2.89,OUI,NON,OUI,NON,NON,NON,NON,🔴 Rejet,60.86,64.62,,,,,,,,,,,,,,
DASH,228.82,285.5,143.3,214.4,241.2,187.6,60.1,6.7,201.48,13.6,4.93,6.14,8.3,OUI,OUI,NON,OUI,OUI,NON,OUI,🟢 STRAT1: Zone mediane,195.43,207.52,228.82,3.2777,1.0926,343.23,125.0,469.08,262.5,274.58,247.13,215.09,215.09,45.0,387.5,8.61
DAVA,3.15,14.99,2.55,8.77,9.87,7.67,4.9,-64.0,2.95,7.1,2.36,10.18,0.14,NON,OUI,NON,NON,NON,NON,NON,🔴 Rejet,2.86,3.04,,,,,,,,,,,,,,
DAVE,356.32,458.25,152.21,305.23,343.38,267.08,66.7,16.7,380.09,-6.3,-4.12,22.9,24.38,OUI,NON,OUI,NON,NON,NON,NON,🔴 Rejet,368.68,391.49,,,,,,,,,,,,,,
DBX,34.85,36.3,21.69,29.0,32.62,25.37,90.0,20.2,32.58,7.0,6.12,9.71,1.19,OUI,OUI,OUI,NON,NON,NON,NON,🟡 Chasing - attendre pullback,31.6,33.56,,,,,,,,,,,,,,
DCI,92.08,112.05,72.93,92.49,104.05,80.93,49.0,-0.4,93.49,-1.5,1.98,3.22,1.89,NON,NON,NON,OUI,NON,NON,NON,🔴 Rejet,90.69,96.3,,,,,,,,,,,,,,
DD,136.38,156.73,91.29,124.01,139.51,108.51,68.9,10.0,139.87,-2.5,1.07,6.42,3.57,OUI,NON,NON,OUI,NON,NON,NON,🔴 Rejet,135.68,144.07,,,,,,,,,,,,,,
DDOG,228.54,292.72,98.01,195.37,219.79,170.94,67.0,17.0,253.42,-9.8,-2.25,24.95,16.8,OUI,NON,OUI,NON,NON,NON,NON,🔴 Rejet,245.82,261.02,,,,,,,,,,,,,,
DDS,639.72,710.28,487.77,599.03,673.9,524.15,68.3,6.8,591.73,8.1,4.91,13.84,30.22,NON,OUI,NON,OUI,NON,NON,NON,🔴 Rejet,573.98,609.49,,,,,,,,,,,,,,
DE,647.83,670.49,429.14,549.81,618.54,481.08,90.6,17.8,609.34,6.3,0.19,9.36,19.14,OUI,OUI,OUI,NON,NON,NON,NON,🟡 Chasing - attendre pullback,591.06,627.62,,,,,,,,,,,,,,
DEC,14.84,18.53,11.6,15.06,16.95,13.18,46.8,-1.5,13.7,8.3,1.92,6.9,0.46,OUI,OUI,NON,OUI,OUI,NON,NON,🟢 STRAT1: Zone mediane,13.29,14.12,14.84,50.5391,16.8464,22.26,125.0,30.42,262.5,17.81,16.03,13.95,13.95,45.0,387.5,8.61
DECK,91.39,125.45,78.91,102.18,114.95,89.41,26.8,-10.6,97.95,-6.7,-4.02,7.99,2.77,NON,NON,NON,OUI,NON,NON,NON,🔴 Rejet,95.01,100.89,,,,,,,,,,,,,,
DEI,12.0,15.9,8.79,12.35,13.89,10.8,45.1,-2.8,11.97,0.3,-0.89,5.76,0.34,OUI,NON,NON,OUI,NON,NON,NON,🔴 Rejet,11.61,12.33,,,,,,,,,,,,,,
DELL,433.87,514.0,109.7,311.85,350.83,272.87,80.2,39.1,435.8,-0.4,2.96,15.35,28.28,OUI,NON,OUI,NON,NON,NON,NON,🔴 Rejet,422.72,448.87,,,,,,,,,,,,,,
DEO,96.31,112.3,71.73,92.02,103.52,80.51,60.6,4.7,89.4,7.7,4.88,8.41,2.32,OUI,OUI,NON,OUI,OUI,NON,OUI,🟢 STRAT1: Zone mediane,86.71,92.08,96.31,7.7874,2.5958,144.46,125.0,197.44,262.5,115.57,104.01,90.53,90.53,45.0,387.5,8.61
DFTX,44.02,49.7,8.7,29.2,32.85,25.55,86.1,50.8,44.01,0.0,-0.95,15.23,3.1,OUI,NON,OUI,NON,NON,NON,NON,🔴 Rejet,42.69,45.33,,,,,,,,,,,,,,
DG,124.62,156.68,93.78,125.23,140.89,109.58,49.0,-0.5,123.42,1.0,1.35,6.35,3.37,NON,OUI,NON,OUI,NON,NON,NON,🔴 Rejet,119.72,127.12,,,,,,,,,,,,,,
DGX,243.77,245.93,168.97,207.45,233.38,181.52,97.2,17.5,229.43,6.3,4.25,3.19,4.59,OUI,OUI,OUI,NON,NON,NON,NON,🟡 Chasing - attendre pullback,222.55,236.31,,,,,,,,,,,,,,
DHI,149.02,182.36,130.96,156.66,176.24,137.08,35.1,-4.9,147.68,0.9,-1.41,9.84,4.43,NON,NON,NON,OUI,NON,NON,NON,🔴 Rejet,143.25,152.11,,,,,,,,,,,,,,
DHR,215.83,241.78,160.6,201.19,226.34,176.04,68.0,7.3,200.83,7.5,2.3,7.9,6.44,NON,OUI,NON,OUI,NON,NON,NON,🔴 Rejet,194.81,206.86,,,,,,,,,,,,,,
DIA,533.84,546.3,443.37,494.83,556.69,432.98,87.9,7.9,528.81,1.0,0.61,2.1,4.03,OUI,OUI,NON,OUI,OUI,NON,NON,🟢 STRAT1: Zone mediane,512.94,544.67,533.84,1.4049,0.4683,800.76,125.0,1094.37,262.5,640.61,576.55,501.81,501.81,45.0,387.5,8.61
DIG,68.12,71.6,32.27,51.93,58.43,45.44,91.2,31.2,61.53,10.7,9.35,12.27,2.26,OUI,OUI,OUI,NON,NON,NON,NON,🟡 Chasing - attendre pullback,59.68,63.38,,,,,,,,,,,,,,
DINO,95.24,98.39,44.6,71.5,80.43,62.56,94.1,33.2,89.17,6.8,7.4,11.6,3.75,OUI,OUI,OUI,NON,NON,NON,NON,🟡 Chasing - attendre pullback,86.49,91.84,,,,,,,,,,,,,,
DIOD,89.82,125.99,42.28,84.13,94.65,73.62,56.8,6.8,92.6,-3.0,0.22,25.34,7.36,OUI,NON,NON,OUI,NON,NON,NON,🔴 Rejet,89.82,95.38,,,,,,,,,,,,,,
DIS,110.25,118.07,91.49,104.78,117.88,91.68,70.6,5.2,100.73,9.4,3.05,6.92,2.48,NON,OUI,NON,OUI,NON,NON,NON,🔴 Rejet,97.71,103.75,,,,,,,,,,,,,,
DKNG,25.97,48.78,20.46,34.62,38.95,30.29,19.5,-25.0,24.37,6.6,-1.08,16.13,1.36,NON,NON,NON,NON,NON,NON,NON,🔴 Rejet,23.64,25.1,,,,,,,,,,,,,,
DKS,179.12,244.38,175.65,210.01,236.27,183.76,5.1,-14.7,202.42,-11.5,-4.87,10.74,7.24,NON,NON,NON,NON,NON,NON,NON,🔴 Rejet,196.35,208.49,,,,,,,,,,,,,,
DLB,66.39,73.95,47.98,60.96,68.58,53.34,70.9,8.9,56.72,17.0,7.89,4.8,1.37,OUI,OUI,NON,OUI,OUI,NON,OUI,🟢 STRAT1: Zone mediane,55.02,58.42,66.39,11.2969,3.7656,99.58,125.0,136.1,262.5,79.67,71.7,62.41,62.41,45.0,387.5,8.61
DLO,15.19,16.5,10.46,13.48,15.17,11.8,78.3,12.7,14.63,3.9,-0.19,10.92,0.6,OUI,NON,OUI,NON,NON,NON,NON,🔴 Rejet,14.19,15.07,,,,,,,,,,,,,,
DLR,188.45,207.47,144.28,175.87,197.86,153.89,69.9,7.2,189.0,-0.3,2.94,5.4,4.55,OUI,NON,NON,OUI,NON,NON,NON,🔴 Rejet,183.33,194.67,,,,,,,,,,,,,,
DLTR,135.24,142.4,84.71,113.55,127.75,99.36,87.6,19.1,127.89,5.7,1.96,5.47,3.39,OUI,OUI,OUI,NON,NON,NON,NON,🟡 Chasing - attendre pullback,124.06,131.73,,,,,,,,,,,,,,
DMC,32.43,42.46,26.21,34.33,38.63,30.04,38.3,-5.5,29.61,9.5,3.47,5.64,0.77,NON,OUI,NON,OUI,NON,NON,NON,🔴 Rejet,28.72,30.5,,,,,,,,,,,,,,
DNLI,24.12,27.3,12.58,19.94,22.43,17.45,78.4,21.0,24.04,0.3,-1.91,8.51,0.93,OUI,NON,OUI,NON,NON,NON,NON,🔴 Rejet,23.32,24.76,,,,,,,,,,,,,,
DNUT,3.62,5.11,2.88,4.0,4.49,3.5,33.2,-9.4,3.27,10.8,-1.12,13.96,0.19,OUI,NON,NON,OUI,NON,NON,NON,🔴 Rejet,3.17,3.36,,,,,,,,,,,,,,
DOCN,111.89,187.5,30.05,108.77,122.37,95.18,52.0,2.9,123.47,-9.4,-3.88,18.54,9.7,OUI,NON,NON,OUI,NON,NON,NON,🔴 Rejet,119.77,127.18,,,,,,,,,,,,,,
DOCU,62.65,86.65,40.16,63.41,71.33,55.48,48.4,-1.2,56.35,11.2,9.17,13.86,2.54,OUI,OUI,NON,OUI,OUI,NON,NON,🟢 STRAT1: Zone mediane,54.66,58.05,62.65,11.9713,3.9904,93.98,125.0,128.43,262.5,75.18,67.66,58.89,58.89,45.0,387.5,8.61
DOO,63.68,81.47,48.69,65.08,73.21,56.94,45.7,-2.1,63.11,0.9,3.51,11.85,2.34,NON,OUI,NON,OUI,NON,NON,NON,🔴 Rejet,61.21,65.0,,,,,,,,,,,,,,
DORM,130.34,166.89,98.45,132.67,149.25,116.09,46.6,-1.8,136.18,-4.3,-0.98,8.6,4.11,OUI,NON,NON,OUI,NON,NON,NON,🔴 Rejet,132.1,140.27,,,,,,,,,,,,,,
DOV,203.86,236.42,157.78,197.1,221.73,172.46,58.6,3.4,207.17,-1.6,-1.78,2.81,3.51,NON,NON,NON,OUI,NON,NON,NON,🔴 Rejet,200.96,213.39,,,,,,,,,,,,,,
DOW,31.44,42.31,19.91,31.11,35.0,27.22,51.5,1.1,30.49,3.1,3.55,9.26,1.04,OUI,OUI,NON,OUI,OUI,NON,NON,🟢 STRAT1: Zone mediane,29.58,31.41,31.44,23.855,7.9517,47.16,125.0,64.45,262.5,37.73,33.96,29.55,29.55,45.0,387.5,8.61
DOX,62.21,85.59,49.25,67.42,75.85,58.99,35.7,-7.7,55.97,11.2,4.72,9.43,1.73,NON,OUI,NON,OUI,NON,NON,NON,🔴 Rejet,54.29,57.64,,,,,,,,,,,,,,
DPZ,345.86,460.13,282.0,371.06,417.45,324.68,35.9,-6.8,341.73,1.2,4.07,6.16,10.25,NON,OUI,NON,OUI,NON,NON,NON,🔴 Rejet,331.48,351.98,,,,,,,,,,,,,,
DRI,224.87,229.76,165.13,197.45,222.13,172.76,92.4,13.9,209.54,7.3,3.45,6.83,5.72,OUI,OUI,OUI,NON,NON,NON,NON,🟡 Chasing - attendre pullback,203.26,215.83,,,,,,,,,,,,,,
DRS,39.23,50.49,32.24,41.36,46.53,36.19,38.3,-5.2,44.84,-12.5,-0.29,7.02,1.47,NON,NON,NON,OUI,NON,NON,NON,🔴 Rejet,43.5,46.19,,,,,,,,,,,,,,
DRVN,13.02,19.74,9.8,14.77,16.62,12.92,32.3,-11.9,13.88,-6.2,-4.35,14.41,0.56,NON,NON,NON,OUI,NON,NON,NON,🔴 Rejet,13.46,14.29,,,,,,,,,,,,,,
DSGX,79.05,109.0,62.56,85.78,96.5,75.06,35.5,-7.8,75.21,5.1,2.65,6.04,2.47,NON,OUI,NON,OUI,NON,NON,NON,🔴 Rejet,72.96,77.47,,,,,,,,,,,,,,
DSY,4.06,146.6,1.67,74.14,83.4,64.87,1.6,-94.5,3.7,9.7,3.54,38.09,0.49,NON,OUI,NON,NON,NON,NON,NON,🔴 Rejet,3.59,3.81,,,,,,,,,,,,,,
DT,49.53,53.28,31.64,42.46,47.77,37.15,82.7,16.7,46.46,6.6,3.52,14.29,2.32,OUI,OUI,OUI,NON,NON,NON,OUI,🟢 STRAT3: Phase 2 precoce,45.06,47.85,49.53,15.1423,5.0474,74.3,125.0,101.54,262.5,59.44,53.49,46.56,46.56,45.0,387.5,8.61
DTE,135.97,155.75,124.26,140.0,157.5,122.5,37.2,-2.9,142.56,-4.6,-2.98,3.95,2.35,OUI,NON,NON,OUI,NON,NON,NON,🔴 Rejet,138.29,146.84,,,,,,,,,,,,,,
DTM,125.22,152.0,97.79,124.9,140.51,109.29,50.6,0.3,137.51,-8.9,-3.06,5.4,3.56,OUI,NON,NON,OUI,NON,NON,NON,🔴 Rejet,133.38,141.63,,,,,,,,,,,,,,
DUK,122.12,132.18,110.99,121.59,136.78,106.39,52.5,0.4,124.26,-1.7,-0.8,5.01,2.18,OUI,NON,NON,OUI,NON,NON,NON,🔴 Rejet,120.53,127.98,,,,,,,,,,,,,,
DUOL,145.89,355.0,87.89,221.44,249.13,193.76,21.7,-34.1,134.23,8.7,3.8,19.37,8.99,NON,OUI,NON,NON,NON,NON,NON,🔴 Rejet,130.2,138.26,,,,,,,,,,,,,,
DV,13.31,16.44,7.64,12.04,13.55,10.54,64.4,10.5,12.14,9.7,5.47,13.14,0.21,OUI,OUI,NON,OUI,OUI,NON,OUI,🟢 STRAT1: Zone mediane,11.77,12.5,13.31,56.3486,18.7829,19.96,125.0,27.29,262.5,15.97,14.37,12.51,12.51,45.0,387.5,8.61
DVA,173.48,247.49,101.0,174.25,196.03,152.46,49.5,-0.4,209.19,-17.1,-7.79,17.72,7.74,OUI,NON,NON,OUI,NON,NON,NON,🔴 Rejet,202.92,215.47,,,,,,,,,,,,,,
DVN,48.06,52.34,30.89,41.61,46.81,36.41,80.1,15.5,44.95,6.9,4.05,9.77,1.35,OUI,OUI,OUI,NON,NON,NON,OUI,🟢 STRAT3: Phase 2 precoce,43.6,46.3,48.06,15.6055,5.2018,72.09,125.0,98.52,262.5,57.67,51.9,45.18,45.18,45.0,387.5,8.61
DXCM,91.5,92.59,54.11,73.35,82.52,64.18,97.2,24.7,82.1,11.4,7.98,7.89,2.55,OUI,OUI,OUI,NON,NON,NON,NON,🟡 Chasing - attendre pullback,79.63,84.56,,,,,,,,,,,,,,
DY,383.18,566.47,242.55,404.51,455.07,353.95,43.4,-5.3,411.24,-6.8,-3.03,8.45,16.09,OUI,NON,NON,OUI,NON,NON,NON,🔴 Rejet,398.9,423.57,,,,,,,,,,,,,,
E,55.16,57.75,33.26,45.51,51.19,39.82,89.4,21.2,53.28,3.5,5.56,6.03,1.07,OUI,OUI,OUI,NON,NON,NON,NON,🟡 Chasing - attendre pullback,51.68,54.88,,,,,,,,,,,,,,
EAT,254.05,254.63,100.3,177.47,199.65,155.28,99.6,43.2,214.85,18.2,10.64,14.21,11.23,OUI,OUI,OUI,NON,NON,NON,NON,🟡 Chasing - attendre pullback,208.4,221.29,,,,,,,,,,,,,,
EBAY,106.71,118.98,77.56,98.27,110.55,85.98,70.4,8.6,109.12,-2.2,-3.1,7.88,3.6,OUI,NON,NON,OUI,NON,NON,NON,🔴 Rejet,105.85,112.4,,,,,,,,,,,,,,
EBC,22.71,23.77,15.5,19.64,22.09,17.18,87.1,15.7,23.05,-1.5,1.34,3.55,0.43,OUI,NON,OUI,NON,NON,NON,NON,🔴 Rejet,22.36,23.74,,,,,,,,,,,,,,
EBS,5.11,14.06,4.36,9.21,10.36,8.06,7.8,-44.5,6.3,-18.9,-15.65,33.15,0.45,NON,NON,NON,NON,NON,NON,NON,🔴 Rejet,6.12,6.49,,,,,,,,,,,,,,
EC,17.3,18.19,8.16,13.18,14.82,11.53,91.1,31.3,16.74,3.4,5.24,8.49,0.57,OUI,OUI,OUI,NON,NON,NON,NON,🟡 Chasing - attendre pullback,16.23,17.24,,,,,,,,,,,,,,
ECHO,85.5,147.25,27.4,87.32,98.24,76.41,48.5,-2.1,89.45,-4.4,-3.24,8.89,3.52,NON,NON,NON,OUI,NON,NON,NON,🔴 Rejet,86.77,92.13,,,,,,,,,,,,,,
ECL,286.27,307.61,242.49,275.05,309.43,240.67,67.2,4.1,277.42,3.2,0.33,4.4,5.35,OUI,OUI,NON,OUI,OUI,NON,OUI,🟢 STRAT1: Zone mediane,269.09,285.74,286.27,2.6199,0.8733,429.4,125.0,586.85,262.5,343.52,309.17,269.09,269.09,45.0,387.5,8.61
ED,107.75,114.33,92.2,103.26,116.17,90.36,70.3,4.3,108.86,-1.0,-1.01,3.37,1.87,OUI,NON,NON,OUI,NON,NON,NON,🔴 Rejet,105.59,112.12,,,,,,,,,,,,,,
EDEN,118.82,123.5,96.63,110.07,123.83,96.31,82.6,7.9,114.53,3.7,0.94,2.84,1.02,NON,OUI,NON,OUI,NON,NON,NON,🔴 Rejet,111.1,117.97,,,,,,,,,,,,,,
EDU,56.49,64.22,44.25,54.23,61.01,47.45,61.3,4.2,53.57,5.4,4.38,9.89,1.67,NON,OUI,NON,OUI,NON,NON,NON,🔴 Rejet,51.97,55.18,,,,,,,,,,,,,,
EE,39.25,42.88,22.64,32.76,36.85,28.66,82.1,19.8,37.9,3.6,-0.98,10.96,1.52,OUI,NON,OUI,NON,NON,NON,NON,🔴 Rejet,36.76,39.04,,,,,,,,,,,,,,
EEFT,70.07,98.52,62.5,80.51,90.57,70.45,21.0,-13.0,75.16,-6.8,-2.37,7.65,2.42,NON,NON,NON,NON,NON,NON,NON,🔴 Rejet,72.91,77.42,,,,,,,,,,,,,,
EFX,193.82,269.54,150.75,210.15,236.42,183.88,36.3,-7.8,179.49,8.0,3.61,8.74,6.2,NON,OUI,NON,OUI,NON,NON,NON,🔴 Rejet,174.1,184.87,,,,,,,,,,,,,,
EG,376.1,401.07,298.78,349.92,393.66,306.18,75.6,7.5,373.98,0.6,-0.09,4.1,7.07,OUI,NON,NON,OUI,NON,NON,NON,🔴 Rejet,362.76,385.2,,,,,,,,,,,,,,
EGP,202.02,226.71,157.68,192.2,216.22,168.17,64.2,5.1,208.33,-3.0,-1.07,2.61,3.66,OUI,NON,NON,OUI,NON,NON,NON,🔴 Rejet,202.08,214.58,,,,,,,,,,,,,,
EHC,121.72,127.5,92.41,109.96,123.7,96.21,83.5,10.7,116.81,4.2,4.7,12.94,3.46,OUI,OUI,NON,OUI,OUI,NON,OUI,🟢 STRAT1: Zone mediane,113.31,120.32,121.72,6.1617,2.0539,182.58,125.0,249.53,262.5,146.06,131.46,114.42,114.42,45.0,387.5,8.61
EIX,73.77,81.62,50.04,65.83,74.06,57.6,75.1,12.1,74.24,-0.6,-1.15,8.83,2.43,OUI,NON,NON,OUI,NON,NON,NON,🔴 Rejet,72.02,76.47,,,,,,,,,,,,,,
EL,103.8,120.79,65.96,93.38,105.05,81.71,69.0,11.2,86.5,20.0,3.84,18.13,3.62,NON,OUI,NON,OUI,NON,NON,NON,🔴 Rejet,83.9,89.09,,,,,,,,,,,,,,
ELAN,24.24,27.98,17.11,22.55,25.36,19.73,65.5,7.5,24.65,-1.7,-1.72,15.08,1.23,NON,NON,NON,OUI,NON,NON,NON,🔴 Rejet,23.91,25.38,,,,,,,,,,,,,,
ELE,22.56,26.86,12.53,19.7,22.16,17.24,70.0,14.5,17.85,26.4,9.66,12.42,0.95,OUI,OUI,OUI,NON,NON,NON,OUI,🟢 STRAT3: Phase 2 precoce,17.32,18.39,22.56,33.2447,11.0816,33.84,125.0,46.25,262.5,27.07,24.36,21.21,21.21,45.0,387.5,8.61
ELF,105.14,150.99,48.82,99.91,112.39,87.42,55.1,5.2,86.88,21.0,8.89,13.84,4.79,OUI,OUI,NON,OUI,OUI,NON,NON,🟢 STRAT1: Zone mediane,84.27,89.48,105.14,7.1333,2.3778,157.71,125.0,215.54,262.5,126.17,113.55,98.83,98.83,45.0,387.5,8.61
ELS,65.63,67.81,56.88,62.35,70.14,54.55,80.0,5.3,65.23,0.6,0.2,3.5,1.04,OUI,OUI,NON,OUI,OUI,NON,OUI,🟢 STRAT1: Zone mediane,63.27,67.19,65.63,11.4277,3.8092,98.44,125.0,134.54,262.5,78.76,70.88,61.69,61.69,45.0,387.5,8.61
ELV,403.3,436.24,272.05,354.14,398.41,309.88,79.9,13.9,389.59,3.5,-1.17,5.84,9.9,OUI,NON,OUI,NON,NON,NON,NON,🔴 Rejet,377.9,401.27,,,,,,,,,,,,,,
EMBJ,76.15,80.46,53.37,66.92,75.28,58.55,84.1,13.8,70.48,8.0,5.44,7.78,2.57,NON,OUI,OUI,NON,NON,NON,NON,🔴 Rejet,68.37,72.59,,,,,,,,,,,,,,
EME,767.24,951.47,564.01,757.74,852.46,663.02,52.5,1.3,785.62,-2.3,1.15,7.36,25.51,OUI,NON,NON,OUI,NON,NON,NON,🔴 Rejet,762.05,809.18,,,,,,,,,,,,,,
EMN,72.95,81.56,54.12,67.84,76.32,59.36,68.6,7.5,71.21,2.4,2.93,5.9,1.7,OUI,OUI,NON,OUI,OUI,NON,OUI,🟢 STRAT1: Zone mediane,69.08,73.35,72.95,10.281,3.427,109.43,125.0,149.55,262.5,87.54,78.79,68.57,68.57,45.0,387.5,8.61
EMR,157.24,165.79,121.73,143.76,161.73,125.79,80.6,9.4,151.51,3.8,4.91,6.9,4.08,OUI,OUI,NON,OUI,OUI,NON,OUI,🟢 STRAT1: Zone mediane,146.96,156.05,157.24,4.7698,1.5899,235.86,125.0,322.34,262.5,188.69,169.82,147.81,147.81,45.0,387.5,8.61
ENB,50.26,57.66,43.28,50.47,56.78,44.16,48.5,-0.4,52.92,-5.0,-1.88,4.52,1.01,OUI,NON,NON,OUI,NON,NON,NON,🔴 Rejet,51.33,54.51,,,,,,,,,,,,,,
ENLT,77.93,108.65,26.27,67.46,75.89,59.03,62.7,15.5,85.57,-8.9,-0.93,11.92,3.19,OUI,NON,OUI,NON,NON,NON,NON,🔴 Rejet,83.0,88.14,,,,,,,,,,,,,,
ENOV,25.33,34.28,19.14,26.71,30.05,23.37,40.9,-5.2,27.02,-6.2,2.26,18.17,1.66,OUI,NON,NON,OUI,NON,NON,NON,🔴 Rejet,26.21,27.83,,,,,,,,,,,,,,
ENPH,37.21,73.74,25.78,49.76,55.98,43.54,23.8,-25.2,39.57,-6.0,-4.56,13.64,1.93,NON,NON,NON,NON,NON,NON,NON,🔴 Rejet,38.39,40.76,,,,,,,,,,,,,,
ENR,21.62,28.46,15.49,21.98,24.73,19.23,47.2,-1.6,21.19,2.0,1.93,10.35,0.95,OUI,OUI,NON,OUI,OUI,NON,NON,🟢 STRAT1: Zone mediane,20.55,21.82,21.62,34.6901,11.5634,32.43,125.0,44.32,262.5,25.94,23.35,20.32,20.32,45.0,387.5,8.61
ENS,186.85,244.02,97.75,170.89,192.25,149.53,60.9,9.3,192.57,-3.0,-2.86,9.19,8.84,OUI,NON,NON,OUI,NON,NON,NON,🔴 Rejet,186.79,198.35,,,,,,,,,,,,,,
ENSG,180.06,217.84,141.52,179.68,202.14,157.22,50.5,0.2,177.42,1.5,2.83,3.69,3.89,OUI,OUI,NON,OUI,OUI,NON,NON,🟢 STRAT1: Zone mediane,172.1,182.75,180.06,4.1653,1.3884,270.09,125.0,369.12,262.5,216.07,194.46,169.26,169.26,45.0,387.5,8.61
ENTG,138.96,186.78,67.81,127.3,143.21,111.38,59.8,9.2,139.7,-0.5,0.33,16.01,8.46,OUI,NON,NON,OUI,NON,NON,NON,🔴 Rejet,135.51,143.89,,,,,,,,,,,,,,
ENVX,3.26,14.21,3.06,8.63,9.71,7.56,1.7,-62.3,4.23,-23.1,-11.34,28.07,0.36,NON,NON,NON,NON,NON,NON,NON,🔴 Rejet,4.11,4.36,,,,,,,,,,,,,,
EOG,149.93,153.67,99.12,126.39,142.19,110.6,93.1,18.6,143.26,4.7,3.62,10.09,3.82,OUI,OUI,OUI,NON,NON,NON,NON,🟡 Chasing - attendre pullback,138.97,147.56,,,,,,,,,,,,,,
EOSE,3.41,19.86,3.11,11.49,12.92,10.05,1.8,-70.3,3.87,-11.7,-9.16,23.55,0.36,NON,NON,NON,NON,NON,NON,NON,🔴 Rejet,3.75,3.99,,,,,,,,,,,,,,
EPAM,111.35,222.53,73.06,147.79,166.27,129.32,25.6,-24.7,98.42,13.1,6.65,19.06,5.87,NON,OUI,NON,NON,NON,NON,NON,🔴 Rejet,95.47,101.38,,,,,,,,,,,,,,
EPD,38.51,39.58,28.18,33.88,38.12,29.65,90.6,13.7,38.0,1.3,1.51,3.93,0.57,OUI,OUI,OUI,NON,NON,OUI,NON,🟢 STRAT2: Pullback MM30,36.86,39.14,38.51,19.4755,6.4918,57.76,125.0,78.95,262.5,46.21,41.59,36.2,36.2,45.0,387.5,8.61
EQNR,42.43,43.17,21.54,32.35,36.4,28.31,96.6,31.1,39.53,7.3,8.12,7.94,0.99,OUI,OUI,OUI,NON,NON,NON,NON,🟡 Chasing - attendre pullback,38.34,40.71,,,,,,,,,,,,,,
EQT,53.72,67.84,47.79,57.81,65.04,50.59,29.6,-7.1,52.33,2.7,1.69,6.34,1.26,NON,OUI,NON,OUI,NON,NON,NON,🔴 Rejet,50.76,53.9,,,,,,,,,,,,,,
ERIC,10.17,13.77,7.46,10.62,11.94,9.29,42.9,-4.2,9.96,2.2,-3.13,3.91,0.17,NON,NON,NON,OUI,NON,NON,NON,🔴 Rejet,9.66,10.25,,,,,,,,,,,,,,
ERO,38.43,39.88,13.8,26.84,30.19,23.48,94.4,43.2,30.25,27.0,12.57,18.57,2.02,OUI,OUI,OUI,NON,NON,NON,NON,🟡 Chasing - attendre pullback,29.34,31.16,,,,,,,,,,,,,,
ES,71.18,76.57,58.84,67.7,76.17,59.24,69.6,5.1,72.97,-2.5,-0.96,3.88,1.25,OUI,NON,NON,OUI,NON,NON,NON,🔴 Rejet,70.78,75.16,,,,,,,,,,,,,,
ESI,35.15,49.25,22.69,35.97,40.47,31.48,46.9,-2.3,37.54,-6.4,-4.33,7.02,1.13,OUI,NON,NON,OUI,NON,NON,NON,🔴 Rejet,36.41,38.66,,,,,,,,,,,,,,
ESLT,727.82,1013.65,444.69,729.17,820.32,638.03,49.8,-0.2,788.73,-7.7,-0.04,10.2,24.31,OUI,NON,NON,OUI,NON,NON,NON,🔴 Rejet,765.07,812.4,,,,,,,,,,,,,,
ESNT,68.72,70.37,55.34,62.86,70.71,55.0,89.0,9.3,67.09,2.4,2.16,6.06,1.51,OUI,OUI,NON,OUI,OUI,NON,NON,🟢 STRAT1: Zone mediane,65.08,69.1,68.72,10.9139,3.638,103.08,125.0,140.88,262.5,82.46,74.22,64.6,64.6,45.0,387.5,8.61
ESTC,83.59,96.07,42.05,69.06,77.69,60.43,76.9,21.0,71.07,17.6,12.93,14.98,3.85,OUI,OUI,OUI,NON,NON,NON,OUI,🟢 STRAT3: Phase 2 precoce,68.94,73.2,83.59,8.9724,2.9908,125.38,125.0,171.36,262.5,100.31,90.28,78.57,78.57,45.0,387.5,8.61
ET,21.14,21.64,15.1,18.37,20.67,16.07,92.3,15.1,20.33,3.9,3.16,4.37,0.37,OUI,OUI,OUI,NON,NON,NON,NON,🟡 Chasing - attendre pullback,19.72,20.94,,,,,,,,,,,,,,
ETN,409.39,478.0,309.33,393.67,442.87,344.46,59.3,4.0,421.24,-2.8,2.59,7.47,13.31,OUI,NON,NON,OUI,NON,NON,NON,🔴 Rejet,408.61,433.88,,,,,,,,,,,,,,
ETR,105.76,117.75,84.3,101.02,113.65,88.4,64.2,4.7,109.27,-3.2,-2.07,4.3,2.14,OUI,NON,NON,OUI,NON,NON,NON,🔴 Rejet,105.99,112.55,,,,,,,,,,,,,,
ETSY,85.61,87.97,44.0,65.99,74.24,57.74,94.6,29.7,82.5,3.8,1.33,11.12,3.67,OUI,OUI,OUI,NON,NON,NON,NON,🟡 Chasing - attendre pullback,80.02,84.97,,,,,,,,,,,,,,
EVR,289.12,386.72,265.19,325.95,366.7,285.21,19.7,-11.3,318.38,-9.2,-4.12,7.7,10.06,NON,NON,NON,OUI,NON,NON,NON,🔴 Rejet,308.83,327.94,,,,,,,,,,,,,,
EVT,29.09,29.57,21.74,25.65,28.86,22.45,93.9,13.4,28.25,3.0,2.49,2.4,0.34,OUI,OUI,OUI,NON,NON,OUI,NON,🟢 STRAT2: Pullback MM30,27.4,29.1,29.09,25.7821,8.594,43.64,125.0,59.63,262.5,34.91,31.42,27.34,27.34,45.0,387.5,8.61
EW,91.02,96.29,72.3,84.3,94.83,73.76,78.0,8.0,88.36,3.0,-0.43,5.08,1.92,OUI,NON,NON,OUI,NON,NON,NON,🔴 Rejet,85.71,91.01,,,,,,,,,,,,,,
EWBC,129.08,137.47,90.34,113.91,128.14,99.67,82.2,13.3,132.06,-2.3,0.93,4.34,2.41,OUI,NON,OUI,NON,NON,NON,NON,🔴 Rejet,128.1,136.02,,,,,,,,,,,,,,
EXC,44.38,50.18,41.46,45.82,51.55,40.09,33.5,-3.1,45.85,-3.2,-1.37,4.63,0.87,OUI,NON,NON,OUI,NON,NON,NON,🔴 Rejet,44.48,47.23,,,,,,,,,,,,,,
EXEL,54.34,57.57,33.76,45.66,51.37,39.96,86.4,19.0,54.32,0.0,-1.89,10.92,1.7,OUI,NON,OUI,NON,NON,NON,NON,🔴 Rejet,52.69,55.95,,,,,,,,,,,,,,
EXLS,37.78,45.08,24.85,34.97,39.34,30.59,63.9,8.0,32.59,15.9,9.87,7.33,1.09,NON,OUI,NON,OUI,NON,NON,NON,🔴 Rejet,31.62,33.57,,,,,,,,,,,,,,
EXP,204.89,245.53,171.79,208.66,234.74,182.58,44.9,-1.8,209.23,-2.1,-1.21,6.92,6.08,NON,NON,NON,OUI,NON,NON,NON,🔴 Rejet,202.95,215.5,,,,,,,,,,,,,,
EXPD,187.01,189.99,111.78,150.89,169.75,132.03,96.2,23.9,179.33,4.3,3.53,5.24,4.24,OUI,OUI,OUI,NON,NON,NON,NON,🟡 Chasing - attendre pullback,173.95,184.71,,,,,,,,,,,,,,
EXPE,336.55,338.11,184.55,261.33,293.99,228.66,99.0,28.8,298.83,12.6,7.18,8.96,12.68,OUI,OUI,OUI,NON,NON,NON,NON,🟡 Chasing - attendre pullback,289.87,307.8,,,,,,,,,,,,,,
EXPO,70.78,81.18,51.64,66.41,74.71,58.11,64.8,6.6,65.69,7.7,3.89,5.74,1.97,NON,OUI,NON,OUI,NON,NON,NON,🔴 Rejet,63.72,67.66,,,,,,,,,,,,,,
EXR,146.24,158.88,121.45,140.17,157.69,122.65,66.2,4.3,147.91,-1.1,0.29,3.12,2.43,OUI,NON,NON,OUI,NON,NON,NON,🔴 Rejet,143.47,152.35,,,,,,,,,,,,,,
EXTR,22.4,33.73,13.48,23.6,26.56,20.65,44.0,-5.1,27.28,-17.9,-9.13,20.48,1.42,OUI,NON,NON,OUI,NON,NON,NON,🔴 Rejet,26.46,28.1,,,,,,,,,,,,,,
EYE,18.25,30.02,14.75,22.39,25.18,19.59,22.9,-18.5,20.58,-11.3,-0.56,12.94,0.99,NON,NON,NON,NON,NON,NON,NON,🔴 Rejet,19.96,21.2,,,,,,,,,,,,,,
F,13.91,17.59,10.81,14.2,15.97,12.42,45.7,-2.1,14.15,-1.7,1.21,9.19,0.41,OUI,NON,NON,OUI,NON,NON,NON,🔴 Rejet,13.73,14.58,,,,,,,,,,,,,,
FAF,72.25,79.87,55.74,67.8,76.28,59.33,68.4,6.6,73.36,-1.5,1.3,4.65,1.5,OUI,NON,NON,OUI,NON,NON,NON,🔴 Rejet,71.16,75.56,,,,,,,,,,,,,,
FAST,51.33,52.92,38.34,45.63,51.33,39.93,89.1,12.5,48.79,5.2,3.04,3.92,0.96,OUI,OUI,OUI,NON,NON,NON,NON,🟡 Chasing - attendre pullback,47.33,50.25,,,,,,,,,,,,,,
FBK,58.62,62.65,48.87,55.76,62.74,48.79,70.8,5.1,59.98,-2.3,2.56,4.01,1.09,OUI,NON,NON,OUI,NON,NON,NON,🔴 Rejet,58.18,61.78,,,,,,,,,,,,,,
FBP,28.4,29.88,18.83,24.36,27.4,21.31,86.6,16.6,28.64,-0.8,3.11,4.21,0.47,OUI,NON,OUI,NON,NON,NON,NON,🔴 Rejet,27.78,29.5,,,,,,,,,,,,,,
FCN,156.17,189.3,137.65,163.47,183.91,143.04,35.9,-4.5,157.11,-0.6,-0.29,4.63,4.26,NON,NON,NON,OUI,NON,NON,NON,🔴 Rejet,152.39,161.82,,,,,,,,,,,,,,
FCX,77.06,78.88,34.78,56.83,63.93,49.72,95.9,35.6,65.71,17.3,5.1,11.6,2.81,OUI,OUI,OUI,NON,NON,NON,NON,🟡 Chasing - attendre pullback,63.74,67.68,,,,,,,,,,,,,,
FDS,303.51,380.04,183.16,281.6,316.8,246.4,61.1,7.8,273.02,11.2,5.48,8.34,9.93,OUI,OUI,NON,OUI,OUI,NON,OUI,🟢 STRAT1: Zone mediane,264.83,281.21,303.51,2.4711,0.8237,455.26,125.0,622.2,262.5,364.21,327.79,285.3,285.3,45.0,387.5,8.61
FDX,330.27,344.08,174.92,259.5,291.94,227.06,91.8,27.3,318.83,3.6,1.65,5.72,7.76,OUI,OUI,OUI,NON,NON,NON,NON,🟡 Chasing - attendre pullback,309.27,328.4,,,,,,,,,,,,,,
FE,46.62,51.3,41.21,46.26,52.04,40.47,53.7,0.8,47.79,-2.4,-0.34,4.12,0.89,OUI,NON,NON,OUI,NON,NON,NON,🔴 Rejet,46.35,49.22,,,,,,,,,,,,,,
FER,62.76,74.06,52.13,63.1,70.98,55.21,48.5,-0.5,64.25,-2.3,-1.13,4.85,1.05,NON,NON,NON,OUI,NON,NON,NON,🔴 Rejet,62.33,66.18,,,,,,,,,,,,,,
FERG,237.07,268.59,203.74,236.16,265.68,206.64,51.4,0.4,239.32,-0.9,2.11,7.13,6.83,NON,NON,NON,OUI,NON,NON,NON,🔴 Rejet,232.14,246.5,,,,,,,,,,,,,,
FFIV,381.44,435.0,223.76,329.38,370.55,288.21,74.6,15.8,402.72,-5.3,-1.82,7.1,11.89,OUI,NON,OUI,NON,NON,NON,NON,🔴 Rejet,390.64,414.8,,,,,,,,,,,,,,
FHB,26.12,30.29,21.75,26.02,29.28,22.77,51.2,0.4,27.69,-5.6,-2.93,3.13,0.44,OUI,NON,NON,OUI,NON,NON,NON,🔴 Rejet,26.85,28.52,,,,,,,,,,,,,,
FHI,64.91,66.8,45.44,56.12,63.14,49.11,91.2,15.7,61.28,5.9,3.81,3.55,1.63,OUI,OUI,OUI,NON,NON,NON,NON,🟡 Chasing - attendre pullback,59.44,63.11,,,,,,,,,,,,,,
FHN,24.69,26.43,19.39,22.91,25.78,20.05,75.3,7.8,25.55,-3.3,-0.36,5.26,0.49,OUI,NON,NON,OUI,NON,NON,NON,🔴 Rejet,24.78,26.32,,,,,,,,,,,,,,
FICO,1172.21,1998.01,870.01,1434.01,1613.26,1254.76,26.8,-18.3,1156.93,1.3,-3.97,12.99,47.98,NON,NON,NON,NON,NON,NON,NON,🔴 Rejet,1122.22,1191.64,,,,,,,,,,,,,,
FIG,27.48,78.0,16.6,47.3,53.21,41.39,17.7,-41.9,24.54,12.0,7.3,23.54,1.88,NON,OUI,NON,NON,NON,NON,NON,🔴 Rejet,23.81,25.28,,,,,,,,,,,,,,
FINT,36.93,37.2,28.77,32.99,37.11,28.86,96.8,12.0,36.16,2.1,1.09,2.28,0.24,OUI,OUI,NON,OUI,OUI,NON,NON,🟢 STRAT1: Zone mediane,35.08,37.25,36.93,20.3087,6.7696,55.4,125.0,75.71,262.5,44.32,39.88,34.71,34.71,45.0,387.5,8.61
FIS,41.35,69.65,37.42,53.53,60.22,46.84,12.2,-22.8,42.52,-2.8,0.58,8.57,1.43,NON,NON,NON,NON,NON,NON,NON,🔴 Rejet,41.24,43.79,,,,,,,,,,,,,,
FISV,52.92,140.19,47.04,93.62,105.32,81.91,6.3,-43.5,52.53,0.7,1.14,10.91,2.22,NON,OUI,NON,NON,NON,NON,NON,🔴 Rejet,50.96,54.11,,,,,,,,,,,,,,
FITB,55.06,59.5,39.08,49.29,55.45,43.13,78.3,11.7,57.11,-3.6,-0.23,4.61,1.02,OUI,NON,NON,OUI,NON,NON,NON,🔴 Rejet,55.4,58.83,,,,,,,,,,,,,,
FIVE,259.91,260.11,137.77,198.94,223.81,174.07,99.8,30.6,222.1,17.0,9.94,10.79,9.1,OUI,OUI,OUI,NON,NON,NON,NON,🟡 Chasing - attendre pullback,215.43,228.76,,,,,,,,,,,,,,
FIVN,32.78,34.58,13.29,23.94,26.93,20.94,91.5,36.9,28.86,13.6,11.14,24.23,2.01,OUI,OUI,OUI,NON,NON,NON,NON,🟡 Chasing - attendre pullback,27.99,29.72,,,,,,,,,,,,,,
FIX,1608.55,2072.1,668.82,1370.46,1541.77,1199.15,67.0,17.4,1718.05,-6.4,-1.49,11.88,84.45,OUI,NON,OUI,NON,NON,NON,NON,🔴 Rejet,1666.51,1769.59,,,,,,,,,,,,,,
FIZZ,33.32,42.41,27.8,35.1,39.49,30.72,37.8,-5.1,31.57,5.5,2.46,5.73,0.89,OUI,OUI,NON,OUI,OUI,NON,NON,🟢 STRAT1: Zone mediane,30.62,32.52,33.32,22.509,7.503,49.98,125.0,68.31,262.5,39.98,35.99,31.32,31.32,45.0,387.5,8.61
FLEX,107.26,166.86,49.36,108.11,121.62,94.6,49.3,-0.8,119.95,-10.6,-6.06,11.64,6.2,OUI,NON,NON,OUI,NON,NON,NON,🔴 Rejet,116.35,123.55,,,,,,,,,,,,,,
FLG,13.43,15.44,10.55,12.99,14.62,11.37,58.8,3.3,14.24,-5.8,-2.18,3.38,0.24,OUI,NON,NON,OUI,NON,NON,NON,🔴 Rejet,13.82,14.67,,,,,,,,,,,,,,
FLO,7.26,14.7,6.69,10.69,12.03,9.36,7.1,-32.1,7.59,-4.4,-4.38,10.63,0.3,NON,NON,NON,NON,NON,NON,NON,🔴 Rejet,7.36,7.82,,,,,,,,,,,,,,
FLR,51.88,57.93,39.33,48.63,54.71,42.55,67.4,6.7,51.5,0.7,1.46,21.21,2.69,OUI,OUI,NON,OUI,OUI,NON,OUI,🟢 STRAT1: Zone mediane,49.95,53.04,51.88,14.4564,4.8188,77.82,125.0,106.35,262.5,62.26,56.03,48.77,48.77,45.0,387.5,8.61
FLS,80.73,91.86,48.28,70.07,78.83,61.31,74.5,15.2,75.44,7.0,3.85,4.82,2.03,OUI,OUI,OUI,NON,NON,NON,OUI,🟢 STRAT3: Phase 2 precoce,73.17,77.7,80.73,9.2902,3.0967,121.1,125.0,165.5,262.5,96.88,87.19,75.89,75.89,45.0,387.5,8.61
FLUT,102.56,309.41,89.71,199.56,224.51,174.62,5.8,-48.6,101.59,0.9,-2.83,16.88,5.36,NON,NON,NON,NON,NON,NON,NON,🔴 Rejet,98.55,104.64,,,,,,,,,,,,,,
FLY,23.31,62.17,16.0,39.08,43.97,34.2,15.8,-40.4,22.69,2.7,-1.53,17.35,1.93,NON,NON,NON,NON,NON,NON,NON,🔴 Rejet,22.01,23.37,,,,,,,,,,,,,,
FLYW,19.5,19.73,10.55,15.14,17.03,13.25,97.5,28.8,17.66,10.4,0.9,12.04,0.75,OUI,OUI,OUI,NON,NON,NON,NON,🟡 Chasing - attendre pullback,17.13,18.19,,,,,,,,,,,,,,
FMC,11.3,39.44,9.95,24.69,27.78,21.61,4.6,-54.2,10.82,4.4,-2.0,8.44,0.44,NON,NON,NON,NON,NON,NON,NON,🔴 Rejet,10.5,11.15,,,,,,,,,,,,,,
FMX,121.7,141.47,80.91,111.19,125.09,97.29,67.4,9.5,124.19,-2.0,-2.23,4.62,2.35,OUI,NON,NON,OUI,NON,NON,NON,🔴 Rejet,120.46,127.91,,,,,,,,,,,,,,
FN,423.0,748.89,275.22,512.06,576.06,448.05,31.2,-17.4,495.47,-14.6,0.4,24.85,41.62,NON,NON,NON,NON,NON,NON,NON,🔴 Rejet,480.61,510.34,,,,,,,,,,,,,,
FNB,18.55,19.59,14.15,16.87,18.98,14.76,80.9,10.0,19.03,-2.5,0.06,4.11,0.31,OUI,NON,NON,OUI,NON,NON,NON,🔴 Rejet,18.46,19.6,,,,,,,,,,,,,,
FND,54.69,92.4,42.64,67.52,75.96,59.08,24.2,-19.0,57.01,-4.1,-0.0,11.63,2.48,NON,NON,NON,NON,NON,NON,NON,🔴 Rejet,55.3,58.72,,,,,,,,,,,,,,
FNV,268.42,284.6,179.64,232.12,261.13,203.1,84.6,15.6,225.22,19.2,5.88,9.96,8.86,OUI,OUI,OUI,NON,NON,NON,OUI,🟢 STRAT3: Phase 2 precoce,218.47,231.98,268.42,2.7941,0.9314,402.63,125.0,550.26,262.5,322.1,289.89,252.31,252.31,45.0,387.5,8.61
FORM,107.96,160.27,27.81,94.04,105.8,82.29,60.5,14.8,113.1,-4.6,-0.88,19.62,9.0,OUI,NON,OUI,NON,NON,NON,NON,🔴 Rejet,109.71,116.5,,,,,,,,,,,,,,
FOUR,47.95,92.79,34.56,63.68,71.63,55.72,23.0,-24.7,48.82,-1.8,-2.45,26.05,3.74,NON,NON,NON,NON,NON,NON,NON,🔴 Rejet,47.36,50.29,,,,,,,,,,,,,,
FOXA,69.24,76.02,48.34,62.18,69.95,54.41,75.5,11.4,61.16,13.2,7.66,9.2,2.05,NON,OUI,NON,OUI,NON,NON,NON,🔴 Rejet,59.33,63.0,,,,,,,,,,,,,,
FOXF,21.57,30.56,13.08,21.82,24.55,19.09,48.6,-1.1,19.69,9.5,7.93,14.85,0.97,OUI,OUI,NON,OUI,OUI,NON,NON,🟢 STRAT1: Zone mediane,19.1,20.28,21.57,34.7705,11.5902,32.36,125.0,44.22,262.5,25.88,23.3,20.28,20.28,45.0,387.5,8.61
FR,63.22,69.88,47.97,58.92,66.29,51.56,69.6,7.3,64.96,-2.7,-0.31,2.28,0.94,OUI,NON,NON,OUI,NON,NON,NON,🔴 Rejet,63.01,66.91,,,,,,,,,,,,,,
FRA,10.81,11.8,9.92,10.86,12.22,9.5,47.3,-0.5,10.76,0.5,0.79,2.12,0.09,NON,OUI,NON,OUI,NON,NON,NON,🔴 Rejet,10.43,11.08,,,,,,,,,,,,,,
FRHC,159.01,181.88,107.97,144.93,163.05,126.81,69.1,9.7,153.93,3.3,0.66,12.79,7.18,OUI,OUI,NON,OUI,OUI,NON,OUI,🟢 STRAT1: Zone mediane,149.31,158.55,159.01,4.7167,1.5722,238.52,125.0,325.97,262.5,190.81,171.73,149.47,149.47,45.0,387.5,8.61
FRO,43.71,45.17,18.46,31.81,35.79,27.84,94.5,37.4,39.72,10.1,4.77,8.83,1.48,OUI,OUI,OUI,NON,NON,NON,NON,🟡 Chasing - attendre pullback,38.53,40.91,,,,,,,,,,,,,,
FROG,90.63,99.22,34.05,66.64,74.96,58.31,86.8,36.0,86.4,4.9,-0.69,15.1,5.51,OUI,NON,OUI,NON,NON,NON,NON,🔴 Rejet,83.81,88.99,,,,,,,,,,,,,,
FRPT,76.79,86.0,46.45,66.23,74.5,57.95,76.7,16.0,64.8,18.5,9.88,17.52,3.35,OUI,OUI,OUI,NON,NON,NON,OUI,🟢 STRAT3: Phase 2 precoce,62.86,66.75,76.79,9.7669,3.2556,115.18,125.0,157.42,262.5,92.15,82.93,72.18,72.18,45.0,387.5,8.61
FRSH,13.2,14.06,6.79,10.43,11.73,9.12,88.2,26.7,11.6,13.8,7.04,11.93,0.54,OUI,OUI,OUI,NON,NON,NON,NON,🟡 Chasing - attendre pullback,11.25,11.95,,,,,,,,,,,,,,
FSK,12.02,15.32,9.2,12.26,13.79,10.73,46.1,-1.9,11.42,5.2,4.75,11.8,0.39,NON,OUI,NON,OUI,NON,NON,NON,🔴 Rejet,11.08,11.77,,,,,,,,,,,,,,
FSLR,209.68,320.95,182.99,251.97,283.47,220.47,19.3,-16.8,219.46,-4.5,-1.09,10.21,12.28,NON,NON,NON,NON,NON,NON,NON,🔴 Rejet,212.88,226.05,,,,,,,,,,,,,,
FSS,120.63,134.35,101.07,117.71,132.42,102.99,58.8,2.5,122.15,-1.2,-0.04,6.06,3.63,OUI,NON,NON,OUI,NON,NON,NON,🔴 Rejet,118.49,125.82,,,,,,,,,,,,,,
FTAI,198.98,321.7,143.86,232.78,261.88,203.68,31.0,-14.5,212.64,-6.4,-3.74,15.38,11.61,NON,NON,NON,NON,NON,NON,NON,🔴 Rejet,206.26,219.02,,,,,,,,,,,,,,
FTI,75.79,80.55,35.18,57.86,65.1,50.63,89.5,31.0,73.92,2.5,4.11,8.33,2.45,OUI,OUI,OUI,NON,NON,OUI,NON,🟢 STRAT2: Pullback MM30,71.71,76.14,75.79,9.8958,3.2986,113.68,125.0,155.37,262.5,90.95,81.85,71.24,71.24,45.0,387.5,8.61
FTS,55.28,58.92,47.45,53.18,59.83,46.53,68.3,3.9,56.62,-2.4,-0.64,3.4,0.82,OUI,NON,NON,OUI,NON,NON,NON,🔴 Rejet,54.92,58.31,,,,,,,,,,,,,,
FUL,58.04,68.05,48.3,58.17,65.44,50.9,49.3,-0.2,58.21,-0.3,2.16,9.78,2.12,NON,NON,NON,OUI,NON,NON,NON,🔴 Rejet,56.46,59.96,,,,,,,,,,,,,,
FULT,23.67,25.23,16.16,20.69,23.28,18.11,82.9,14.4,24.38,-2.9,-0.0,3.57,0.41,OUI,NON,OUI,NON,NON,NON,NON,🔴 Rejet,23.65,25.11,,,,,,,,,,,,,,
FUN,16.87,27.37,12.51,19.94,22.43,17.45,29.3,-15.4,17.26,-2.3,-6.09,20.4,1.03,NON,NON,NON,NON,NON,NON,NON,🔴 Rejet,16.74,17.78,,,,,,,,,,,,,,
FUTU,115.23,199.33,80.5,139.92,157.41,122.43,29.2,-17.6,105.36,9.4,4.49,15.45,5.2,NON,OUI,NON,NON,NON,NON,NON,🔴 Rejet,102.2,108.52,,,,,,,,,,,,,,
FVRR,9.37,28.0,8.6,18.3,20.59,16.01,3.9,-48.8,9.84,-4.8,-6.06,10.26,0.36,NON,NON,NON,NON,NON,NON,NON,🔴 Rejet,9.55,10.14,,,,,,,,,,,,,,
FWONK,107.2,109.36,80.15,94.76,106.6,82.91,92.6,13.1,100.81,6.3,2.27,6.1,2.58,OUI,OUI,OUI,NON,NON,NON,NON,🟡 Chasing - attendre pullback,97.78,103.83,,,,,,,,,,,,,,
FWRD,17.66,32.0,7.86,19.93,22.42,17.44,40.6,-11.4,16.35,8.0,12.63,21.32,1.2,NON,OUI,NON,OUI,NON,NON,NON,🔴 Rejet,15.86,16.84,,,,,,,,,,,,,,
G,37.48,48.12,26.85,37.49,42.17,32.8,50.0,-0.0,33.71,11.2,6.55,8.96,1.26,NON,OUI,NON,OUI,NON,NON,NON,🔴 Rejet,32.7,34.72,,,,,,,,,,,,,,
GAP,20.32,28.88,17.94,23.41,26.34,20.49,21.7,-13.2,20.18,0.7,2.19,8.19,0.61,NON,OUI,NON,NON,NON,NON,NON,🔴 Rejet,19.57,20.79,,,,,,,,,,,,,,
GATX,177.79,204.78,148.77,176.78,198.88,154.68,51.8,0.6,179.65,-1.0,0.4,2.96,3.43,NON,NON,NON,OUI,NON,NON,NON,🔴 Rejet,174.26,185.04,,,,,,,,,,,,,,
GBCI,46.94,54.58,39.06,46.82,52.68,40.97,50.7,0.2,49.94,-6.0,-1.95,4.54,0.96,NON,NON,NON,OUI,NON,NON,NON,🔴 Rejet,48.44,51.44,,,,,,,,,,,,,,
GD,382.19,400.0,305.43,352.71,396.8,308.62,81.2,8.4,383.77,-0.4,1.97,3.34,6.18,OUI,NON,NON,OUI,NON,NON,NON,🔴 Rejet,372.25,395.28,,,,,,,,,,,,,,
GDDY,100.52,150.47,71.59,111.03,124.91,97.15,36.7,-9.5,93.92,7.0,3.06,13.16,4.09,NON,OUI,NON,OUI,NON,NON,NON,🔴 Rejet,91.11,96.74,,,,,,,,,,,,,,
GDS,31.86,48.61,26.97,37.79,42.51,33.07,22.6,-15.7,32.53,-2.1,2.22,10.97,1.61,NON,NON,NON,NON,NON,NON,NON,🔴 Rejet,31.56,33.51,,,,,,,,,,,,,,
GE,340.85,388.84,265.02,326.93,367.8,286.07,61.2,4.3,358.71,-5.0,-0.69,7.38,9.42,OUI,NON,NON,OUI,NON,NON,NON,🔴 Rejet,347.95,369.47,,,,,,,,,,,,,,
GEF,86.17,90.57,54.36,72.47,81.52,63.41,87.8,18.9,83.68,3.0,5.86,4.11,2.13,OUI,OUI,OUI,NON,NON,OUI,NON,🟢 STRAT2: Pullback MM30,81.17,86.19,86.17,8.7037,2.9012,129.26,125.0,176.65,262.5,103.4,93.06,81.0,81.0,45.0,387.5,8.61
GEHC,74.34,89.64,58.72,74.18,83.45,64.91,50.5,0.2,68.6,8.4,4.42,4.91,1.58,NON,OUI,NON,OUI,NON,NON,NON,🔴 Rejet,66.54,70.65,,,,,,,,,,,,,,
GEN,29.17,31.26,17.61,24.43,27.49,21.38,84.7,19.4,27.51,6.0,3.15,8.49,1.02,OUI,OUI,OUI,NON,NON,NON,OUI,🟢 STRAT3: Phase 2 precoce,26.69,28.34,29.17,25.7113,8.5704,43.76,125.0,59.8,262.5,35.0,31.5,27.42,27.42,45.0,387.5,8.61
GEO,32.07,33.15,12.51,22.83,25.68,19.98,94.8,40.5,30.89,3.8,1.68,9.22,1.45,OUI,OUI,OUI,NON,NON,NON,NON,🟡 Chasing - attendre pullback,29.96,31.81,,,,,,,,,,,,,,
GEV,940.43,1195.94,529.18,862.56,970.38,754.74,61.7,9.0,1011.34,-7.0,-2.99,9.04,40.69,OUI,NON,NON,OUI,NON,NON,NON,🔴 Rejet,981.0,1041.68,,,,,,,,,,,,,,
GFI,47.27,59.9,28.72,44.31,49.85,38.77,59.5,6.7,36.95,27.9,8.7,15.16,2.11,NON,OUI,NON,OUI,NON,NON,NON,🔴 Rejet,35.84,38.06,,,,,,,,,,,,,,
GFL,41.74,51.36,33.32,42.34,47.63,37.04,46.7,-1.4,40.52,3.0,1.93,5.49,1.06,NON,OUI,NON,OUI,NON,NON,NON,🔴 Rejet,39.3,41.73,,,,,,,,,,,,,,
GFS,46.12,92.42,31.54,61.98,69.73,54.23,23.9,-25.6,52.84,-12.7,-11.75,16.05,2.95,OUI,NON,NON,NON,NON,NON,NON,🔴 Rejet,51.26,54.43,,,,,,,,,,,,,,
GGAL,43.4,60.37,24.82,42.59,47.92,37.27,52.3,1.9,47.44,-8.5,-5.24,8.93,1.82,NON,NON,NON,OUI,NON,NON,NON,🔴 Rejet,46.02,48.87,,,,,,,,,,,,,,
GGB,4.32,5.13,2.82,3.97,4.47,3.48,65.2,8.8,4.73,-8.6,2.57,8.79,0.18,OUI,NON,NON,OUI,NON,NON,NON,🔴 Rejet,4.59,4.87,,,,,,,,,,,,,,
GGG,80.46,94.99,72.22,83.61,94.06,73.16,36.2,-3.8,79.71,0.9,3.22,3.36,1.41,NON,OUI,NON,OUI,NON,NON,NON,🔴 Rejet,77.32,82.11,,,,,,,,,,,,,,
GH,164.66,176.58,53.4,114.99,129.36,100.62,90.3,43.2,158.02,4.2,0.47,11.12,7.11,OUI,OUI,OUI,NON,NON,NON,NON,🟡 Chasing - attendre pullback,153.27,162.76,,,,,,,,,,,,,,
GHC,1170.61,1262.35,923.5,1092.93,1229.54,956.31,72.9,7.1,1182.3,-1.0,0.28,4.33,35.84,OUI,NON,NON,OUI,NON,NON,NON,🔴 Rejet,1146.83,1217.77,,,,,,,,,,,,,,
GIB,74.88,97.03,59.53,78.28,88.07,68.5,40.9,-4.4,71.44,4.8,3.88,5.52,1.72,NON,OUI,NON,OUI,NON,NON,NON,🔴 Rejet,69.3,73.58,,,,,,,,,,,,,,
GIL,55.25,72.73,46.35,59.54,66.98,52.1,33.7,-7.2,54.54,1.3,3.11,5.86,1.5,NON,OUI,NON,OUI,NON,NON,NON,🔴 Rejet,52.9,56.17,,,,,,,,,,,,,,
GILD,146.49,155.38,106.44,130.91,147.27,114.55,81.8,11.9,135.16,8.4,2.69,6.82,4.13,OUI,OUI,NON,OUI,OUI,NON,OUI,🟢 STRAT1: Zone mediane,131.11,139.22,146.49,5.1198,1.7066,219.74,125.0,300.3,262.5,175.79,158.21,137.7,137.7,45.0,387.5,8.61
GL,173.44,191.55,127.07,159.31,179.22,139.4,71.9,8.9,179.83,-3.6,-0.37,5.18,3.65,OUI,NON,NON,OUI,NON,NON,NON,🔴 Rejet,174.44,185.23,,,,,,,,,,,,,,
GLBE,40.06,43.99,26.84,35.42,39.84,30.99,77.1,13.1,39.59,1.2,3.73,7.12,1.52,OUI,OUI,OUI,NON,NON,OUI,OUI,🟢 STRAT2: Pullback MM30,38.41,40.78,40.06,18.7219,6.2406,60.09,125.0,82.12,262.5,48.07,43.26,37.66,37.66,45.0,387.5,8.61
GLE,0.44,2.82,0.25,1.53,1.73,1.34,7.6,-71.1,0.39,15.4,-2.13,40.58,0.08,OUI,NON,NON,NON,NON,NON,NON,🔴 Rejet,0.37,0.4,,,,,,,,,,,,,,
GLNG,51.44,57.5,34.66,46.08,51.84,40.32,73.4,11.6,50.37,2.1,1.01,3.85,1.44,OUI,OUI,NON,OUI,OUI,NON,OUI,🟢 STRAT1: Zone mediane,48.86,51.88,51.44,14.5801,4.86,77.16,125.0,105.45,262.5,61.73,55.56,48.35,48.35,45.0,387.5,8.61
GLO,5.77,6.07,4.86,5.47,6.15,4.78,75.2,5.5,5.85,-1.3,-0.24,3.49,0.08,OUI,NON,NON,OUI,NON,NON,NON,🔴 Rejet,5.67,6.02,,,,,,,,,,,,,,
GLOB,39.6,72.1,27.56,49.83,56.06,43.6,27.0,-20.5,35.94,10.2,7.93,14.02,2.44,NON,OUI,NON,NON,NON,NON,NON,🔴 Rejet,34.86,37.01,,,,,,,,,,,,,,
GLPI,43.86,48.3,39.81,44.06,49.56,38.55,47.7,-0.4,44.1,-0.6,-0.57,5.83,0.87,NON,NON,NON,OUI,NON,NON,NON,🔴 Rejet,42.78,45.43,,,,,,,,,,,,,,
GLW,145.49,271.78,64.39,168.08,189.09,147.07,39.1,-13.4,154.72,-6.0,-9.29,16.04,9.68,OUI,NON,NON,NON,NON,NON,NON,🔴 Rejet,150.08,159.36,,,,,,,,,,,,,,
GM,86.96,91.85,53.98,72.91,82.03,63.8,87.1,19.3,84.8,2.6,3.92,6.31,2.07,OUI,OUI,OUI,NON,NON,OUI,NON,🟢 STRAT2: Pullback MM30,82.26,87.35,86.96,8.6247,2.8749,130.44,125.0,178.27,262.5,104.35,93.92,81.74,81.74,45.0,387.5,8.61
GMED,84.03,101.4,54.15,77.78,87.5,68.05,63.2,8.0,81.45,3.2,2.95,7.83,2.81,NON,OUI,NON,OUI,NON,NON,NON,🔴 Rejet,79.0,83.89,,,,,,,,,,,,,,
GNRC,203.16,296.44,134.8,215.62,242.57,188.67,42.3,-5.8,210.47,-3.5,-5.86,9.1,8.51,OUI,NON,NON,OUI,NON,NON,NON,🔴 Rejet,204.16,216.78,,,,,,,,,,,,,,
GNTX,23.5,28.8,20.26,24.53,27.6,21.46,38.0,-4.2,23.79,-1.2,-0.82,4.58,0.49,OUI,NON,NON,OUI,NON,NON,NON,🔴 Rejet,23.07,24.5,,,,,,,,,,,,,,
GOLF,89.8,119.65,72.49,96.07,108.08,84.06,36.7,-6.5,99.67,-9.9,-7.75,9.47,4.16,NON,NON,NON,OUI,NON,NON,NON,🔴 Rejet,96.68,102.66,,,,,,,,,,,,,,
GOOGL,348.39,408.37,200.73,304.55,342.62,266.48,71.1,14.4,347.55,0.2,-1.42,6.13,8.01,OUI,NON,OUI,NON,NON,NON,NON,🔴 Rejet,337.13,357.98,,,,,,,,,,,,,,
GPC,134.85,148.58,89.8,119.19,134.09,104.29,76.7,13.1,129.06,4.5,2.64,4.55,2.9,NON,OUI,OUI,NON,NON,NON,NON,🔴 Rejet,125.19,132.94,,,,,,,,,,,,,,
GPI,260.98,486.11,249.54,367.83,413.8,321.85,4.8,-29.0,292.88,-10.9,-3.63,8.12,9.57,NON,NON,NON,NON,NON,NON,NON,🔴 Rejet,284.09,301.67,,,,,,,,,,,,,,
GPK,11.48,22.69,8.7,15.69,17.65,13.73,19.8,-26.9,11.33,1.3,3.22,9.43,0.42,NON,OUI,NON,NON,NON,NON,NON,🔴 Rejet,10.99,11.67,,,,,,,,,,,,,,
GPN,94.78,95.88,60.93,78.4,88.2,68.6,96.9,20.9,86.02,10.2,6.73,9.19,3.15,OUI,OUI,OUI,NON,NON,NON,NON,🟡 Chasing - attendre pullback,83.44,88.6,,,,,,,,,,,,,,
GPOR,175.19,225.78,149.18,187.48,210.91,164.04,34.0,-6.6,161.83,8.3,1.8,4.51,4.38,NON,OUI,NON,OUI,NON,NON,NON,🔴 Rejet,156.97,166.68,,,,,,,,,,,,,,
GRAB,3.48,6.62,3.18,4.9,5.51,4.29,8.9,-28.9,3.56,-2.2,-2.66,7.37,0.12,NON,NON,NON,NON,NON,NON,NON,🔴 Rejet,3.46,3.67,,,,,,,,,,,,,,
GRF,10.4,11.85,9.24,10.55,11.86,9.23,44.4,-1.4,10.37,0.3,1.0,6.82,0.21,NON,OUI,NON,OUI,NON,NON,NON,🔴 Rejet,10.06,10.68,,,,,,,,,,,,,,
GRMN,293.2,314.28,184.35,249.31,280.48,218.15,83.8,17.6,281.17,4.3,7.74,5.26,7.08,OUI,OUI,OUI,NON,NON,NON,OUI,🟢 STRAT3: Phase 2 precoce,272.74,289.61,293.2,2.558,0.8527,439.8,125.0,601.06,262.5,351.84,316.66,275.61,275.61,45.0,387.5,8.61
GRND,15.65,18.5,9.73,14.12,15.88,12.35,67.6,10.9,16.08,-2.7,0.55,5.84,0.71,OUI,NON,NON,OUI,NON,NON,NON,🔴 Rejet,15.6,16.57,,,,,,,,,,,,,,
GSAT,82.42,84.85,25.52,55.18,62.08,48.29,95.9,49.4,81.52,1.1,0.95,1.66,0.76,OUI,OUI,OUI,NON,NON,OUI,NON,🟢 STRAT2: Pullback MM30,79.07,83.96,82.42,9.0997,3.0332,123.63,125.0,168.96,262.5,98.9,89.01,77.47,77.47,45.0,387.5,8.61
GSK,51.67,60.11,37.31,48.71,54.8,42.62,63.0,6.1,51.21,0.9,-0.76,6.33,1.09,OUI,NON,NON,OUI,NON,NON,NON,🔴 Rejet,49.67,52.74,,,,,,,,,,,,,,
GT,5.95,10.62,5.43,8.02,9.03,7.02,10.0,-25.9,6.68,-10.9,-3.23,9.47,0.29,NON,NON,NON,NON,NON,NON,NON,🔴 Rejet,6.48,6.88,,,,,,,,,,,,,,
GTES,25.85,30.34,20.88,25.61,28.81,22.41,52.5,0.9,27.22,-5.0,0.4,5.6,0.9,OUI,NON,NON,OUI,NON,NON,NON,🔴 Rejet,26.41,28.04,,,,,,,,,,,,,,
GTLB,41.94,52.38,18.73,35.56,40.0,31.11,69.0,18.0,36.7,14.3,9.8,14.47,2.1,OUI,OUI,OUI,NON,NON,NON,OUI,🟢 STRAT3: Phase 2 precoce,35.6,37.8,41.94,17.8827,5.9609,62.91,125.0,85.98,262.5,50.33,45.3,39.42,39.42,45.0,387.5,8.61
GTM,3.87,12.51,2.54,7.53,8.47,6.58,13.3,-48.6,3.55,9.0,10.32,22.06,0.28,NON,OUI,NON,NON,NON,NON,NON,🔴 Rejet,3.44,3.66,,,,,,,,,,,,,,
GTX,25.86,36.25,12.13,24.19,27.21,21.16,56.9,6.9,29.95,-13.6,-5.44,5.95,1.02,OUI,NON,NON,OUI,NON,NON,NON,🔴 Rejet,29.05,30.85,,,,,,,,,,,,,,
GWRE,192.43,272.6,102.3,187.45,210.88,164.02,52.9,2.7,161.34,19.3,10.87,10.99,7.89,OUI,OUI,NON,OUI,OUI,NON,NON,🟢 STRAT1: Zone mediane,156.5,166.18,192.43,3.8975,1.2992,288.64,125.0,394.48,262.5,230.92,207.82,180.88,180.88,45.0,387.5,8.61
H,179.2,206.86,133.82,170.34,191.63,149.05,62.1,5.2,181.98,-1.5,-2.12,7.69,4.61,OUI,NON,NON,OUI,NON,NON,NON,🔴 Rejet,176.52,187.44,,,,,,,,,,,,,,
HAE,108.03,109.57,47.32,78.44,88.25,68.64,97.5,37.7,87.32,23.7,9.91,16.98,4.15,OUI,OUI,OUI,NON,NON,NON,NON,🟡 Chasing - attendre pullback,84.7,89.94,,,,,,,,,,,,,,
HAL,34.6,43.41,20.91,32.16,36.18,28.14,60.8,7.6,33.51,3.2,0.49,9.06,0.93,OUI,OUI,NON,OUI,OUI,NON,OUI,🟢 STRAT1: Zone mediane,32.5,34.51,34.6,21.6763,7.2254,51.9,125.0,70.93,262.5,41.52,37.37,32.52,32.52,45.0,387.5,8.61
HALO,107.57,108.49,61.23,84.86,95.47,74.25,98.1,26.8,89.94,19.6,10.46,20.84,3.89,OUI,OUI,OUI,NON,NON,NON,NON,🟡 Chasing - attendre pullback,87.24,92.64,,,,,,,,,,,,,,
HAS,95.63,104.6,67.33,85.96,96.71,75.22,75.9,11.2,90.51,5.7,6.14,5.55,2.18,OUI,OUI,NON,OUI,OUI,NON,OUI,🟢 STRAT1: Zone mediane,87.8,93.23,95.63,7.8427,2.6142,143.44,125.0,196.04,262.5,114.76,103.28,89.89,89.89,45.0,387.5,8.61
HBAN,17.08,19.09,14.64,16.86,18.97,14.76,54.7,1.3,17.59,-2.9,-0.61,4.16,0.34,NON,NON,NON,OUI,NON,NON,NON,🔴 Rejet,17.06,18.12,,,,,,,,,,,,,,
HCA,428.98,554.58,353.99,454.29,511.07,397.5,37.4,-5.6,399.06,7.5,0.74,6.8,11.37,NON,OUI,NON,OUI,NON,NON,NON,🔴 Rejet,387.09,411.03,,,,,,,,,,,,,,
HD,336.75,418.06,286.95,352.5,396.56,308.44,38.0,-4.5,340.21,-1.0,-0.57,5.82,8.56,NON,NON,NON,OUI,NON,NON,NON,🔴 Rejet,330.0,350.42,,,,,,,,,,,,,,
HDB,23.62,37.55,22.66,30.1,33.87,26.34,6.4,-21.5,23.87,-1.1,-4.05,2.58,0.34,NON,NON,NON,NON,NON,NON,NON,🔴 Rejet,23.16,24.59,,,,,,,,,,,,,,
HE,11.41,17.38,10.79,14.08,15.85,12.32,9.5,-19.0,12.62,-9.6,-4.53,6.64,0.34,NON,NON,NON,NON,NON,NON,NON,🔴 Rejet,12.25,13.0,,,,,,,,,,,,,,
HEI,352.95,376.86,256.02,316.44,355.99,276.88,80.2,11.5,357.12,-1.2,0.95,5.11,8.39,OUI,NON,NON,OUI,NON,NON,NON,🔴 Rejet,346.41,367.84,,,,,,,,,,,,,,
HELE,28.59,30.68,13.85,22.27,25.05,19.48,87.6,28.4,28.54,0.2,1.47,12.41,1.38,OUI,OUI,OUI,NON,NON,OUI,NON,🟢 STRAT2: Pullback MM30,27.68,29.39,28.59,26.2329,8.7443,42.88,125.0,58.61,262.5,34.31,30.88,26.87,26.87,45.0,387.5,8.61
HESM,38.85,40.97,29.07,35.02,39.4,30.64,82.2,10.9,39.62,-1.9,1.82,4.84,0.82,OUI,NON,NON,OUI,NON,NON,NON,🔴 Rejet,38.43,40.81,,,,,,,,,,,,,,
HGV,44.86,55.4,36.79,46.1,51.86,40.33,43.4,-2.7,47.11,-4.8,-4.42,11.13,1.77,NON,NON,NON,OUI,NON,NON,NON,🔴 Rejet,45.69,48.52,,,,,,,,,,,,,,
HHH,66.84,91.07,61.01,76.04,85.54,66.53,19.4,-12.1,67.2,-0.5,-2.75,7.49,1.83,NON,NON,NON,OUI,NON,NON,NON,🔴 Rejet,65.18,69.21,,,,,,,,,,,,,,
HIG,138.97,146.07,118.73,132.4,148.95,115.85,74.0,5.0,140.17,-0.9,0.14,4.35,2.41,OUI,NON,NON,OUI,NON,NON,NON,🔴 Rejet,135.96,144.37,,,,,,,,,,,,,,
HIMS,30.54,65.3,13.74,39.52,44.46,34.58,32.6,-22.7,30.82,-0.9,-5.76,22.29,2.08,OUI,NON,NON,NON,NON,NON,NON,🔴 Rejet,29.89,31.74,,,,,,,,,,,,,,
HIMX,13.52,24.66,6.73,15.69,17.66,13.73,37.8,-13.9,13.64,-0.9,-0.22,13.66,0.77,OUI,NON,NON,NON,NON,NON,NON,🔴 Rejet,13.23,14.04,,,,,,,,,,,,,,
HKD,1.7,5.47,1.26,3.36,3.79,2.94,10.3,-49.6,1.65,2.7,2.73,9.24,0.07,OUI,OUI,NON,NON,NON,NON,NON,🟡 Phase 2 - pas de breakout,1.6,1.7,,,,,,,,,,,,,,
HLI,129.0,209.24,112.83,161.04,181.16,140.91,16.8,-19.9,132.67,-2.8,-2.14,10.47,4.5,NON,NON,NON,NON,NON,NON,NON,🔴 Rejet,128.69,136.65,,,,,,,,,,,,,,
HLIO,74.89,94.91,46.79,70.85,79.7,61.99,58.4,5.7,79.82,-6.2,-1.5,6.04,2.91,OUI,NON,NON,OUI,NON,NON,NON,🔴 Rejet,77.43,82.22,,,,,,,,,,,,,,
HLN,10.17,11.06,8.54,9.8,11.02,8.57,64.7,3.8,9.86,3.1,0.8,4.1,0.17,NON,OUI,NON,OUI,NON,NON,NON,🔴 Rejet,9.57,10.16,,,,,,,,,,,,,,
HLT,329.49,357.84,253.04,305.44,343.62,267.26,72.9,7.9,323.0,2.0,-0.85,6.66,7.15,OUI,NON,NON,OUI,NON,NON,NON,🔴 Rejet,313.31,332.69,,,,,,,,,,,,,,
HMC,32.69,34.89,23.25,29.07,32.7,25.44,81.1,12.5,30.33,7.8,4.76,5.58,0.63,OUI,OUI,NON,OUI,OUI,NON,OUI,🟢 STRAT1: Zone mediane,29.42,31.24,32.69,22.9428,7.6476,49.04,125.0,67.01,262.5,39.23,35.31,30.73,30.73,45.0,387.5,8.61
HOG,28.16,30.44,16.96,23.7,26.66,20.74,83.1,18.8,26.48,6.3,3.18,9.53,0.88,OUI,OUI,OUI,NON,NON,NON,OUI,🟢 STRAT3: Phase 2 precoce,25.69,27.28,28.16,26.6335,8.8778,42.24,125.0,57.73,262.5,33.79,30.41,26.47,26.47,45.0,387.5,8.61
HOMB,30.22,31.54,25.29,28.41,31.96,24.86,78.9,6.4,30.61,-1.3,2.57,3.04,0.44,OUI,NON,NON,OUI,NON,NON,NON,🔴 Rejet,29.7,31.53,,,,,,,,,,,,,,
HON,214.73,258.09,193.26,225.67,253.88,197.46,33.1,-4.8,233.76,-8.1,0.2,7.35,5.77,NON,NON,NON,OUI,NON,NON,NON,🔴 Rejet,226.74,240.77,,,,,,,,,,,,,,
HOOD,105.72,153.86,63.51,108.69,122.27,95.1,46.7,-2.7,97.5,8.4,-4.18,17.32,5.22,OUI,NON,NON,OUI,NON,NON,NON,🔴 Rejet,94.57,100.42,,,,,,,,,,,,,,
HP,42.52,45.0,17.47,31.24,35.14,27.33,91.0,36.1,37.52,13.3,11.11,17.69,1.79,OUI,OUI,OUI,NON,NON,NON,NON,🟡 Chasing - attendre pullback,36.4,38.65,,,,,,,,,,,,,,
HPE,52.51,64.06,19.62,41.84,47.07,36.61,74.0,25.5,50.97,3.0,7.46,11.7,3.04,OUI,OUI,OUI,NON,NON,NON,OUI,🟢 STRAT3: Phase 2 precoce,49.44,52.5,52.51,14.283,4.761,78.76,125.0,107.65,262.5,63.01,56.71,49.36,49.36,45.0,387.5,8.61
HPQ,28.61,32.19,17.07,24.63,27.71,21.55,76.4,16.2,27.62,3.6,8.64,12.35,1.25,OUI,OUI,OUI,NON,NON,NON,OUI,🟢 STRAT3: Phase 2 precoce,26.79,28.44,28.61,26.2146,8.7382,42.92,125.0,58.65,262.5,34.33,30.9,26.89,26.89,45.0,387.5,8.61
HRB,54.08,58.67,27.48,43.08,48.46,37.69,85.3,25.5,46.29,16.8,10.26,18.18,2.49,OUI,OUI,OUI,NON,NON,NON,NON,🟡 Chasing - attendre pullback,44.9,47.68,,,,,,,,,,,,,,
HRL,24.06,27.89,19.47,23.68,26.64,20.72,54.6,1.6,24.93,-3.5,-0.39,3.71,0.44,NON,NON,NON,OUI,NON,NON,NON,🔴 Rejet,24.18,25.68,,,,,,,,,,,,,,
HRMY,38.63,40.87,25.52,33.19,37.34,29.05,85.4,16.4,36.95,4.5,1.72,7.68,1.21,OUI,OUI,OUI,NON,NON,NON,NON,🟡 Chasing - attendre pullback,35.84,38.06,,,,,,,,,,,,,,
HSAI,18.11,30.85,14.29,22.57,25.39,19.75,23.1,-19.8,17.07,6.1,3.47,15.08,0.94,NON,OUI,NON,NON,NON,NON,NON,🔴 Rejet,16.56,17.59,,,,,,,,,,,,,,
HSIC,89.4,92.18,61.95,77.07,86.7,67.43,90.8,16.0,87.6,2.1,1.73,3.27,1.86,OUI,OUI,OUI,NON,NON,OUI,NON,🟢 STRAT2: Pullback MM30,84.97,90.23,89.4,8.3893,2.7964,134.1,125.0,183.27,262.5,107.28,96.55,84.04,84.04,45.0,387.5,8.61
HST,23.16,25.71,14.59,20.15,22.67,17.63,77.0,14.9,23.87,-3.0,-0.57,8.21,0.57,OUI,NON,OUI,NON,NON,NON,NON,🔴 Rejet,23.15,24.58,,,,,,,,,,,,,,
HSY,189.37,235.8,156.7,196.25,220.78,171.72,41.3,-3.5,178.51,6.1,1.85,4.68,3.43,NON,OUI,NON,OUI,NON,NON,NON,🔴 Rejet,173.15,183.86,,,,,,,,,,,,,,
HTHT,48.53,55.19,33.72,44.46,50.01,38.9,68.9,9.2,43.11,12.6,2.78,14.11,1.56,OUI,OUI,NON,OUI,OUI,NON,OUI,🟢 STRAT1: Zone mediane,41.82,44.4,48.53,15.4544,5.1515,72.8,125.0,99.49,262.5,58.24,52.41,45.62,45.62,45.0,387.5,8.61
HTZ,2.23,8.18,1.45,4.82,5.42,4.21,11.6,-53.7,1.97,13.1,3.05,43.48,0.34,NON,OUI,NON,NON,NON,NON,NON,🔴 Rejet,1.91,2.03,,,,,,,,,,,,,,
HUBB,467.0,563.81,400.19,482.0,542.25,421.75,40.8,-3.1,489.32,-4.6,-0.01,6.79,12.98,NON,NON,NON,OUI,NON,NON,NON,🔴 Rejet,474.64,504.0,,,,,,,,,,,,,,
HUBS,241.99,525.51,169.63,347.57,391.02,304.12,20.3,-30.4,225.8,7.2,5.05,28.6,18.39,NON,OUI,NON,NON,NON,NON,NON,🔴 Rejet,219.03,232.58,,,,,,,,,,,,,,
HUM,385.52,428.88,161.9,295.39,332.32,258.47,83.8,30.5,383.81,0.4,-1.26,8.03,13.26,OUI,NON,OUI,NON,NON,NON,NON,🔴 Rejet,372.3,395.33,,,,,,,,,,,,,,
HUN,9.63,16.09,7.15,11.62,13.07,10.17,27.7,-17.1,11.02,-12.6,-2.31,6.84,0.35,NON,NON,NON,NON,NON,NON,NON,🔴 Rejet,10.69,11.35,,,,,,,,,,,,,,
HWC,75.12,80.13,52.88,66.5,74.82,58.19,81.6,13.0,77.28,-2.8,1.12,3.73,1.27,OUI,NON,OUI,NON,NON,NON,NON,🔴 Rejet,74.96,79.6,,,,,,,,,,,,,,
HWM,262.6,309.85,169.89,239.87,269.85,209.88,66.2,9.5,281.36,-6.7,1.12,6.91,8.86,OUI,NON,NON,OUI,NON,NON,NON,🔴 Rejet,272.92,289.81,,,,,,,,,,,,,,
HXL,92.06,111.55,59.77,85.66,96.36,74.95,62.4,7.5,102.94,-10.6,-0.04,6.31,3.07,OUI,NON,NON,OUI,NON,NON,NON,🔴 Rejet,99.86,106.03,,,,,,,,,,,,,,
IAG,21.73,24.87,8.29,16.58,18.65,14.51,81.1,31.1,16.48,31.9,7.72,17.95,1.02,OUI,OUI,OUI,NON,NON,NON,OUI,🟢 STRAT3: Phase 2 precoce,15.98,16.97,21.73,34.5145,11.5048,32.6,125.0,44.55,262.5,26.08,23.47,20.43,20.43,45.0,387.5,8.61
IART,16.46,20.49,8.7,14.59,16.42,12.77,65.8,12.8,17.98,-8.4,-1.42,8.84,0.72,OUI,NON,OUI,NON,NON,NON,NON,🔴 Rejet,17.44,18.52,,,,,,,,,,,,,,
IBKR,92.97,97.84,58.75,78.3,88.08,68.51,87.5,18.7,91.11,2.0,-0.35,8.79,2.79,OUI,NON,OUI,NON,NON,NON,NON,🔴 Rejet,88.38,93.85,,,,,,,,,,,,,,
IBM,232.62,330.09,197.77,263.93,296.92,230.94,26.3,-11.9,224.89,3.4,-7.52,5.09,6.04,NON,NON,NON,OUI,NON,NON,NON,🔴 Rejet,218.15,231.64,,,,,,,,,,,,,,
IBN,29.72,32.89,24.87,28.88,32.49,25.27,60.4,2.9,29.7,0.1,0.71,2.85,0.39,OUI,OUI,NON,OUI,OUI,NON,OUI,🟢 STRAT1: Zone mediane,28.81,30.59,29.72,25.2355,8.4118,44.58,125.0,60.93,262.5,35.66,32.1,27.94,27.94,45.0,387.5,8.61
IBOC,71.99,77.68,61.94,69.81,78.54,61.08,63.8,3.1,74.19,-3.0,-1.28,3.65,1.32,OUI,NON,NON,OUI,NON,NON,NON,🔴 Rejet,71.97,76.42,,,,,,,,,,,,,,
ICE,162.15,179.36,121.79,150.57,169.4,131.75,70.1,7.7,149.96,8.1,5.63,2.97,3.23,NON,OUI,NON,OUI,NON,NON,NON,🔴 Rejet,145.46,154.46,,,,,,,,,,,,,,
ICFI,89.04,100.97,58.71,79.84,89.82,69.86,71.8,11.5,84.14,5.8,5.56,13.19,3.35,NON,OUI,NON,OUI,NON,NON,NON,🔴 Rejet,81.62,86.67,,,,,,,,,,,,,,
ICL,5.72,6.91,4.68,5.8,6.52,5.07,46.6,-1.3,5.29,8.2,3.53,7.07,0.13,OUI,OUI,NON,OUI,OUI,NON,NON,🟢 STRAT1: Zone mediane,5.13,5.45,5.72,131.1189,43.7063,8.58,125.0,11.73,262.5,6.86,6.18,5.38,5.38,45.0,387.5,8.61
ICLR,172.85,203.91,66.57,135.24,152.15,118.34,77.4,27.8,167.82,3.0,-0.21,7.76,6.73,NON,NON,OUI,NON,NON,NON,NON,🔴 Rejet,162.79,172.86,,,,,,,,,,,,,,
IDA,137.65,153.97,119.22,136.59,153.67,119.52,53.1,0.8,143.7,-4.2,-2.17,3.83,2.68,OUI,NON,NON,OUI,NON,NON,NON,🔴 Rejet,139.39,148.01,,,,,,,,,,,,,,
IDCC,342.6,409.73,248.51,329.12,370.26,287.98,58.4,4.1,305.46,12.2,8.2,9.27,11.52,OUI,OUI,NON,OUI,OUI,NON,NON,🟢 STRAT1: Zone mediane,296.3,314.63,342.6,2.1891,0.7297,513.9,125.0,702.33,262.5,411.12,370.01,322.04,322.04,45.0,387.5,8.61
IDXX,557.28,769.98,518.55,644.26,724.8,563.73,15.4,-13.5,563.65,-1.1,0.37,6.38,17.67,NON,NON,NON,NON,NON,NON,NON,🔴 Rejet,546.74,580.56,,,,,,,,,,,,,,
IEP,6.7,7.44,5.82,6.63,7.46,5.8,54.3,1.0,7.03,-4.7,0.19,8.14,0.2,OUI,NON,NON,OUI,NON,NON,NON,🔴 Rejet,6.82,7.24,,,,,,,,,,,,,,
IESC,326.75,804.0,291.55,547.77,616.25,479.3,6.9,-40.3,674.31,-51.5,-4.86,47.75,60.12,NON,NON,NON,NON,NON,NON,NON,🔴 Rejet,654.08,694.54,,,,,,,,,,,,,,
IEX,233.4,243.8,155.87,199.84,224.82,174.86,88.2,16.8,230.97,1.1,2.07,3.99,4.82,OUI,OUI,OUI,NON,NON,OUI,NON,🟢 STRAT2: Pullback MM30,224.04,237.89,233.4,3.2134,1.0711,350.1,125.0,478.47,262.5,280.08,252.07,219.4,219.4,45.0,387.5,8.61
IFF,85.32,89.32,58.13,73.72,82.94,64.51,87.2,15.7,80.72,5.7,1.72,11.24,2.57,OUI,OUI,OUI,NON,NON,NON,NON,🟡 Chasing - attendre pullback,78.3,83.14,,,,,,,,,,,,,,
IG,20.21,20.68,19.7,20.19,22.71,17.67,52.1,0.1,20.21,0.0,-0.36,1.1,0.08,NON,NON,NON,OUI,NON,NON,NON,🔴 Rejet,19.6,20.81,,,,,,,,,,,,,,
IHG,162.87,175.18,115.79,145.48,163.67,127.3,79.3,11.9,158.48,2.8,-1.46,5.82,3.13,OUI,NON,NON,OUI,NON,NON,NON,🔴 Rejet,153.72,163.23,,,,,,,,,,,,,,
ILMN,221.31,221.83,88.0,154.92,174.28,135.55,99.6,42.9,196.2,12.8,2.3,11.9,8.95,OUI,OUI,OUI,NON,NON,NON,NON,🟡 Chasing - attendre pullback,190.31,202.08,,,,,,,,,,,,,,
IMAX,54.6,55.57,26.17,40.87,45.98,35.76,96.7,33.6,47.42,15.1,10.57,11.62,2.09,OUI,OUI,OUI,NON,NON,NON,NON,🟡 Chasing - attendre pullback,46.0,48.84,,,,,,,,,,,,,,
IMCR,36.69,40.72,27.56,34.14,38.4,29.87,69.5,7.5,34.57,6.1,3.2,6.4,1.34,OUI,OUI,NON,OUI,OUI,NON,OUI,🟢 STRAT1: Zone mediane,33.53,35.61,36.69,20.4415,6.8138,55.04,125.0,75.21,262.5,44.03,39.63,34.49,34.49,45.0,387.5,8.61
INCY,127.92,132.6,81.09,106.85,120.2,93.49,90.9,19.7,120.86,5.8,2.31,5.58,3.36,OUI,OUI,OUI,NON,NON,NON,NON,🟡 Chasing - attendre pullback,117.23,124.48,,,,,,,,,,,,,,
INDB,83.78,87.5,61.82,74.66,83.99,65.33,85.5,12.2,84.85,-1.3,0.36,3.63,1.29,OUI,NON,NON,OUI,NON,NON,NON,🔴 Rejet,82.3,87.4,,,,,,,,,,,,,,
INFY,11.9,29.37,10.3,19.83,22.31,17.35,8.4,-40.0,11.87,0.2,3.15,6.64,0.34,NON,OUI,NON,NON,NON,NON,NON,🔴 Rejet,11.52,12.23,,,,,,,,,,,,,,
ING,35.06,35.98,22.62,29.3,32.97,25.64,93.1,19.7,34.06,2.9,3.66,3.39,0.42,OUI,OUI,OUI,NON,NON,OUI,NON,🟢 STRAT2: Pullback MM30,33.04,35.08,35.06,21.3919,7.1306,52.59,125.0,71.87,262.5,42.07,37.86,32.96,32.96,45.0,387.5,8.61
INGM,27.91,31.59,18.52,25.05,28.19,21.92,71.8,11.4,28.58,-2.3,0.37,5.3,0.82,OUI,NON,NON,OUI,NON,NON,NON,🔴 Rejet,27.72,29.44,,,,,,,,,,,,,,
INGR,106.14,126.6,93.62,110.11,123.87,96.35,38.0,-3.6,103.0,3.0,2.72,4.22,1.93,NON,OUI,NON,OUI,NON,NON,NON,🔴 Rejet,99.91,106.09,,,,,,,,,,,,,,
INMD,15.09,16.74,12.72,14.73,16.57,12.89,58.8,2.4,15.2,-0.8,0.65,2.63,0.22,NON,NON,NON,OUI,NON,NON,NON,🔴 Rejet,14.75,15.66,,,,,,,,,,,,,,
INOD,57.63,125.14,34.23,79.68,89.65,69.72,25.7,-27.7,62.3,-7.5,-4.44,13.77,4.99,OUI,NON,NON,NON,NON,NON,NON,🔴 Rejet,60.43,64.17,,,,,,,,,,,,,,
INSP,60.84,147.03,38.91,92.97,104.59,81.35,20.3,-34.6,55.36,9.9,6.96,11.38,2.38,NON,OUI,NON,NON,NON,NON,NON,🔴 Rejet,53.7,57.02,,,,,,,,,,,,,,
INTC,87.72,142.35,23.65,83.0,93.38,72.63,54.0,5.7,96.74,-9.3,-7.0,10.84,5.32,OUI,NON,NON,OUI,NON,NON,NON,🔴 Rejet,93.84,99.64,,,,,,,,,,,,,,
INTR,5.59,10.23,5.04,7.64,8.59,6.68,10.7,-26.7,5.45,2.6,-1.95,13.26,0.3,NON,NON,NON,NON,NON,NON,NON,🔴 Rejet,5.29,5.62,,,,,,,,,,,,,,
INTU,370.8,697.25,251.72,474.49,533.8,415.18,26.7,-21.9,321.68,15.3,9.02,10.65,13.2,NON,OUI,NON,NON,NON,NON,NON,🔴 Rejet,312.03,331.33,,,,,,,,,,,,,,
INVH,30.46,30.89,23.72,27.3,30.72,23.89,94.0,11.6,30.04,1.4,0.0,3.89,0.46,OUI,NON,NON,OUI,NON,NON,NON,🔴 Rejet,29.14,30.94,,,,,,,,,,,,,,
IONS,61.36,86.74,41.71,64.22,72.25,56.2,43.6,-4.5,55.92,9.7,-9.21,8.13,1.9,NON,NON,NON,OUI,NON,NON,NON,🔴 Rejet,54.24,57.6,,,,,,,,,,,,,,
IP,40.97,48.47,28.51,38.49,43.3,33.68,62.4,6.4,40.02,2.4,2.84,7.15,1.17,NON,OUI,NON,OUI,NON,NON,NON,🔴 Rejet,38.82,41.22,,,,,,,,,,,,,,
IPAR,116.28,129.29,75.21,102.25,115.03,89.47,75.9,13.7,120.69,-3.7,-0.41,8.83,5.01,OUI,NON,OUI,NON,NON,NON,NON,🔴 Rejet,117.07,124.31,,,,,,,,,,,,,,
IPGP,71.29,155.82,69.41,112.62,126.69,98.54,2.2,-36.7,89.18,-20.1,-8.99,13.92,5.07,NON,NON,NON,NON,NON,NON,NON,🔴 Rejet,86.5,91.85,,,,,,,,,,,,,,
IR,79.84,100.89,68.05,84.47,95.03,73.91,35.9,-5.5,83.73,-4.6,1.07,4.1,2.1,NON,NON,NON,OUI,NON,NON,NON,🔴 Rejet,81.22,86.24,,,,,,,,,,,,,,
IRDM,47.63,57.18,15.38,36.28,40.82,31.75,77.2,31.3,48.04,-0.9,-2.07,5.94,1.32,OUI,NON,OUI,NON,NON,NON,NON,🔴 Rejet,46.6,49.48,,,,,,,,,,,,,,
IREN,40.66,76.87,18.87,47.87,53.85,41.89,37.6,-15.1,39.49,2.9,0.4,18.42,3.42,NON,OUI,NON,NON,NON,NON,NON,🔴 Rejet,38.31,40.68,,,,,,,,,,,,,,
IRM,120.53,134.68,76.62,105.65,118.85,92.44,75.6,14.1,124.25,-3.0,1.1,7.41,4.22,OUI,NON,OUI,NON,NON,NON,NON,🔴 Rejet,120.52,127.98,,,,,,,,,,,,,,
IRS,15.11,19.14,10.87,15.0,16.88,13.13,51.3,0.7,15.02,0.6,-1.66,5.41,0.44,NON,NON,NON,OUI,NON,NON,NON,🔴 Rejet,14.57,15.47,,,,,,,,,,,,,,
ISRG,375.75,603.88,328.57,466.23,524.5,407.95,17.1,-19.4,372.63,0.8,-1.98,8.49,10.9,NON,NON,NON,NON,NON,NON,NON,🔴 Rejet,361.45,383.81,,,,,,,,,,,,,,
IT,201.71,265.85,124.25,195.05,219.43,170.67,54.7,3.4,165.62,21.8,11.84,10.05,9.12,NON,OUI,NON,OUI,NON,NON,NON,🔴 Rejet,160.65,170.59,,,,,,,,,,,,,,
ITUB,7.52,9.47,6.01,7.74,8.71,6.77,43.7,-2.8,7.99,-5.9,-3.56,8.1,0.23,NON,NON,NON,OUI,NON,NON,NON,🔴 Rejet,7.75,8.23,,,,,,,,,,,,,,
IX,39.18,42.39,24.19,33.29,37.45,29.13,82.4,17.7,39.79,-1.5,0.05,7.64,0.85,OUI,NON,OUI,NON,NON,NON,NON,🔴 Rejet,38.59,40.98,,,,,,,,,,,,,,
J,152.29,166.66,105.09,135.88,152.86,118.89,76.7,12.1,139.25,9.4,4.94,4.79,3.64,OUI,OUI,NON,OUI,OUI,NON,OUI,🟢 STRAT1: Zone mediane,135.07,143.42,152.29,4.9248,1.6416,228.44,125.0,312.19,262.5,182.75,164.47,143.15,143.15,45.0,387.5,8.61
JAZZ,253.1,265.05,121.4,193.22,217.38,169.07,91.7,31.0,251.51,0.6,0.94,5.54,6.76,OUI,OUI,OUI,NON,NON,OUI,NON,🟢 STRAT2: Pullback MM30,243.97,259.06,253.1,2.9633,0.9878,379.65,125.0,518.85,262.5,303.72,273.35,237.91,237.91,45.0,387.5,8.61
JBHT,261.21,299.26,129.06,214.16,240.93,187.39,77.6,22.0,277.61,-5.9,-0.94,8.45,8.55,OUI,NON,OUI,NON,NON,NON,NON,🔴 Rejet,269.28,285.94,,,,,,,,,,,,,,
JBL,306.23,428.84,189.46,309.15,347.79,270.5,48.8,-0.9,326.62,-6.2,-0.21,12.86,14.89,OUI,NON,NON,OUI,NON,NON,NON,🔴 Rejet,316.82,336.42,,,,,,,,,,,,,,
JBLU,4.93,6.62,3.87,5.24,5.9,4.59,38.7,-5.9,5.57,-11.4,-2.99,11.78,0.25,NON,NON,NON,OUI,NON,NON,NON,🔴 Rejet,5.4,5.74,,,,,,,,,,,,,,
JBS,13.89,17.27,11.45,14.36,16.15,12.56,41.8,-3.3,13.2,5.2,4.0,9.17,0.49,NON,OUI,NON,OUI,NON,NON,NON,🔴 Rejet,12.81,13.6,,,,,,,,,,,,,,
JCI,142.52,157.06,103.22,130.14,146.4,113.87,73.0,9.5,146.49,-2.7,1.55,5.76,3.79,OUI,NON,NON,OUI,NON,NON,NON,🔴 Rejet,142.09,150.88,,,,,,,,,,,,,,
JD,29.12,35.59,23.66,29.63,33.33,25.92,45.7,-1.7,30.78,-5.4,3.02,9.3,0.82,OUI,NON,NON,OUI,NON,NON,NON,🔴 Rejet,29.86,31.7,,,,,,,,,,,,,,
JEF,51.9,68.96,35.0,51.98,58.48,45.48,49.8,-0.2,54.79,-5.3,1.36,5.07,1.38,NON,NON,NON,OUI,NON,NON,NON,🔴 Rejet,53.15,56.44,,,,,,,,,,,,,,
JHX,30.26,31.36,16.46,23.91,26.9,20.92,92.6,26.6,28.07,7.8,6.56,10.23,0.98,OUI,OUI,OUI,NON,NON,NON,NON,🟡 Chasing - attendre pullback,27.22,28.91,,,,,,,,,,,,,,
JJSF,89.8,112.17,68.16,90.17,101.44,78.89,49.2,-0.4,82.99,8.2,5.81,12.83,3.23,NON,OUI,NON,OUI,NON,NON,NON,🔴 Rejet,80.5,85.48,,,,,,,,,,,,,,
JKHY,170.16,191.83,121.04,156.43,175.99,136.88,69.4,8.8,154.81,9.9,2.81,8.66,5.26,NON,OUI,NON,OUI,NON,NON,NON,🔴 Rejet,150.17,159.45,,,,,,,,,,,,,,
JLL,386.42,393.84,259.83,326.83,367.69,285.98,94.5,18.2,353.73,9.2,5.3,7.24,10.57,OUI,OUI,OUI,NON,NON,NON,NON,🟡 Chasing - attendre pullback,343.12,364.34,,,,,,,,,,,,,,
JMIA,6.51,14.72,5.69,10.21,11.48,8.93,9.1,-36.2,6.22,4.6,-2.87,17.65,0.36,NON,NON,NON,NON,NON,NON,NON,🔴 Rejet,6.04,6.41,,,,,,,,,,,,,,
JNJ,272.9,276.47,170.35,223.41,251.33,195.48,96.6,22.2,259.91,5.0,0.87,4.68,5.44,OUI,OUI,OUI,NON,NON,NON,NON,🟡 Chasing - attendre pullback,252.12,267.71,,,,,,,,,,,,,,
JOBY,7.3,19.98,6.63,13.3,14.97,11.64,5.0,-45.1,7.67,-4.9,-2.04,13.31,0.44,NON,NON,NON,NON,NON,NON,NON,🔴 Rejet,7.44,7.9,,,,,,,,,,,,,,
JPM,356.14,366.5,276.43,321.47,361.65,281.28,88.5,10.8,353.58,0.7,2.52,3.37,5.47,OUI,OUI,NON,OUI,OUI,NON,NON,🟢 STRAT1: Zone mediane,342.97,364.18,356.14,2.1059,0.702,534.21,125.0,730.09,262.5,427.37,384.63,334.77,334.77,45.0,387.5,8.61
JXN,132.07,137.99,87.44,112.72,126.81,98.63,88.3,17.2,127.35,3.7,6.35,6.24,3.54,OUI,OUI,OUI,NON,NON,NON,NON,🟡 Chasing - attendre pullback,123.53,131.17,,,,,,,,,,,,,,
KALU,151.55,199.89,71.41,135.65,152.61,118.69,62.4,11.7,167.6,-9.6,-0.56,18.16,9.38,OUI,NON,NON,OUI,NON,NON,NON,🔴 Rejet,162.57,172.63,,,,,,,,,,,,,,
KBH,55.76,67.52,43.84,55.68,62.64,48.72,50.3,0.1,56.23,-0.8,-1.74,9.96,1.88,NON,NON,NON,OUI,NON,NON,NON,🔴 Rejet,54.55,57.92,,,,,,,,,,,,,,
KBR,37.69,51.56,29.8,40.68,45.77,35.6,36.3,-7.4,36.88,2.2,2.1,7.3,1.07,NON,OUI,NON,OUI,NON,NON,NON,🔴 Rejet,35.77,37.99,,,,,,,,,,,,,,
KD,12.98,33.9,10.1,22.0,24.75,19.25,12.1,-41.0,12.91,0.5,2.39,12.57,0.76,NON,OUI,NON,NON,NON,NON,NON,🔴 Rejet,12.53,13.3,,,,,,,,,,,,,,
KDP,32.44,34.43,24.43,29.43,33.11,25.75,80.1,10.2,30.68,5.8,-1.2,8.24,1.08,OUI,NON,NON,OUI,NON,NON,NON,🔴 Rejet,29.76,31.6,,,,,,,,,,,,,,
KEP,11.34,23.41,11.16,17.28,19.45,15.12,1.5,-34.4,11.79,-3.8,-1.93,7.17,0.28,NON,NON,NON,NON,NON,NON,NON,🔴 Rejet,11.44,12.15,,,,,,,,,,,,,,
KEX,138.36,157.69,79.52,118.6,133.43,103.78,75.3,16.7,139.07,-0.5,0.24,4.47,3.4,OUI,NON,OUI,NON,NON,NON,NON,🔴 Rejet,134.9,143.25,,,,,,,,,,,,,,
KEY,21.92,24.07,15.97,20.02,22.52,17.52,73.5,9.5,22.81,-3.9,-0.88,4.36,0.43,OUI,NON,NON,OUI,NON,NON,NON,🔴 Rejet,22.12,23.49,,,,,,,,,,,,,,
KEYS,311.64,374.96,158.79,266.88,300.24,233.52,70.7,16.8,327.54,-4.9,1.29,10.03,13.43,OUI,NON,OUI,NON,NON,NON,NON,🔴 Rejet,317.72,337.37,,,,,,,,,,,,,,
KFY,84.71,86.22,57.98,72.1,81.11,63.09,94.7,17.5,81.7,3.7,5.73,3.77,1.76,OUI,OUI,OUI,NON,NON,NON,NON,🟡 Chasing - attendre pullback,79.25,84.15,,,,,,,,,,,,,,
KHC,25.64,28.09,20.66,24.38,27.42,21.33,67.0,5.2,25.69,-0.2,0.54,7.98,0.73,OUI,NON,NON,OUI,NON,NON,NON,🔴 Rejet,24.92,26.46,,,,,,,,,,,,,,
KKR,107.63,151.01,82.35,116.68,131.26,102.09,36.8,-7.8,104.01,3.5,5.44,11.4,4.35,NON,OUI,NON,OUI,NON,NON,NON,🔴 Rejet,100.89,107.13,,,,,,,,,,,,,,
KLAC,182.05,307.02,82.78,194.9,219.26,170.54,44.3,-6.6,199.82,-8.9,-7.31,10.31,9.45,OUI,NON,NON,OUI,NON,NON,NON,🔴 Rejet,193.83,205.82,,,,,,,,,,,,,,
KMB,111.15,128.11,91.17,109.64,123.34,95.93,54.1,1.4,109.38,1.6,-0.72,5.79,2.48,OUI,NON,NON,OUI,NON,NON,NON,🔴 Rejet,106.1,112.66,,,,,,,,,,,,,,
KMI,30.95,34.49,24.74,29.61,33.31,25.91,63.7,4.5,31.8,-2.7,0.05,5.68,0.72,OUI,NON,NON,OUI,NON,NON,NON,🔴 Rejet,30.84,32.75,,,,,,,,,,,,,,
KMPR,27.89,52.44,22.42,37.43,42.11,32.75,18.2,-25.5,27.76,0.5,-2.12,11.54,1.15,NON,NON,NON,NON,NON,NON,NON,🔴 Rejet,26.93,28.6,,,,,,,,,,,,,,
KMT,29.19,43.3,19.86,31.58,35.53,27.63,39.8,-7.6,32.9,-11.3,-3.07,9.35,1.59,NON,NON,NON,OUI,NON,NON,NON,🔴 Rejet,31.92,33.89,,,,,,,,,,,,,,
KMX,62.9,63.1,30.26,46.68,52.51,40.84,99.4,34.7,58.53,7.5,4.65,6.89,2.06,OUI,OUI,OUI,NON,NON,NON,NON,🟡 Chasing - attendre pullback,56.77,60.29,,,,,,,,,,,,,,
KNSL,393.55,484.06,287.2,385.63,433.84,337.43,54.0,2.1,361.61,8.8,3.37,5.83,10.07,NON,OUI,NON,OUI,NON,NON,NON,🔴 Rejet,350.77,372.46,,,,,,,,,,,,,,
KNX,68.9,82.86,38.27,60.56,68.14,52.99,68.7,13.8,71.83,-4.1,-2.35,8.71,2.19,OUI,NON,OUI,NON,NON,NON,NON,🔴 Rejet,69.67,73.98,,,,,,,,,,,,,,
KO,91.61,92.49,64.04,78.26,88.05,68.48,96.9,17.1,86.26,6.2,2.27,2.9,1.34,OUI,OUI,OUI,NON,NON,NON,NON,🟡 Chasing - attendre pullback,83.68,88.85,,,,,,,,,,,,,,
KR,58.81,75.66,53.78,64.72,72.81,56.63,23.0,-9.1,57.13,2.9,-0.64,4.89,1.31,NON,NON,NON,OUI,NON,NON,NON,🔴 Rejet,55.41,58.84,,,,,,,,,,,,,,
KRC,36.84,42.39,26.89,34.64,38.97,30.31,64.2,6.4,38.2,-3.6,-1.78,6.31,0.94,OUI,NON,NON,OUI,NON,NON,NON,🔴 Rejet,37.05,39.35,,,,,,,,,,,,,,
KRYS,339.3,382.54,136.73,259.63,292.09,227.18,82.4,30.7,338.35,0.3,-3.43,6.51,9.96,OUI,NON,OUI,NON,NON,NON,NON,🔴 Rejet,328.2,348.5,,,,,,,,,,,,,,
KSS,18.3,24.64,11.29,17.97,20.21,15.72,52.4,1.8,18.59,-1.6,2.63,14.16,0.91,OUI,NON,NON,OUI,NON,NON,NON,🔴 Rejet,18.04,19.15,,,,,,,,,,,,,,
KT,18.95,24.58,17.13,20.85,23.46,18.25,24.4,-9.1,18.39,3.0,1.96,4.89,0.41,NON,OUI,NON,OUI,NON,NON,NON,🔴 Rejet,17.84,18.94,,,,,,,,,,,,,,
KTOS,53.56,134.0,43.09,88.55,99.61,77.48,11.5,-39.5,53.71,-0.3,6.91,15.5,4.05,NON,NON,NON,NON,NON,NON,NON,🔴 Rejet,52.1,55.32,,,,,,,,,,,,,,
KVUE,19.36,20.78,13.38,17.08,19.21,14.94,80.9,13.4,19.0,1.9,-0.25,4.8,0.38,OUI,NON,OUI,NON,NON,NON,NON,🔴 Rejet,18.43,19.57,,,,,,,,,,,,,,
KVYO,18.25,36.22,12.53,24.38,27.42,21.33,24.1,-25.1,17.87,2.1,3.06,22.24,1.35,NON,OUI,NON,NON,NON,NON,NON,🔴 Rejet,17.33,18.4,,,,,,,,,,,,,,
KWR,162.7,181.7,111.37,146.54,164.85,128.22,73.0,11.0,160.75,1.2,2.94,5.23,5.09,OUI,OUI,NON,OUI,OUI,NON,OUI,🟢 STRAT1: Zone mediane,155.93,165.58,162.7,4.6097,1.5366,244.05,125.0,333.54,262.5,195.24,175.72,152.94,152.94,45.0,387.5,8.61
L,111.58,120.94,94.88,107.91,121.4,94.42,64.1,3.4,114.46,-2.5,-0.93,2.71,1.94,OUI,NON,NON,OUI,NON,NON,NON,🔴 Rejet,111.03,117.89,,,,,,,,,,,,,,
LAD,371.55,438.67,238.86,338.77,381.11,296.42,66.4,9.7,362.6,2.5,6.71,6.59,10.52,OUI,OUI,NON,OUI,OUI,NON,OUI,🟢 STRAT1: Zone mediane,351.72,373.48,371.55,2.0186,0.6729,557.33,125.0,761.68,262.5,445.86,401.27,349.26,349.26,45.0,387.5,8.61
LAMR,151.86,166.33,110.33,138.33,155.62,121.04,74.2,9.8,157.61,-3.6,-1.03,5.42,3.44,OUI,NON,NON,OUI,NON,NON,NON,🔴 Rejet,152.88,162.33,,,,,,,,,,,,,,
LAZ,44.12,57.45,37.82,47.63,53.59,41.68,32.1,-7.4,43.25,2.0,2.44,10.13,1.51,NON,OUI,NON,OUI,NON,NON,NON,🔴 Rejet,41.95,44.55,,,,,,,,,,,,,,
LB,86.44,91.69,43.61,67.65,76.11,59.19,89.1,27.8,78.52,10.1,2.65,18.23,5.11,OUI,OUI,OUI,NON,NON,NON,NON,🟡 Chasing - attendre pullback,76.16,80.87,,,,,,,,,,,,,,
LBRT,18.49,34.38,9.79,22.09,24.85,19.32,35.4,-16.3,20.78,-11.0,-5.88,13.26,1.01,NON,NON,NON,NON,NON,NON,NON,🔴 Rejet,20.15,21.4,,,,,,,,,,,,,,
LBTYA,10.73,13.52,9.43,11.48,12.91,10.04,31.7,-6.5,10.48,2.4,-1.49,7.04,0.3,NON,NON,NON,OUI,NON,NON,NON,🔴 Rejet,10.16,10.79,,,,,,,,,,,,,,
LCID,5.18,25.23,2.37,13.8,15.52,12.07,12.3,-62.5,6.64,-22.0,-0.58,17.61,0.49,NON,NON,NON,NON,NON,NON,NON,🔴 Rejet,6.44,6.84,,,,,,,,,,,,,,
LDOS,138.93,204.08,98.86,151.47,170.4,132.53,38.1,-8.3,125.21,11.0,10.65,9.2,4.43,NON,OUI,NON,OUI,NON,NON,NON,🔴 Rejet,121.46,128.97,,,,,,,,,,,,,,
LEA,122.49,150.0,94.25,122.13,137.39,106.86,50.7,0.3,132.39,-7.5,-2.24,8.87,3.33,OUI,NON,NON,OUI,NON,NON,NON,🔴 Rejet,128.42,136.36,,,,,,,,,,,,,,
LECO,281.83,308.07,214.18,261.13,293.77,228.49,72.1,7.9,268.36,5.0,3.48,4.58,6.82,OUI,OUI,NON,OUI,OUI,NON,OUI,🟢 STRAT1: Zone mediane,260.31,276.41,281.83,2.6612,0.8871,422.74,125.0,577.75,262.5,338.2,304.38,264.92,264.92,45.0,387.5,8.61
LEG,9.35,12.81,8.18,10.5,11.81,9.18,25.1,-11.0,10.1,-7.5,-5.7,9.25,0.32,NON,NON,NON,OUI,NON,NON,NON,🔴 Rejet,9.8,10.41,,,,,,,,,,,,,,
LEGN,20.96,37.5,16.24,26.87,30.23,23.51,22.2,-22.0,21.16,-0.9,-9.87,15.54,1.16,OUI,NON,NON,NON,NON,NON,NON,🔴 Rejet,20.52,21.79,,,,,,,,,,,,,,
LEN,88.61,141.39,79.83,110.61,124.44,96.79,14.3,-19.9,85.4,3.8,0.2,9.3,2.79,NON,OUI,NON,NON,NON,NON,NON,🔴 Rejet,82.84,87.96,,,,,,,,,,,,,,
LEU,174.57,464.25,142.13,303.19,341.09,265.29,10.1,-42.4,175.72,-0.7,3.39,16.1,11.53,NON,NON,NON,NON,NON,NON,NON,🔴 Rejet,170.45,180.99,,,,,,,,,,,,,,
LEVI,21.64,25.7,17.5,21.6,24.3,18.9,50.5,0.2,23.66,-8.6,-2.95,6.63,0.61,OUI,NON,NON,OUI,NON,NON,NON,🔴 Rejet,22.95,24.37,,,,,,,,,,,,,,
LFUS,404.3,499.6,231.55,365.58,411.27,319.88,64.4,10.6,428.93,-5.7,1.19,9.85,16.86,OUI,NON,NON,OUI,NON,NON,NON,🔴 Rejet,416.06,441.8,,,,,,,,,,,,,,
LGND,282.67,326.63,156.91,241.77,271.99,211.55,74.1,16.9,294.84,-4.1,-2.99,5.29,10.02,OUI,NON,OUI,NON,NON,NON,NON,🔴 Rejet,286.0,303.69,,,,,,,,,,,,,,
LH,337.49,339.45,242.59,291.02,327.4,254.64,98.0,16.0,308.34,9.5,5.25,3.45,6.67,OUI,OUI,OUI,NON,NON,NON,NON,🟡 Chasing - attendre pullback,299.09,317.59,,,,,,,,,,,,,,
LHX,262.08,376.39,261.62,319.0,358.88,279.13,0.4,-17.8,284.94,-8.0,-1.64,6.39,6.46,NON,NON,NON,NON,NON,NON,NON,🔴 Rejet,276.39,293.49,,,,,,,,,,,,,,
LIN,487.08,548.2,385.26,466.73,525.07,408.39,62.5,4.4,496.04,-1.8,-3.09,3.9,8.3,OUI,NON,NON,OUI,NON,NON,NON,🔴 Rejet,481.16,510.92,,,,,,,,,,,,,,
LINE,41.51,45.75,30.44,38.1,42.86,33.33,72.3,8.9,42.32,-1.9,-1.59,8.15,1.33,OUI,NON,NON,OUI,NON,NON,NON,🔴 Rejet,41.05,43.59,,,,,,,,,,,,,,
LIVN,78.5,85.76,48.82,67.29,75.7,58.88,80.3,16.7,79.88,-1.7,-1.16,10.98,2.99,OUI,NON,OUI,NON,NON,NON,NON,🔴 Rejet,77.48,82.27,,,,,,,,,,,,,,
LKFT,28.86,37.78,25.68,31.73,35.7,27.76,26.3,-9.0,28.09,2.7,-2.21,10.8,0.91,NON,NON,NON,OUI,NON,NON,NON,🔴 Rejet,27.25,28.93,,,,,,,,,,,,,,
LKQ,25.63,35.92,20.92,28.42,31.98,24.87,31.4,-9.8,24.77,3.5,-0.51,5.09,0.67,NON,NON,NON,OUI,NON,NON,NON,🔴 Rejet,24.03,25.51,,,,,,,,,,,,,,
LLY,1248.16,1292.65,689.88,991.26,1115.17,867.36,92.6,25.9,1189.87,4.9,0.56,9.42,45.41,OUI,OUI,OUI,NON,NON,NON,NON,🟡 Chasing - attendre pullback,1154.17,1225.56,,,,,,,,,,,,,,
LMND,53.9,99.9,46.16,73.03,82.16,63.9,14.4,-26.2,56.43,-4.5,-9.97,9.99,2.05,NON,NON,NON,NON,NON,NON,NON,🔴 Rejet,54.73,58.12,,,,,,,,,,,,,,
LMT,561.78,687.5,432.13,559.81,629.79,489.84,50.8,0.4,568.22,-1.1,4.0,7.34,14.85,NON,NON,NON,OUI,NON,NON,NON,🔴 Rejet,551.17,585.26,,,,,,,,,,,,,,
LNC,42.65,47.67,31.4,39.54,44.48,34.59,69.1,7.9,43.61,-2.2,4.9,6.69,1.28,OUI,NON,NON,OUI,NON,NON,NON,🔴 Rejet,42.31,44.92,,,,,,,,,,,,,,
LNG,280.18,299.54,184.88,242.21,272.49,211.93,83.1,15.7,264.6,5.9,2.73,8.15,7.23,OUI,OUI,OUI,NON,NON,NON,OUI,🟢 STRAT3: Phase 2 precoce,256.66,272.54,280.18,2.6769,0.8923,420.27,125.0,574.37,262.5,336.22,302.59,263.37,263.37,45.0,387.5,8.61
LNN,115.97,147.0,96.61,121.81,137.03,106.58,38.4,-4.8,114.2,1.5,-0.69,4.81,3.15,NON,NON,NON,OUI,NON,NON,NON,🔴 Rejet,110.77,117.63,,,,,,,,,,,,,,
LNT,68.32,78.22,61.37,69.79,78.52,61.07,41.3,-2.1,71.37,-4.3,-2.95,4.29,1.3,OUI,NON,NON,OUI,NON,NON,NON,🔴 Rejet,69.22,73.51,,,,,,,,,,,,,,
LNTH,100.5,111.86,49.67,80.76,90.86,70.67,81.7,24.4,102.29,-1.7,-2.03,1.2,0.51,OUI,NON,OUI,NON,NON,NON,NON,🔴 Rejet,99.22,105.36,,,,,,,,,,,,,,
LOAR,72.99,83.43,53.15,68.29,76.83,59.75,65.5,6.9,72.27,1.0,-0.9,8.84,3.39,OUI,NON,NON,OUI,NON,NON,NON,🔴 Rejet,70.1,74.44,,,,,,,,,,,,,,
LOGI,97.18,129.66,83.32,106.49,119.8,93.18,29.9,-8.7,102.83,-5.5,0.77,8.59,3.09,OUI,NON,NON,OUI,NON,NON,NON,🔴 Rejet,99.74,105.91,,,,,,,,,,,,,,
LOMA,9.68,13.2,7.04,10.12,11.38,8.85,42.9,-4.3,10.73,-9.8,-5.6,8.25,0.4,NON,NON,NON,OUI,NON,NON,NON,🔴 Rejet,10.41,11.05,,,,,,,,,,,,,,
LOPE,147.75,223.04,134.27,178.65,200.99,156.32,15.2,-17.3,145.7,1.4,-1.02,7.29,4.39,NON,NON,NON,NON,NON,NON,NON,🔴 Rejet,141.33,150.07,,,,,,,,,,,,,,
LOW,216.91,289.87,199.4,244.63,275.21,214.05,19.4,-11.3,213.55,1.6,0.15,5.27,5.49,NON,OUI,NON,OUI,NON,NON,NON,🔴 Rejet,207.14,219.95,,,,,,,,,,,,,,
LPG,51.27,52.1,22.18,37.14,41.78,32.5,97.2,38.1,45.14,13.6,8.88,8.68,1.9,OUI,OUI,OUI,NON,NON,NON,NON,🟡 Chasing - attendre pullback,43.79,46.5,,,,,,,,,,,,,,
LPLA,364.69,399.03,259.94,329.49,370.67,288.3,75.3,10.7,349.27,4.4,6.82,5.46,9.04,OUI,OUI,NON,OUI,OUI,NON,OUI,🟢 STRAT1: Zone mediane,338.79,359.75,364.69,2.0565,0.6855,547.04,125.0,747.61,262.5,437.63,393.87,342.81,342.81,45.0,387.5,8.61
LPX,72.34,99.71,65.85,82.78,93.13,72.43,19.2,-12.6,73.84,-2.0,-0.96,11.0,3.1,NON,NON,NON,NON,NON,NON,NON,🔴 Rejet,71.62,76.05,,,,,,,,,,,,,,
LRCX,310.3,438.5,93.59,266.05,299.3,232.79,62.8,16.6,311.9,-0.5,-4.19,11.91,16.72,OUI,NON,OUI,NON,NON,NON,NON,🔴 Rejet,302.55,321.26,,,,,,,,,,,,,,
LRN,85.64,171.17,60.61,115.89,130.38,101.4,22.6,-26.1,84.52,1.3,-2.57,9.18,3.06,OUI,NON,NON,NON,NON,NON,NON,🔴 Rejet,81.99,87.06,,,,,,,,,,,,,,
LSTR,178.71,227.94,116.5,172.22,193.75,150.69,55.8,3.8,190.17,-6.0,-3.63,9.58,6.18,OUI,NON,NON,OUI,NON,NON,NON,🔴 Rejet,184.47,195.88,,,,,,,,,,,,,,
LULU,122.15,225.98,104.44,165.21,185.86,144.56,14.6,-26.1,119.57,2.2,0.99,9.28,4.11,NON,OUI,NON,NON,NON,NON,NON,🔴 Rejet,115.98,123.15,,,,,,,,,,,,,,
LUMN,5.7,11.95,4.33,8.14,9.16,7.12,18.0,-30.0,6.34,-10.0,-3.26,17.16,0.4,NON,NON,NON,NON,NON,NON,NON,🔴 Rejet,6.14,6.53,,,,,,,,,,,,,,
LUNR,16.82,46.75,7.78,27.27,30.67,23.86,23.2,-38.3,15.23,10.4,-0.61,21.09,1.64,NON,NON,NON,NON,NON,NON,NON,🔴 Rejet,14.78,15.69,,,,,,,,,,,,,,
LUV,40.72,54.63,28.88,41.76,46.98,36.54,45.9,-2.5,45.56,-10.6,-4.89,7.26,1.23,NON,NON,NON,OUI,NON,NON,NON,🔴 Rejet,44.19,46.93,,,,,,,,,,,,,,
LVS,46.96,69.24,43.93,56.58,63.66,49.51,12.0,-17.0,46.18,1.7,0.01,4.47,1.05,NON,OUI,NON,NON,NON,NON,NON,🔴 Rejet,44.8,47.57,,,,,,,,,,,,,,
LW,55.17,65.06,37.02,51.04,57.42,44.66,64.7,8.1,51.21,7.7,5.59,6.26,1.39,OUI,OUI,NON,OUI,OUI,NON,OUI,🟢 STRAT1: Zone mediane,49.68,52.75,55.17,13.5943,4.5314,82.76,125.0,113.1,262.5,66.2,59.58,51.86,51.86,45.0,387.5,8.61
LYB,65.12,83.07,39.52,61.29,68.96,53.63,58.8,6.2,61.8,5.4,5.96,10.42,2.13,OUI,OUI,NON,OUI,OUI,NON,NON,🟢 STRAT1: Zone mediane,59.94,63.65,65.12,11.5172,3.8391,97.68,125.0,133.5,262.5,78.14,70.33,61.21,61.21,45.0,387.5,8.61
LYFT,17.58,25.54,12.46,19.0,21.38,16.63,39.1,-7.5,16.25,8.1,4.2,11.14,0.7,NON,OUI,NON,OUI,NON,NON,NON,🔴 Rejet,15.77,16.74,,,,,,,,,,,,,,
LYG,6.07,6.25,4.04,5.15,5.79,4.5,91.6,17.8,6.04,0.5,1.18,4.54,0.09,OUI,OUI,OUI,NON,NON,OUI,NON,🟢 STRAT2: Pullback MM30,5.86,6.22,6.07,123.5585,41.1862,9.1,125.0,12.44,262.5,7.28,6.56,5.71,5.71,45.0,387.5,8.61
LYV,184.33,189.25,125.34,157.29,176.96,137.63,92.3,17.2,181.61,1.5,0.16,5.64,3.89,OUI,OUI,OUI,NON,NON,OUI,NON,🟢 STRAT2: Pullback MM30,176.16,187.05,184.33,4.0688,1.3563,276.5,125.0,377.88,262.5,221.2,199.08,173.27,173.27,45.0,387.5,8.61
LZB,32.26,44.9,28.47,36.69,41.27,32.1,23.1,-12.1,39.61,-18.6,-0.99,17.8,1.59,NON,NON,NON,OUI,NON,NON,NON,🔴 Rejet,38.43,40.8,,,,,,,,,,,,,,
M,23.17,26.59,12.47,19.53,21.97,17.09,75.8,18.7,24.15,-4.1,0.23,6.18,0.76,OUI,NON,OUI,NON,NON,NON,NON,🔴 Rejet,23.43,24.88,,,,,,,,,,,,,,
MA,597.55,598.61,463.74,531.18,597.57,464.78,99.2,12.5,560.62,6.6,2.87,4.93,10.37,OUI,OUI,NON,OUI,OUI,NON,NON,🟢 STRAT1: Zone mediane,543.81,577.44,597.55,1.2551,0.4184,896.32,125.0,1224.98,262.5,717.06,645.35,561.7,561.7,45.0,387.5,8.61
MAA,133.64,142.76,117.48,130.12,146.39,113.86,63.9,2.7,133.06,0.4,-1.28,4.31,2.49,NON,NON,NON,OUI,NON,NON,NON,🔴 Rejet,129.07,137.05,,,,,,,,,,,,,,
MAC,24.34,26.68,15.63,21.16,23.8,18.51,78.8,15.0,25.15,-3.2,-0.76,9.18,0.6,OUI,NON,OUI,NON,NON,NON,NON,🔴 Rejet,24.4,25.91,,,,,,,,,,,,,,
MAIN,58.89,62.73,47.95,55.34,62.25,48.42,74.1,6.4,56.09,5.0,4.28,5.63,1.18,NON,OUI,NON,OUI,NON,NON,NON,🔴 Rejet,54.41,57.77,,,,,,,,,,,,,,
MAN,61.43,62.93,24.58,43.75,49.22,38.28,96.1,40.4,54.33,13.1,14.88,8.24,2.11,OUI,OUI,OUI,NON,NON,NON,NON,🟡 Chasing - attendre pullback,52.7,55.96,,,,,,,,,,,,,,
MANH,213.49,220.31,119.06,169.68,190.9,148.47,93.3,25.8,183.49,16.4,10.32,7.05,7.19,OUI,OUI,OUI,NON,NON,NON,NON,🟡 Chasing - attendre pullback,177.98,188.99,,,,,,,,,,,,,,
MANU,23.72,24.45,14.59,19.52,21.96,17.08,92.6,21.5,22.8,4.0,1.44,7.79,0.76,OUI,OUI,OUI,NON,NON,NON,NON,🟡 Chasing - attendre pullback,22.12,23.49,,,,,,,,,,,,,,
MAR,359.24,410.15,254.64,332.39,373.94,290.84,67.3,8.1,362.13,-0.8,-1.52,5.81,7.56,OUI,NON,NON,OUI,NON,NON,NON,🔴 Rejet,351.27,372.99,,,,,,,,,,,,,,
MARA,11.39,23.45,6.66,15.06,16.94,13.17,28.1,-24.4,10.97,3.8,-8.07,23.65,0.87,OUI,NON,NON,NON,NON,NON,NON,🔴 Rejet,10.64,11.3,,,,,,,,,,,,,,
MAS,73.14,83.64,57.76,70.7,79.54,61.86,59.4,3.4,76.05,-3.8,-2.19,7.02,2.09,OUI,NON,NON,OUI,NON,NON,NON,🔴 Rejet,73.76,78.33,,,,,,,,,,,,,,
MAT,14.84,22.48,12.73,17.6,19.81,15.4,21.6,-15.7,14.64,1.3,2.96,6.84,0.49,NON,OUI,NON,NON,NON,NON,NON,🔴 Rejet,14.2,15.08,,,,,,,,,,,,,,
MB,4.75,19.75,3.51,11.63,13.08,10.18,7.6,-59.2,4.68,1.4,7.66,146.18,1.94,NON,OUI,NON,NON,NON,NON,NON,🔴 Rejet,4.54,4.82,,,,,,,,,,,,,,
MBG,21.96,22.44,21.11,21.78,24.5,19.05,63.8,0.8,21.98,-0.1,-0.2,1.21,0.09,NON,NON,NON,OUI,NON,NON,NON,🔴 Rejet,21.32,22.64,,,,,,,,,,,,,,
MBLY,8.59,15.81,6.47,11.14,12.53,9.75,22.6,-22.9,8.68,-1.1,-2.07,9.81,0.36,NON,NON,NON,NON,NON,NON,NON,🔴 Rejet,8.42,8.94,,,,,,,,,,,,,,
MC,68.34,75.92,50.06,62.99,70.86,55.12,70.7,8.5,67.1,1.9,1.06,11.22,2.58,NON,OUI,NON,OUI,NON,NON,NON,🔴 Rejet,65.08,69.11,,,,,,,,,,,,,,
MCD,272.36,337.56,260.96,299.26,336.67,261.85,14.9,-9.0,269.71,1.0,-0.54,4.15,5.04,NON,NON,NON,OUI,NON,NON,NON,🔴 Rejet,261.62,277.8,,,,,,,,,,,,,,
MCHP,74.12,105.38,47.57,76.47,86.03,66.91,45.9,-3.1,79.08,-6.3,-3.77,17.03,3.85,NON,NON,NON,OUI,NON,NON,NON,🔴 Rejet,76.71,81.45,,,,,,,,,,,,,,
MCK,869.48,997.9,670.65,834.27,938.56,729.99,60.8,4.2,852.79,2.0,3.13,8.61,28.57,OUI,OUI,NON,OUI,OUI,NON,OUI,🟢 STRAT1: Zone mediane,827.21,878.38,869.48,0.8626,0.2875,1304.22,125.0,1782.43,262.5,1043.38,939.04,817.31,817.31,45.0,387.5,8.61
MCO,508.55,543.25,399.61,471.43,530.36,412.5,75.8,7.9,487.58,4.3,0.59,4.93,10.42,NON,OUI,NON,OUI,NON,NON,NON,🔴 Rejet,472.95,502.21,,,,,,,,,,,,,,
MCRI,124.59,135.93,87.36,111.65,125.6,97.69,76.7,11.6,123.11,1.2,-1.0,5.35,2.91,OUI,NON,NON,OUI,NON,NON,NON,🔴 Rejet,119.41,126.8,,,,,,,,,,,,,,
MDB,406.26,473.1,208.65,340.88,383.48,298.27,74.7,19.2,371.25,9.4,8.48,16.8,22.57,OUI,OUI,OUI,NON,NON,NON,OUI,🟢 STRAT3: Phase 2 precoce,360.11,382.39,406.26,1.8461,0.6154,609.39,125.0,832.83,262.5,487.51,438.76,381.88,381.88,45.0,387.5,8.61
MDGL,513.33,615.0,393.61,504.3,567.34,441.27,54.1,1.8,525.2,-2.3,-0.94,9.49,18.09,OUI,NON,NON,OUI,NON,NON,NON,🔴 Rejet,509.44,540.95,,,,,,,,,,,,,,
MDLZ,64.46,66.65,50.34,58.49,65.81,51.18,86.6,10.2,62.05,3.9,2.17,4.6,1.22,OUI,OUI,NON,OUI,OUI,NON,NON,🟢 STRAT1: Zone mediane,60.19,63.91,64.46,11.6351,3.8784,96.69,125.0,132.14,262.5,77.35,69.62,60.59,60.59,45.0,387.5,8.61
MDT,92.97,103.76,72.65,88.21,99.23,77.18,65.3,5.4,86.97,6.9,3.92,4.71,2.01,NON,OUI,NON,OUI,NON,NON,NON,🔴 Rejet,84.36,89.58,,,,,,,,,,,,,,
MEDP,618.08,677.9,373.0,525.45,591.13,459.77,80.4,17.6,578.7,6.8,3.56,6.43,17.35,OUI,OUI,OUI,NON,NON,NON,OUI,🟢 STRAT3: Phase 2 precoce,561.34,596.06,618.08,1.2134,0.4045,927.12,125.0,1267.06,262.5,741.7,667.53,581.0,581.0,45.0,387.5,8.61
MELI,1955.63,2548.5,1495.0,2021.75,2274.47,1769.03,43.7,-3.3,1855.13,5.4,1.6,13.36,77.05,NON,OUI,NON,OUI,NON,NON,NON,🔴 Rejet,1799.47,1910.78,,,,,,,,,,,,,,
MET,96.04,100.93,66.41,83.67,94.13,73.21,85.8,14.8,95.27,0.8,2.53,5.85,1.82,OUI,OUI,OUI,NON,NON,OUI,NON,🟢 STRAT2: Pullback MM30,92.41,98.12,96.04,7.8092,2.6031,144.06,125.0,196.88,262.5,115.25,103.72,90.28,90.28,45.0,387.5,8.61
META,560.16,788.22,519.78,654.0,735.75,572.25,15.0,-14.3,595.36,-5.9,-2.3,7.76,17.03,NON,NON,NON,NON,NON,NON,NON,🔴 Rejet,577.5,613.22,,,,,,,,,,,,,,
MF,17.83,98.5,2.12,50.31,56.6,44.02,16.3,-64.6,9.21,93.5,41.63,46.28,2.74,NON,OUI,NON,NON,NON,NON,NON,🔴 Rejet,8.94,9.49,,,,,,,,,,,,,,
MGA,67.42,73.22,42.14,57.68,64.89,50.47,81.3,16.9,68.39,-1.4,3.27,11.94,2.12,OUI,NON,OUI,NON,NON,NON,NON,🔴 Rejet,66.34,70.45,,,,,,,,,,,,,,
MGM,43.81,51.59,29.19,40.39,45.44,35.34,65.3,8.5,44.92,-2.5,-2.57,4.55,0.8,OUI,NON,NON,OUI,NON,NON,NON,🔴 Rejet,43.58,46.27,,,,,,,,,,,,,,
MGNI,23.62,26.65,10.82,18.73,21.08,16.39,80.9,26.1,21.5,9.9,6.37,18.76,1.08,OUI,OUI,OUI,NON,NON,NON,OUI,🟢 STRAT3: Phase 2 precoce,20.85,22.14,23.62,31.7528,10.5843,35.43,125.0,48.42,262.5,28.34,25.51,22.2,22.2,45.0,387.5,8.61
MGPI,18.19,29.86,15.62,22.74,25.58,19.9,18.1,-20.0,17.76,2.4,2.12,8.34,0.72,NON,OUI,NON,NON,NON,NON,NON,🔴 Rejet,17.22,18.29,,,,,,,,,,,,,,
MGY,27.16,32.33,20.67,26.5,29.81,23.19,55.6,2.5,25.77,5.4,1.85,9.3,0.84,OUI,OUI,NON,OUI,OUI,NON,NON,🟢 STRAT1: Zone mediane,24.99,26.54,27.16,27.6141,9.2047,40.74,125.0,55.68,262.5,32.59,29.33,25.53,25.53,45.0,387.5,8.61
MHK,134.88,143.13,92.99,118.06,132.82,103.3,83.5,14.2,125.22,7.7,6.15,6.77,3.77,OUI,OUI,OUI,NON,NON,NON,OUI,🟢 STRAT3: Phase 2 precoce,121.46,128.98,134.88,5.5605,1.8535,202.32,125.0,276.5,262.5,161.86,145.67,126.79,126.79,45.0,387.5,8.61
MIDD,114.62,148.55,89.16,118.85,133.71,104.0,42.9,-3.6,127.79,-10.3,-5.39,9.13,4.05,NON,NON,NON,OUI,NON,NON,NON,🔴 Rejet,123.95,131.62,,,,,,,,,,,,,,
MKC,55.72,71.13,44.42,57.77,64.99,50.55,42.3,-3.6,52.75,5.6,1.72,5.26,1.37,NON,OUI,NON,OUI,NON,NON,NON,🔴 Rejet,51.17,54.34,,,,,,,,,,,,,,
MKL,1812.73,2207.59,1719.41,1963.5,2208.94,1718.06,19.1,-7.7,1896.14,-4.4,-2.4,3.77,30.96,NON,NON,NON,OUI,NON,NON,NON,🔴 Rejet,1839.26,1953.03,,,,,,,,,,,,,,
MKSI,270.77,447.62,97.18,272.4,306.45,238.35,49.5,-0.6,309.75,-12.6,-8.3,14.51,16.95,OUI,NON,NON,OUI,NON,NON,NON,🔴 Rejet,300.45,319.04,,,,,,,,,,,,,,
MLAB,122.9,125.3,58.52,91.91,103.4,80.42,96.4,33.7,104.57,17.5,5.39,16.57,6.23,OUI,OUI,OUI,NON,NON,NON,NON,🟡 Chasing - attendre pullback,101.43,107.71,,,,,,,,,,,,,,
MLI,63.54,71.12,45.09,58.1,65.37,50.84,70.9,9.3,64.58,-1.6,4.05,5.82,1.67,NON,NON,NON,OUI,NON,NON,NON,🔴 Rejet,62.65,66.52,,,,,,,,,,,,,,
MLM,532.68,709.08,522.19,615.64,692.59,538.68,5.6,-13.5,549.97,-3.1,-2.63,6.47,12.63,NON,NON,NON,NON,NON,NON,NON,🔴 Rejet,533.47,566.47,,,,,,,,,,,,,,
MMM,178.86,184.9,138.62,161.76,181.98,141.54,86.9,10.6,175.63,1.8,4.41,2.81,3.2,OUI,OUI,NON,OUI,OUI,NON,NON,🟢 STRAT1: Zone mediane,170.36,180.9,178.86,4.1932,1.3977,268.29,125.0,366.66,262.5,214.63,193.17,168.13,168.13,45.0,387.5,8.61
MMS,58.28,98.42,52.42,75.42,84.85,65.99,12.7,-22.7,58.24,0.1,0.36,12.45,2.38,NON,OUI,NON,NON,NON,NON,NON,🔴 Rejet,56.49,59.98,,,,,,,,,,,,,,
MMSI,90.51,94.75,59.74,77.25,86.9,67.59,87.9,17.2,83.25,8.7,8.39,4.8,2.0,OUI,OUI,OUI,NON,NON,NON,NON,🟡 Chasing - attendre pullback,80.75,85.75,,,,,,,,,,,,,,
MNSO,11.1,26.11,10.64,18.38,20.67,16.08,3.0,-39.6,12.16,-8.7,-1.26,10.94,0.31,NON,NON,NON,NON,NON,NON,NON,🔴 Rejet,11.8,12.53,,,,,,,,,,,,,,
MNST,48.73,100.34,45.05,72.69,81.78,63.61,6.6,-33.0,71.5,-31.9,-18.88,120.4,10.97,NON,NON,NON,NON,NON,NON,NON,🔴 Rejet,69.36,73.65,,,,,,,,,,,,,,
MO,68.07,77.06,53.01,65.03,73.16,56.9,62.6,4.7,69.15,-1.6,-3.11,7.15,1.57,OUI,NON,NON,OUI,NON,NON,NON,🔴 Rejet,67.08,71.23,,,,,,,,,,,,,,
MOD,190.23,323.25,111.18,217.22,244.37,190.06,37.3,-12.4,210.6,-9.7,-6.26,12.9,11.98,OUI,NON,NON,OUI,NON,NON,NON,🔴 Rejet,204.28,216.92,,,,,,,,,,,,,,
MOH,199.29,244.89,121.06,182.97,205.85,160.1,63.2,8.9,206.05,-3.3,-4.59,9.92,7.2,NON,NON,NON,OUI,NON,NON,NON,🔴 Rejet,199.87,212.24,,,,,,,,,,,,,,
MORN,217.69,263.33,141.06,202.19,227.47,176.92,62.7,7.7,192.52,13.1,8.35,6.87,6.77,OUI,OUI,NON,OUI,OUI,NON,OUI,🟢 STRAT1: Zone mediane,186.75,198.3,217.69,3.4453,1.1484,326.53,125.0,446.26,262.5,261.23,235.11,204.63,204.63,45.0,387.5,8.61
MP,57.46,100.25,37.81,69.03,77.66,60.4,31.5,-16.8,49.36,16.4,2.77,16.15,3.55,NON,OUI,NON,NON,NON,NON,NON,🔴 Rejet,47.88,50.84,,,,,,,,,,,,,,
MPC,360.94,367.6,160.07,263.84,296.82,230.86,96.8,36.8,324.17,11.3,9.42,11.01,12.11,OUI,OUI,OUI,NON,NON,NON,NON,🟡 Chasing - attendre pullback,314.44,333.89,,,,,,,,,,,,,,
MPLX,58.49,60.16,44.22,52.19,58.71,45.67,89.5,12.1,57.77,1.2,1.85,4.32,0.98,OUI,OUI,NON,OUI,OUI,NON,NON,🟢 STRAT1: Zone mediane,56.04,59.51,58.49,12.8227,4.2742,87.74,125.0,119.9,262.5,70.19,63.17,54.98,54.98,45.0,387.5,8.61
MPT,4.12,6.23,3.96,5.1,5.73,4.46,7.1,-19.1,4.5,-8.4,-3.34,14.15,0.17,NON,NON,NON,NON,NON,NON,NON,🔴 Rejet,4.36,4.63,,,,,,,,,,,,,,
MPWR,1288.3,1711.48,795.4,1253.44,1410.12,1096.76,53.8,2.8,1350.77,-4.6,0.72,9.96,62.29,OUI,NON,NON,OUI,NON,NON,NON,🔴 Rejet,1310.24,1391.29,,,,,,,,,,,,,,
MQ,16.32,25.83,14.8,20.32,22.86,17.78,13.8,-19.7,16.79,-2.8,-0.75,12.1,0.71,NON,NON,NON,NON,NON,NON,NON,🔴 Rejet,16.29,17.3,,,,,,,,,,,,,,
MRCY,90.65,128.45,65.04,96.74,108.84,84.65,40.4,-6.3,102.45,-11.5,-3.64,11.9,5.74,NON,NON,NON,OUI,NON,NON,NON,🔴 Rejet,99.37,105.52,,,,,,,,,,,,,,
MRK,150.54,154.49,75.81,115.15,129.54,100.76,95.0,30.7,132.47,13.6,3.73,13.18,4.47,OUI,OUI,OUI,NON,NON,NON,NON,🟡 Chasing - attendre pullback,128.5,136.45,,,,,,,,,,,,,,
MRNA,140.55,176.66,22.28,99.47,111.9,87.04,76.6,41.3,71.36,97.0,12.2,179.91,16.98,OUI,OUI,OUI,NON,NON,NON,OUI,🟢 STRAT3: Phase 2 precoce,69.22,73.5,140.55,5.3362,1.7787,210.82,125.0,288.13,262.5,168.66,151.79,132.12,132.12,45.0,387.5,8.61
MRP,30.47,32.54,25.6,29.07,32.7,25.44,70.1,4.8,29.2,4.3,1.78,4.8,0.56,OUI,OUI,NON,OUI,OUI,NON,OUI,🟢 STRAT1: Zone mediane,28.32,30.08,30.47,24.6144,8.2048,45.7,125.0,62.46,262.5,36.56,32.91,28.64,28.64,45.0,387.5,8.61
MRSH,194.06,208.37,155.72,182.05,204.8,159.29,72.8,6.6,186.89,3.8,2.71,3.77,3.6,OUI,OUI,NON,OUI,OUI,NON,OUI,🟢 STRAT1: Zone mediane,181.29,192.5,194.06,3.8648,1.2883,291.09,125.0,397.82,262.5,232.87,209.58,182.42,182.42,45.0,387.5,8.61
MRVL,231.39,329.8,61.31,195.55,220.0,171.11,63.3,18.3,208.76,10.8,-3.4,18.5,16.66,OUI,NON,OUI,NON,NON,NON,NON,🔴 Rejet,202.5,215.02,,,,,,,,,,,,,,
MRX,70.25,75.4,27.59,51.49,57.93,45.06,89.2,36.4,65.9,6.6,2.68,20.95,3.68,OUI,OUI,OUI,NON,NON,NON,NON,🟡 Chasing - attendre pullback,63.92,67.88,,,,,,,,,,,,,,
MS,214.79,230.98,141.46,186.22,209.5,162.94,81.9,15.3,214.89,-0.0,-0.12,5.8,4.53,OUI,NON,OUI,NON,NON,NON,NON,🔴 Rejet,208.45,221.34,,,,,,,,,,,,,,
MSA,189.77,207.14,149.32,178.23,200.51,155.95,70.0,6.5,182.87,3.8,3.73,1.73,3.72,OUI,OUI,NON,OUI,OUI,NON,OUI,🟢 STRAT1: Zone mediane,177.38,188.36,189.77,3.9522,1.3174,284.66,125.0,389.03,262.5,227.72,204.95,178.38,178.38,45.0,387.5,8.61
MSCI,570.75,642.47,495.54,569.01,640.13,497.88,51.2,0.3,575.2,-0.8,-1.66,5.18,12.48,NON,NON,NON,OUI,NON,NON,NON,🔴 Rejet,557.94,592.46,,,,,,,,,,,,,,
MSFT,487.8,549.2,348.54,448.87,504.98,392.76,69.4,8.7,448.54,8.8,8.48,5.31,9.69,OUI,OUI,NON,OUI,OUI,NON,OUI,🟢 STRAT1: Zone mediane,435.08,462.0,487.8,1.5375,0.5125,731.7,125.0,999.99,262.5,585.36,526.82,458.53,458.53,45.0,387.5,8.61
MSGS,402.33,438.93,193.87,316.4,355.95,276.85,85.1,27.2,397.62,1.2,1.1,6.94,12.43,OUI,OUI,OUI,NON,NON,OUI,NON,🟢 STRAT2: Pullback MM30,385.69,409.54,402.33,1.8641,0.6214,603.5,125.0,824.78,262.5,482.8,434.52,378.19,378.19,45.0,387.5,8.61
MSM,118.89,130.46,76.68,103.57,116.52,90.62,78.5,14.8,123.34,-3.6,0.11,5.48,3.03,OUI,NON,OUI,NON,NON,NON,NON,🔴 Rejet,119.64,127.04,,,,,,,,,,,,,,
MSTR,122.47,365.21,81.81,223.51,251.45,195.57,14.3,-45.2,98.76,24.0,2.89,18.67,6.4,NON,OUI,NON,NON,NON,NON,NON,🔴 Rejet,95.8,101.73,,,,,,,,,,,,,,
MT,72.68,75.51,31.5,53.5,60.19,46.81,93.6,35.8,70.31,3.4,5.15,7.67,2.16,OUI,OUI,OUI,NON,NON,NON,NON,🟡 Chasing - attendre pullback,68.2,72.42,,,,,,,,,,,,,,
MTB,242.07,255.95,170.99,213.47,240.15,186.79,83.7,13.4,249.05,-2.8,1.18,4.17,3.99,OUI,NON,OUI,NON,NON,NON,NON,🔴 Rejet,241.58,256.52,,,,,,,,,,,,,,
MTCH,41.46,41.59,28.48,35.03,39.41,30.66,99.0,18.3,38.76,7.0,0.26,11.24,1.37,OUI,OUI,OUI,NON,NON,NON,NON,🟡 Chasing - attendre pullback,37.59,39.92,,,,,,,,,,,,,,
MTD,1405.28,1525.17,1023.05,1274.11,1433.37,1114.85,76.1,10.3,1381.55,1.7,3.22,3.75,34.7,NON,OUI,NON,OUI,NON,NON,NON,🔴 Rejet,1340.1,1423.0,,,,,,,,,,,,,,
MTDR,57.49,65.88,35.98,50.93,57.3,44.57,71.9,12.9,52.01,10.5,3.34,10.58,2.0,OUI,OUI,OUI,NON,NON,NON,OUI,🟢 STRAT3: Phase 2 precoce,50.45,53.57,57.49,13.0457,4.3486,86.24,125.0,117.85,262.5,68.99,62.09,54.04,54.04,45.0,387.5,8.61
MTH,72.5,85.38,57.65,71.51,80.45,62.57,53.5,1.4,72.86,-0.5,-2.8,10.16,2.33,OUI,NON,NON,OUI,NON,NON,NON,🔴 Rejet,70.67,75.04,,,,,,,,,,,,,,
MTN,150.4,160.49,116.69,138.59,155.91,121.26,77.0,8.5,149.1,0.9,1.5,6.88,4.21,OUI,OUI,NON,OUI,OUI,NON,OUI,🟢 STRAT1: Zone mediane,144.62,153.57,150.4,4.9867,1.6622,225.6,125.0,308.32,262.5,180.48,162.43,141.38,141.38,45.0,387.5,8.61
MTSI,258.64,418.9,121.97,270.43,304.24,236.63,46.0,-4.4,279.41,-7.4,-4.2,22.55,19.7,OUI,NON,NON,OUI,NON,NON,NON,🔴 Rejet,271.03,287.8,,,,,,,,,,,,,,
MTX,71.37,84.07,53.68,68.87,77.48,60.26,58.2,3.6,73.58,-3.0,-0.66,4.76,1.83,OUI,NON,NON,OUI,NON,NON,NON,🔴 Rejet,71.37,75.79,,,,,,,,,,,,,,
MTZ,257.5,441.43,171.05,306.24,344.52,267.96,32.0,-15.9,301.54,-14.6,-10.5,12.89,15.24,OUI,NON,NON,NON,NON,NON,NON,🔴 Rejet,292.5,310.59,,,,,,,,,,,,,,
MU,914.83,1254.81,114.07,684.44,769.99,598.88,70.2,33.7,904.54,1.1,-2.3,13.31,56.66,OUI,NON,OUI,NON,NON,NON,NON,🔴 Rejet,877.4,931.67,,,,,,,,,,,,,,
MUFG,21.99,23.25,14.62,18.93,21.3,16.57,85.3,16.1,22.35,-1.6,2.26,7.52,0.47,OUI,NON,OUI,NON,NON,NON,NON,🔴 Rejet,21.68,23.02,,,,,,,,,,,,,,
MUR,35.92,42.53,21.73,32.13,36.15,28.12,68.2,11.8,36.3,-1.1,2.78,15.17,1.58,OUI,NON,NON,OUI,NON,NON,NON,🔴 Rejet,35.21,37.39,,,,,,,,,,,,,,
MUSA,566.45,636.05,348.26,492.16,553.68,430.64,75.8,15.1,586.45,-3.4,-0.38,12.13,21.63,OUI,NON,OUI,NON,NON,NON,NON,🔴 Rejet,568.86,604.04,,,,,,,,,,,,,,
MXL,63.21,128.3,12.77,70.54,79.35,61.72,43.7,-10.4,73.26,-13.7,-10.66,27.02,6.71,OUI,NON,NON,OUI,NON,NON,NON,🔴 Rejet,71.06,75.46,,,,,,,,,,,,,,
MYRG,305.07,503.57,171.51,337.54,379.73,295.35,40.2,-9.6,352.21,-13.4,-10.14,7.73,14.75,OUI,NON,NON,OUI,NON,NON,NON,🔴 Rejet,341.64,362.77,,,,,,,,,,,,,,
MZTI,114.49,185.91,104.28,145.1,163.23,126.96,12.5,-21.1,111.15,3.0,0.3,6.25,3.03,NON,OUI,NON,NON,NON,NON,NON,🔴 Rejet,107.81,114.48,,,,,,,,,,,,,,
NABL,3.58,8.73,2.92,5.83,6.56,5.1,11.3,-38.7,4.18,-14.5,-5.3,41.1,0.38,NON,NON,NON,NON,NON,NON,NON,🔴 Rejet,4.05,4.3,,,,,,,,,,,,,,
NBIS,211.18,299.86,63.26,181.56,204.25,158.86,62.5,16.3,208.34,1.4,2.02,42.08,23.33,OUI,OUI,OUI,NON,NON,OUI,OUI,🟢 STRAT2: Pullback MM30,202.09,214.59,211.18,3.5515,1.1838,316.77,125.0,432.92,262.5,253.42,228.07,198.51,198.51,45.0,387.5,8.61
NBIX,153.35,186.12,122.14,154.13,173.4,134.86,48.8,-0.5,166.02,-7.6,-3.81,6.95,4.27,OUI,NON,NON,OUI,NON,NON,NON,🔴 Rejet,161.04,171.0,,,,,,,,,,,,,,
NCLH,17.23,27.18,14.53,20.86,23.46,18.25,21.3,-17.4,19.06,-9.6,-3.14,9.99,0.68,NON,NON,NON,NON,NON,NON,NON,🔴 Rejet,18.48,19.63,,,,,,,,,,,,,,
NCNO,20.94,33.92,13.8,23.86,26.84,20.88,35.5,-12.2,18.85,11.1,5.74,10.39,0.76,NON,OUI,NON,OUI,NON,NON,NON,🔴 Rejet,18.28,19.41,,,,,,,,,,,,,,
NDAQ,98.38,101.11,76.55,88.83,99.93,77.72,88.9,10.8,94.4,4.2,4.66,2.94,1.86,OUI,OUI,NON,OUI,OUI,NON,NON,🟢 STRAT1: Zone mediane,91.57,97.23,98.38,7.6235,2.5412,147.57,125.0,201.68,262.5,118.06,106.25,92.48,92.48,45.0,387.5,8.61
NDSN,334.61,338.55,217.21,277.88,312.61,243.14,96.7,20.4,303.91,10.1,2.86,8.62,7.09,OUI,OUI,OUI,NON,NON,NON,NON,🟡 Chasing - attendre pullback,294.79,313.03,,,,,,,,,,,,,,
NE,45.74,54.39,25.3,39.85,44.83,34.87,70.2,14.8,42.79,6.9,5.49,8.44,1.41,OUI,OUI,OUI,NON,NON,NON,OUI,🟢 STRAT3: Phase 2 precoce,41.5,44.07,45.74,16.397,5.4657,68.61,125.0,93.77,262.5,54.89,49.4,43.0,43.0,45.0,387.5,8.61
NEE,83.93,98.03,67.81,82.92,93.29,72.56,53.3,1.2,87.05,-3.6,-0.88,3.12,1.39,NON,NON,NON,OUI,NON,NON,NON,🔴 Rejet,84.44,89.66,,,,,,,,,,,,,,
NEM,131.07,134.29,68.32,101.31,113.97,88.65,95.1,29.4,105.11,24.7,9.39,13.07,5.14,OUI,OUI,OUI,NON,NON,NON,NON,🟡 Chasing - attendre pullback,101.96,108.27,,,,,,,,,,,,,,
NEO,16.39,17.08,6.24,11.66,13.12,10.2,93.6,40.6,15.42,6.3,4.07,10.93,0.63,OUI,OUI,OUI,NON,NON,NON,NON,🟡 Chasing - attendre pullback,14.95,15.88,,,,,,,,,,,,,,
NEOG,11.6,12.85,4.9,8.88,9.98,7.77,84.3,30.8,10.91,6.4,7.75,9.6,0.42,OUI,OUI,OUI,NON,NON,NON,OUI,🟢 STRAT3: Phase 2 precoce,10.58,11.24,11.6,64.6552,21.5517,17.4,125.0,23.78,262.5,13.92,12.53,10.9,10.9,45.0,387.5,8.61
NET,283.25,332.22,158.83,245.53,276.22,214.83,71.8,15.4,286.61,-1.2,5.38,14.61,17.45,OUI,NON,OUI,NON,NON,NON,NON,🔴 Rejet,278.02,295.21,,,,,,,,,,,,,,
NEU,939.57,981.66,574.98,778.32,875.61,681.03,89.7,20.7,856.15,9.7,6.56,4.59,25.77,OUI,OUI,OUI,NON,NON,NON,NON,🟡 Chasing - attendre pullback,830.46,881.83,,,,,,,,,,,,,,
NEXI,0.0,1.01,0.0,0.51,0.57,0.44,0.0,-100.0,0.0,0.0,0.0,0.0,0.0,NON,NON,NON,NON,NON,NON,NON,🔴 Rejet,0.0,0.0,,,,,,,,,,,,,,
NFE,0.28,3.08,0.25,1.67,1.87,1.46,0.9,-83.5,0.33,-16.2,-5.81,12.38,0.02,NON,NON,NON,NON,NON,NON,NON,🔴 Rejet,0.32,0.34,,,,,,,,,,,,,,
NFG,82.36,96.03,74.64,85.33,96.0,74.67,36.1,-3.5,81.7,0.8,1.51,5.3,1.54,NON,OUI,NON,OUI,NON,NON,NON,🔴 Rejet,79.25,84.15,,,,,,,,,,,,,,
NFLX,80.43,126.71,65.08,95.9,107.88,83.91,24.9,-16.1,74.01,8.7,1.47,8.18,2.23,NON,OUI,NON,NON,NON,NON,NON,🔴 Rejet,71.79,76.23,,,,,,,,,,,,,,
NGG,80.29,92.22,64.87,78.54,88.36,68.72,56.4,2.2,81.21,-1.1,-0.78,3.47,1.13,NON,NON,NON,OUI,NON,NON,NON,🔴 Rejet,78.78,83.65,,,,,,,,,,,,,,
NGVT,68.95,79.29,45.85,62.57,70.39,54.75,69.1,10.2,74.24,-7.1,0.32,6.89,2.37,OUI,NON,NON,OUI,NON,NON,NON,🔴 Rejet,72.01,76.46,,,,,,,,,,,,,,
NI,40.66,48.88,37.45,43.16,48.56,37.77,28.1,-5.8,43.82,-7.2,-3.78,5.17,0.93,NON,NON,NON,OUI,NON,NON,NON,🔴 Rejet,42.5,45.13,,,,,,,,,,,,,,
NICE,100.32,153.68,83.1,118.39,133.19,103.59,24.4,-15.3,99.23,1.1,1.33,11.86,4.05,NON,OUI,NON,NON,NON,NON,NON,🔴 Rejet,96.25,102.2,,,,,,,,,,,,,,
NIO,4.36,8.02,4.35,6.19,6.96,5.41,0.3,-29.5,4.7,-7.2,-2.53,9.37,0.14,NON,NON,NON,NON,NON,NON,NON,🔴 Rejet,4.56,4.84,,,,,,,,,,,,,,
NKE,40.99,78.03,38.86,58.44,65.75,51.14,5.5,-29.9,41.87,-2.1,-1.88,7.65,1.07,NON,NON,NON,NON,NON,NON,NON,🔴 Rejet,40.61,43.13,,,,,,,,,,,,,,
NLY,23.28,23.91,18.04,20.97,23.6,18.35,89.4,11.0,22.99,1.3,1.08,3.56,0.34,OUI,OUI,NON,OUI,OUI,NON,NON,🟢 STRAT1: Zone mediane,22.3,23.68,23.28,32.2165,10.7388,34.92,125.0,47.72,262.5,27.94,25.14,21.88,21.88,45.0,387.5,8.61
NN,15.91,24.42,10.87,17.64,19.85,15.44,37.2,-9.8,15.32,3.9,3.28,25.23,1.63,OUI,OUI,NON,OUI,OUI,NON,NON,🟢 STRAT1: Zone mediane,14.86,15.78,15.91,47.1402,15.7134,23.86,125.0,32.62,262.5,19.09,17.18,14.96,14.96,45.0,387.5,8.61
NNE,18.14,60.87,14.71,37.79,42.51,33.07,7.4,-52.0,17.72,2.4,-1.24,17.36,1.2,NON,NON,NON,NON,NON,NON,NON,🔴 Rejet,17.19,18.25,,,,,,,,,,,,,,
NNI,128.09,144.02,116.33,130.17,146.44,113.9,42.5,-1.6,131.59,-2.7,-1.67,5.03,3.64,NON,NON,NON,OUI,NON,NON,NON,🔴 Rejet,127.64,135.54,,,,,,,,,,,,,,
NNN,46.25,49.36,37.33,43.34,48.76,37.92,74.2,6.7,47.16,-1.9,-0.28,3.43,0.74,OUI,NON,NON,OUI,NON,NON,NON,🔴 Rejet,45.75,48.58,,,,,,,,,,,,,,
NOC,548.11,770.61,479.02,624.81,702.92,546.71,23.7,-12.3,551.13,-0.5,2.41,7.02,12.76,NON,NON,NON,OUI,NON,NON,NON,🔴 Rejet,534.6,567.67,,,,,,,,,,,,,,
NOK,9.97,17.45,4.23,10.84,12.2,9.49,43.4,-8.1,9.92,0.5,-6.86,12.86,0.48,OUI,NON,NON,OUI,NON,NON,NON,🔴 Rejet,9.62,10.22,,,,,,,,,,,,,,
NOMD,12.16,14.98,8.86,11.92,13.41,10.43,54.0,2.1,11.7,4.0,1.48,10.34,0.47,OUI,OUI,NON,OUI,OUI,NON,NON,🟢 STRAT1: Zone mediane,11.35,12.05,12.16,61.6776,20.5592,18.24,125.0,24.93,262.5,14.59,13.13,11.43,11.43,45.0,387.5,8.61
NOV,19.7,21.67,12.07,16.87,18.98,14.76,79.5,16.8,20.11,-2.0,3.97,9.41,0.64,OUI,NON,OUI,NON,NON,NON,NON,🔴 Rejet,19.51,20.71,,,,,,,,,,,,,,
NOVT,139.97,176.38,98.27,137.33,154.49,120.16,53.4,1.9,151.29,-7.5,0.14,13.71,7.93,OUI,NON,NON,OUI,NON,NON,NON,🔴 Rejet,146.75,155.82,,,,,,,,,,,,,,
NOW,128.69,194.73,81.24,137.98,155.23,120.74,41.8,-6.7,114.58,12.3,5.83,11.78,5.67,NON,OUI,NON,OUI,NON,NON,NON,🔴 Rejet,111.14,118.01,,,,,,,,,,,,,,
NRDS,10.06,16.24,7.33,11.78,13.26,10.31,30.6,-14.7,9.47,6.2,1.57,14.61,0.41,NON,OUI,NON,NON,NON,NON,NON,🔴 Rejet,9.18,9.75,,,,,,,,,,,,,,
NRG,111.75,188.71,111.31,150.01,168.76,131.26,0.6,-25.5,126.39,-11.6,-5.47,11.65,5.11,NON,NON,NON,NON,NON,NON,NON,🔴 Rejet,122.6,130.18,,,,,,,,,,,,,,
NSC,351.7,357.19,263.58,310.39,349.18,271.59,94.1,13.3,338.03,4.0,2.16,3.99,6.25,OUI,OUI,OUI,NON,NON,NON,NON,🟡 Chasing - attendre pullback,327.89,348.17,,,,,,,,,,,,,,
NSIT,145.27,157.35,63.62,110.49,124.3,96.67,87.1,31.5,134.75,7.8,8.9,9.66,6.49,OUI,OUI,OUI,NON,NON,NON,NON,🟡 Chasing - attendre pullback,130.71,138.79,,,,,,,,,,,,,,
NSP,52.42,55.9,18.24,37.07,41.7,32.44,90.7,41.4,51.15,2.5,5.05,10.75,2.42,OUI,OUI,OUI,NON,NON,OUI,NON,🟢 STRAT2: Pullback MM30,49.62,52.69,52.42,14.3075,4.7692,78.63,125.0,107.46,262.5,62.9,56.61,49.27,49.27,45.0,387.5,8.61
NTAP,188.01,209.06,92.93,151.0,169.87,132.12,81.9,24.5,182.83,2.8,7.3,8.96,7.5,OUI,OUI,OUI,NON,NON,OUI,OUI,🟢 STRAT2: Pullback MM30,177.34,188.31,188.01,3.9891,1.3297,282.02,125.0,385.42,262.5,225.61,203.05,176.73,176.73,45.0,387.5,8.61
NTES,123.25,156.41,105.44,130.92,147.29,114.56,34.9,-5.9,127.47,-3.3,-1.43,12.32,4.18,NON,NON,NON,OUI,NON,NON,NON,🔴 Rejet,123.64,131.29,,,,,,,,,,,,,,
NTLA,12.47,28.25,7.95,18.1,20.36,15.84,22.3,-31.1,11.66,6.9,-10.38,19.09,0.69,NON,NON,NON,NON,NON,NON,NON,🔴 Rejet,11.31,12.01,,,,,,,,,,,,,,
NTNX,67.4,82.42,34.01,58.21,65.49,50.94,69.0,15.8,60.59,11.2,7.81,8.11,2.15,OUI,OUI,OUI,NON,NON,NON,OUI,🟢 STRAT3: Phase 2 precoce,58.77,62.41,67.4,11.1276,3.7092,101.1,125.0,138.17,262.5,80.88,72.79,63.36,63.36,45.0,387.5,8.61
NTR,73.76,83.98,52.18,68.08,76.59,59.57,67.9,8.3,68.5,7.7,2.7,7.27,1.92,OUI,OUI,NON,OUI,OUI,NON,OUI,🟢 STRAT1: Zone mediane,66.45,70.56,73.76,10.1681,3.3894,110.64,125.0,151.21,262.5,88.51,79.66,69.33,69.33,45.0,387.5,8.61
NTRA,326.92,333.56,157.43,245.49,276.18,214.81,96.2,33.2,287.45,13.7,5.13,22.68,14.16,OUI,OUI,OUI,NON,NON,NON,NON,🟡 Chasing - attendre pullback,278.83,296.08,,,,,,,,,,,,,,
NTRS,187.24,195.78,119.17,157.47,177.16,137.79,88.8,18.9,185.01,1.2,1.62,4.73,3.85,OUI,OUI,OUI,NON,NON,OUI,NON,🟢 STRAT2: Pullback MM30,179.46,190.56,187.24,4.0056,1.3352,280.86,125.0,383.84,262.5,224.69,202.22,176.01,176.01,45.0,387.5,8.61
NU,14.74,18.98,11.2,15.09,16.98,13.2,45.6,-2.3,14.24,3.6,1.9,12.44,0.68,NON,OUI,NON,OUI,NON,NON,NON,🔴 Rejet,13.81,14.67,,,,,,,,,,,,,,
NUE,244.12,280.11,130.11,205.11,230.75,179.47,76.0,19.0,254.79,-4.2,4.76,7.61,9.34,OUI,NON,OUI,NON,NON,NON,NON,🔴 Rejet,247.15,262.44,,,,,,,,,,,,,,
NVAX,8.81,11.97,6.2,9.09,10.22,7.95,45.1,-3.1,7.96,10.6,-4.3,13.86,0.42,NON,NON,NON,OUI,NON,NON,NON,🔴 Rejet,7.72,8.2,,,,,,,,,,,,,,
NVCR,16.8,21.45,9.82,15.64,17.59,13.68,60.0,7.4,16.63,1.0,1.74,12.16,0.76,OUI,OUI,NON,OUI,OUI,NON,OUI,🟢 STRAT1: Zone mediane,16.13,17.13,16.8,44.6429,14.881,25.2,125.0,34.44,262.5,20.16,18.14,15.79,15.79,45.0,387.5,8.61
NVDA,209.43,236.26,163.85,200.06,225.07,175.05,62.9,4.7,211.52,-1.0,3.15,7.2,5.79,OUI,NON,NON,OUI,NON,NON,NON,🔴 Rejet,205.18,217.87,,,,,,,,,,,,,,
NVG,12.22,13.01,10.75,11.88,13.37,10.4,64.7,2.8,12.38,-1.3,-0.83,2.07,0.11,NON,NON,NON,OUI,NON,NON,NON,🔴 Rejet,12.0,12.75,,,,,,,,,,,,,,
NVMI,362.38,615.99,232.73,424.36,477.4,371.31,33.8,-14.6,412.41,-12.1,-6.44,11.72,19.19,NON,NON,NON,NON,NON,NON,NON,🔴 Rejet,400.03,424.78,,,,,,,,,,,,,,
NVO,46.9,61.11,34.15,47.63,53.58,41.67,47.3,-1.5,47.39,-1.0,-1.66,5.98,1.16,NON,NON,NON,OUI,NON,NON,NON,🔴 Rejet,45.97,48.81,,,,,,,,,,,,,,
NVR,6404.52,8618.28,5501.01,7059.65,7942.1,6177.19,29.0,-9.3,6353.98,0.8,-1.45,5.88,154.61,NON,NON,NON,OUI,NON,NON,NON,🔴 Rejet,6163.36,6544.6,,,,,,,,,,,,,,
NVS,158.08,165.43,117.98,141.7,159.41,123.99,84.5,11.6,154.76,2.1,-0.18,5.98,2.83,OUI,NON,NON,OUI,NON,NON,NON,🔴 Rejet,150.12,159.41,,,,,,,,,,,,,,
NVT,155.31,184.4,86.58,135.49,152.42,118.55,70.3,14.6,158.33,-1.9,1.18,10.98,7.43,OUI,NON,OUI,NON,NON,NON,NON,🔴 Rejet,153.58,163.08,,,,,,,,,,,,,,
NVTS,12.44,34.17,5.44,19.8,22.28,17.33,24.4,-37.2,12.44,-0.0,-3.9,19.45,1.01,OUI,NON,NON,NON,NON,NON,NON,🔴 Rejet,12.07,12.81,,,,,,,,,,,,,,
NWE,69.83,73.78,53.39,63.58,71.53,55.63,80.6,9.8,70.58,-1.1,-0.18,4.51,1.48,OUI,NON,NON,OUI,NON,NON,NON,🔴 Rejet,68.46,72.69,,,,,,,,,,,,,,
NWG,18.76,19.21,12.78,16.0,18.0,14.0,93.1,17.3,18.29,2.6,2.36,3.78,0.25,OUI,OUI,OUI,NON,NON,OUI,NON,🟢 STRAT2: Pullback MM30,17.74,18.84,18.76,39.9787,13.3262,28.14,125.0,38.46,262.5,22.51,20.26,17.63,17.63,45.0,387.5,8.61
NWL,6.05,7.13,2.91,5.02,5.65,4.39,74.5,20.7,5.68,6.6,3.18,11.41,0.26,OUI,OUI,OUI,NON,NON,NON,OUI,🟢 STRAT3: Phase 2 precoce,5.51,5.85,6.05,123.9669,41.3223,9.07,125.0,12.4,262.5,7.26,6.53,5.69,5.69,45.0,387.5,8.61
NWSA,30.78,31.48,22.11,26.79,30.14,23.44,92.6,14.9,28.5,8.0,3.43,6.26,0.75,OUI,OUI,OUI,NON,NON,NON,NON,🟡 Chasing - attendre pullback,27.64,29.35,,,,,,,,,,,,,,
NXE,10.9,13.96,6.67,10.32,11.6,9.03,58.1,5.7,9.79,11.4,3.95,10.75,0.51,NON,OUI,NON,OUI,NON,NON,NON,🔴 Rejet,9.5,10.09,,,,,,,,,,,,,,
NXPI,222.07,338.8,180.63,259.72,292.18,227.25,26.2,-14.5,246.67,-10.0,-6.52,6.46,6.95,NON,NON,NON,NON,NON,NON,NON,🔴 Rejet,239.27,254.07,,,,,,,,,,,,,,
NXST,186.65,249.09,152.95,201.02,226.14,175.89,35.1,-7.1,185.8,0.5,1.8,7.76,7.31,NON,OUI,NON,OUI,NON,NON,NON,🔴 Rejet,180.23,191.37,,,,,,,,,,,,,,
NXT,84.01,163.13,64.3,113.72,127.93,99.5,19.9,-26.1,98.87,-15.0,-5.16,11.76,4.56,NON,NON,NON,NON,NON,NON,NON,🔴 Rejet,95.91,101.84,,,,,,,,,,,,,,
NYT,66.99,86.83,53.64,70.24,79.02,61.46,40.2,-4.6,70.07,-4.4,-3.6,14.35,2.27,NON,NON,NON,OUI,NON,NON,NON,🔴 Rejet,67.97,72.17,,,,,,,,,,,,,,
ODFL,201.31,252.03,125.43,188.73,212.32,165.14,59.9,6.7,218.7,-8.0,-1.83,6.1,6.31,OUI,NON,NON,OUI,NON,NON,NON,🔴 Rejet,212.14,225.26,,,,,,,,,,,,,,
OGE,45.93,50.59,40.98,45.79,51.51,40.06,51.5,0.3,47.74,-3.8,-1.26,3.77,0.86,OUI,NON,NON,OUI,NON,NON,NON,🔴 Rejet,46.31,49.17,,,,,,,,,,,,,,
OGN,13.74,13.76,5.67,9.72,10.93,8.5,99.8,41.4,13.58,1.2,0.5,0.73,0.04,OUI,OUI,OUI,NON,NON,OUI,NON,🟢 STRAT2: Pullback MM30,13.17,13.99,13.74,54.5852,18.1951,20.61,125.0,28.17,262.5,16.49,14.84,12.92,12.92,45.0,387.5,8.61
OHI,46.59,51.69,37.02,44.35,49.89,38.81,65.3,5.0,48.35,-3.6,-1.13,4.83,0.82,OUI,NON,NON,OUI,NON,NON,NON,🔴 Rejet,46.9,49.8,,,,,,,,,,,,,,
OKE,93.41,97.9,61.67,79.79,89.76,69.81,87.6,17.1,91.17,2.5,2.31,6.5,2.31,OUI,OUI,OUI,NON,NON,OUI,NON,🟢 STRAT2: Pullback MM30,88.44,93.91,93.41,8.0291,2.6764,140.12,125.0,191.49,262.5,112.09,100.88,87.81,87.81,45.0,387.5,8.61
OKLO,40.08,193.84,36.61,115.22,129.63,100.82,2.2,-65.2,42.83,-6.4,-4.88,21.86,3.04,NON,NON,NON,NON,NON,NON,NON,🔴 Rejet,41.55,44.11,,,,,,,,,,,,,,
OKTA,130.57,157.0,62.66,109.83,123.56,96.1,72.0,18.9,143.47,-9.0,0.18,11.06,6.7,OUI,NON,OUI,NON,NON,NON,NON,🔴 Rejet,139.17,147.78,,,,,,,,,,,,,,
OLED,84.63,151.18,76.42,113.8,128.02,99.57,11.0,-25.6,84.27,0.4,2.72,8.73,2.88,NON,OUI,NON,NON,NON,NON,NON,🔴 Rejet,81.74,86.8,,,,,,,,,,,,,,
OLLI,76.19,140.17,60.29,100.23,112.76,87.7,19.9,-24.0,72.92,4.5,3.63,10.31,2.96,NON,OUI,NON,NON,NON,NON,NON,🔴 Rejet,70.73,75.1,,,,,,,,,,,,,,
OLN,17.66,30.25,17.56,23.9,26.89,20.91,0.8,-26.1,20.31,-13.1,-2.7,6.36,0.65,NON,NON,NON,NON,NON,NON,NON,🔴 Rejet,19.7,20.92,,,,,,,,,,,,,,
OMAB,102.46,131.18,90.82,111.0,124.87,97.12,28.8,-7.7,106.09,-3.4,-1.81,5.39,2.71,NON,NON,NON,OUI,NON,NON,NON,🔴 Rejet,102.91,109.27,,,,,,,,,,,,,,
ON,72.16,134.92,44.56,89.74,100.96,78.52,30.5,-19.6,83.1,-13.2,-5.45,10.42,3.47,OUI,NON,NON,NON,NON,NON,NON,🔴 Rejet,80.6,85.59,,,,,,,,,,,,,,
ONB,25.83,27.36,19.03,23.2,26.1,20.3,81.6,11.3,26.58,-2.8,0.51,3.76,0.42,OUI,NON,NON,OUI,NON,NON,NON,🔴 Rejet,25.78,27.38,,,,,,,,,,,,,,
ONC,371.54,385.22,253.95,319.58,359.53,279.64,89.6,16.3,337.26,10.2,6.94,8.57,10.53,OUI,OUI,OUI,NON,NON,NON,NON,🟡 Chasing - attendre pullback,327.14,347.37,,,,,,,,,,,,,,
ONDS,8.24,15.28,3.8,9.54,10.73,8.35,38.7,-13.6,8.23,0.2,5.92,15.51,0.6,NON,OUI,NON,NON,NON,NON,NON,🔴 Rejet,7.98,8.47,,,,,,,,,,,,,,
ONON,29.32,51.08,29.29,40.19,45.21,35.16,0.1,-27.0,35.17,-16.6,-5.19,21.68,1.7,NON,NON,NON,NON,NON,NON,NON,🔴 Rejet,34.11,36.22,,,,,,,,,,,,,,
ONTO,284.32,386.46,101.0,243.73,274.2,213.26,64.2,16.7,290.78,-2.2,-0.43,24.9,23.94,OUI,NON,OUI,NON,NON,NON,NON,🔴 Rejet,282.06,299.51,,,,,,,,,,,,,,
OPCH,23.76,36.8,18.01,27.4,30.83,23.98,30.6,-13.3,22.94,3.6,3.37,4.84,0.62,NON,OUI,NON,NON,NON,NON,NON,🔴 Rejet,22.26,23.63,,,,,,,,,,,,,,
OPLN,33.85,42.9,24.32,33.61,37.81,29.41,51.3,0.7,37.91,-10.7,-4.89,8.06,1.44,OUI,NON,NON,OUI,NON,NON,NON,🔴 Rejet,36.78,39.05,,,,,,,,,,,,,,
OR,37.7,47.89,27.54,37.71,42.43,33.0,49.9,-0.0,31.45,19.9,4.3,11.07,1.27,NON,OUI,NON,OUI,NON,NON,NON,🔴 Rejet,30.51,32.4,,,,,,,,,,,,,,
ORA,105.29,146.23,88.71,117.47,132.15,102.78,28.8,-10.4,105.46,-0.2,0.26,12.24,3.94,NON,NON,NON,OUI,NON,NON,NON,🔴 Rejet,102.3,108.62,,,,,,,,,,,,,,
ORCL,143.18,341.82,114.5,228.16,256.68,199.64,12.6,-37.2,135.98,5.3,1.37,10.6,6.31,NON,OUI,NON,NON,NON,NON,NON,🔴 Rejet,131.9,140.06,,,,,,,,,,,,,,
ORI,41.94,44.65,35.43,40.04,45.04,35.03,70.7,4.8,42.51,-1.3,0.6,2.45,0.7,OUI,NON,NON,OUI,NON,NON,NON,🔴 Rejet,41.23,43.78,,,,,,,,,,,,,,
ORLY,90.06,108.72,82.59,95.65,107.61,83.7,28.6,-5.8,89.51,0.6,1.09,4.18,2.06,NON,OUI,NON,OUI,NON,NON,NON,🔴 Rejet,86.82,92.19,,,,,,,,,,,,,,
OSCR,31.74,33.55,10.69,22.12,24.88,19.35,92.1,43.5,30.14,5.3,0.31,17.72,1.96,OUI,OUI,OUI,NON,NON,NON,NON,🟡 Chasing - attendre pullback,29.24,31.05,,,,,,,,,,,,,,
OSK,156.35,178.55,115.83,147.19,165.58,128.79,64.6,6.2,150.19,4.1,1.88,6.76,4.73,OUI,OUI,NON,OUI,OUI,NON,OUI,🟢 STRAT1: Zone mediane,145.68,154.7,156.35,4.7969,1.599,234.52,125.0,320.52,262.5,187.62,168.86,146.97,146.97,45.0,387.5,8.61
OTIS,71.72,93.43,68.74,81.09,91.22,70.95,12.1,-11.6,72.19,-0.6,-0.1,4.71,1.39,NON,NON,NON,OUI,NON,NON,NON,🔴 Rejet,70.02,74.35,,,,,,,,,,,,,,
OUST,36.02,63.79,16.4,40.1,45.11,35.08,41.4,-10.2,40.27,-10.6,-5.17,19.93,4.13,OUI,NON,NON,OUI,NON,NON,NON,🔴 Rejet,39.07,41.48,,,,,,,,,,,,,,
OUT,30.12,34.63,16.42,25.52,28.71,22.33,75.3,18.0,31.43,-4.2,-3.15,5.76,0.84,OUI,NON,OUI,NON,NON,NON,NON,🔴 Rejet,30.48,32.37,,,,,,,,,,,,,,
OWL,11.7,17.87,7.62,12.74,14.34,11.15,39.8,-8.2,10.62,10.1,10.18,11.94,0.44,NON,OUI,NON,OUI,NON,NON,NON,🔴 Rejet,10.3,10.94,,,,,,,,,,,,,,
OXM,36.45,48.74,29.11,38.92,43.79,34.06,37.4,-6.3,37.92,-3.9,0.82,8.41,1.37,OUI,NON,NON,OUI,NON,NON,NON,🔴 Rejet,36.78,39.06,,,,,,,,,,,,,,
OXY,60.03,67.14,38.44,52.79,59.39,46.19,75.2,13.7,56.98,5.4,5.35,7.97,1.57,OUI,OUI,OUI,NON,NON,NON,OUI,🟢 STRAT3: Phase 2 precoce,55.27,58.68,60.03,12.4938,4.1646,90.04,125.0,123.06,262.5,72.04,64.83,56.43,56.43,45.0,387.5,8.61
PAA,25.06,25.09,14.49,19.79,22.27,17.32,99.6,26.6,23.84,5.1,2.47,6.04,0.49,OUI,OUI,OUI,NON,NON,NON,NON,🟡 Chasing - attendre pullback,23.12,24.55,,,,,,,,,,,,,,
PAAS,53.36,69.58,31.41,50.5,56.81,44.18,57.5,5.7,46.61,14.5,4.48,16.77,2.37,NON,OUI,NON,OUI,NON,NON,NON,🔴 Rejet,45.21,48.01,,,,,,,,,,,,,,
PAC,204.45,300.41,203.24,251.83,283.3,220.35,1.2,-18.8,215.88,-5.3,-5.23,6.57,5.54,NON,NON,NON,NON,NON,NON,NON,🔴 Rejet,209.4,222.36,,,,,,,,,,,,,,
PAG,218.72,225.51,138.0,181.75,204.47,159.03,92.2,20.3,212.77,2.8,5.62,2.82,2.72,OUI,OUI,OUI,NON,NON,OUI,NON,🟢 STRAT2: Pullback MM30,206.39,219.15,218.72,3.429,1.143,328.08,125.0,448.38,262.5,262.46,236.22,205.6,205.6,45.0,387.5,8.61
PAGS,8.73,12.03,8.22,10.13,11.39,8.86,13.5,-13.7,9.15,-4.6,-1.36,5.92,0.3,NON,NON,NON,NON,NON,NON,NON,🔴 Rejet,8.88,9.43,,,,,,,,,,,,,,
PAM,80.86,94.5,54.95,74.73,84.07,65.38,65.5,8.2,83.28,-2.9,-0.96,4.63,2.47,NON,NON,NON,OUI,NON,NON,NON,🔴 Rejet,80.78,85.78,,,,,,,,,,,,,,
PANW,350.73,398.88,139.57,269.23,302.88,235.57,81.4,30.3,353.55,-0.8,3.27,9.77,14.62,OUI,NON,OUI,NON,NON,NON,NON,🔴 Rejet,342.94,364.16,,,,,,,,,,,,,,
PATH,16.63,19.84,9.2,14.52,16.33,12.7,69.8,14.5,13.7,21.3,12.27,14.11,0.85,OUI,OUI,OUI,NON,NON,NON,OUI,🟢 STRAT3: Phase 2 precoce,13.29,14.11,16.63,45.0992,15.0331,24.94,125.0,34.09,262.5,19.96,17.96,15.63,15.63,45.0,387.5,8.61
PAY,40.03,45.31,20.11,32.71,36.8,28.62,79.0,22.4,35.76,11.9,13.94,15.81,2.09,OUI,OUI,OUI,NON,NON,NON,OUI,🟢 STRAT3: Phase 2 precoce,34.69,36.83,40.03,18.7359,6.2453,60.04,125.0,82.06,262.5,48.04,43.23,37.63,37.63,45.0,387.5,8.61
PAYC,230.41,232.79,104.33,168.56,189.63,147.49,98.2,36.7,182.61,26.2,17.86,24.34,10.27,OUI,OUI,OUI,NON,NON,NON,NON,🟡 Chasing - attendre pullback,177.13,188.08,,,,,,,,,,,,,,
PAYX,126.04,135.23,83.5,109.36,123.04,95.69,82.2,15.3,117.61,7.2,5.45,6.84,3.15,OUI,OUI,OUI,NON,NON,NON,OUI,🟢 STRAT3: Phase 2 precoce,114.08,121.14,126.04,5.9505,1.9835,189.06,125.0,258.38,262.5,151.25,136.12,118.48,118.48,45.0,387.5,8.61
PB,73.14,75.87,59.52,67.69,76.15,59.23,83.3,8.1,73.75,-0.8,0.8,2.86,1.11,OUI,NON,NON,OUI,NON,NON,NON,🔴 Rejet,71.53,75.96,,,,,,,,,,,,,,
PBF,69.43,75.68,21.64,48.66,54.74,42.58,88.4,42.7,66.5,4.4,12.48,17.67,4.11,OUI,OUI,OUI,NON,NON,NON,NON,🟡 Chasing - attendre pullback,64.5,68.49,,,,,,,,,,,,,,
PBH,51.8,71.07,42.62,56.84,63.95,49.74,32.3,-8.9,51.04,1.5,1.85,7.69,1.88,NON,OUI,NON,OUI,NON,NON,NON,🔴 Rejet,49.51,52.57,,,,,,,,,,,,,,
PBR,18.59,22.07,11.28,16.67,18.76,14.59,67.8,11.5,18.4,1.0,3.03,7.18,0.52,OUI,OUI,NON,OUI,OUI,NON,OUI,🟢 STRAT1: Zone mediane,17.85,18.95,18.59,40.3443,13.4481,27.88,125.0,38.11,262.5,22.31,20.08,17.47,17.47,45.0,387.5,8.61
PCAR,129.38,138.87,90.03,114.45,128.76,100.14,80.6,13.0,130.26,-0.7,2.04,4.39,2.95,OUI,NON,OUI,NON,NON,NON,NON,🔴 Rejet,126.36,134.17,,,,,,,,,,,,,,
PCG,18.09,19.05,14.19,16.62,18.7,14.54,80.3,8.8,17.56,3.0,1.19,7.01,0.54,OUI,OUI,NON,OUI,OUI,NON,OUI,🟢 STRAT1: Zone mediane,17.03,18.08,18.09,41.4594,13.8198,27.14,125.0,37.08,262.5,21.71,19.54,17.0,17.0,45.0,387.5,8.61
PCOR,62.54,82.32,38.03,60.17,67.69,52.65,55.3,3.9,53.17,17.6,12.52,10.87,2.52,NON,OUI,NON,OUI,NON,NON,NON,🔴 Rejet,51.57,54.76,,,,,,,,,,,,,,
PCTY,152.8,182.83,92.99,137.91,155.15,120.67,66.6,10.8,139.2,9.8,9.1,8.51,5.4,OUI,OUI,NON,OUI,OUI,NON,OUI,🟢 STRAT1: Zone mediane,135.02,143.37,152.8,4.9084,1.6361,229.2,125.0,313.24,262.5,183.36,165.02,143.63,143.63,45.0,387.5,8.61
PCVX,61.94,65.0,29.87,47.44,53.36,41.51,91.3,30.6,57.42,7.9,1.37,10.05,2.38,OUI,OUI,OUI,NON,NON,NON,NON,🟡 Chasing - attendre pullback,55.7,59.14,,,,,,,,,,,,,,
PD,12.36,17.29,5.7,11.5,12.93,10.06,57.5,7.5,10.96,12.8,6.07,10.51,0.51,OUI,OUI,NON,OUI,OUI,NON,NON,🟢 STRAT1: Zone mediane,10.63,11.29,12.36,60.6796,20.2265,18.54,125.0,25.34,262.5,14.83,13.35,11.62,11.62,45.0,387.5,8.61
PDD,87.33,139.41,71.94,105.68,118.88,92.47,22.8,-17.4,87.39,-0.1,2.1,8.27,2.57,NON,NON,NON,NON,NON,NON,NON,🔴 Rejet,84.77,90.01,,,,,,,,,,,,,,
PECO,39.54,44.26,31.96,38.11,42.87,33.34,61.7,3.8,41.52,-4.8,-1.52,3.63,0.71,OUI,NON,NON,OUI,NON,NON,NON,🔴 Rejet,40.28,42.77,,,,,,,,,,,,,,
PEG,73.25,86.18,72.54,79.36,89.28,69.44,5.2,-7.7,76.9,-4.7,-2.57,3.88,1.22,NON,NON,NON,OUI,NON,NON,NON,🔴 Rejet,74.59,79.2,,,,,,,,,,,,,,
PEGA,34.48,67.78,25.04,46.41,52.21,40.6,22.1,-25.7,31.29,10.2,1.93,11.46,1.3,NON,OUI,NON,NON,NON,NON,NON,🔴 Rejet,30.35,32.23,,,,,,,,,,,,,,
PEN,323.64,362.41,221.26,291.83,328.31,255.36,72.5,10.9,322.13,0.5,0.87,1.74,2.09,NON,OUI,NON,OUI,NON,NON,NON,🔴 Rejet,312.47,331.8,,,,,,,,,,,,,,
PENG,51.01,89.86,16.04,52.95,59.57,46.33,47.4,-3.7,57.14,-10.7,-8.05,17.41,4.11,OUI,NON,NON,OUI,NON,NON,NON,🔴 Rejet,55.42,58.85,,,,,,,,,,,,,,
PENN,18.28,22.36,11.65,17.01,19.13,14.88,61.9,7.5,19.91,-8.2,-3.82,8.45,0.68,OUI,NON,NON,OUI,NON,NON,NON,🔴 Rejet,19.32,20.51,,,,,,,,,,,,,,
PEP,144.61,168.19,133.4,150.8,169.65,131.95,32.2,-4.1,139.11,4.0,0.14,3.62,2.33,NON,OUI,NON,OUI,NON,NON,NON,🔴 Rejet,134.94,143.29,,,,,,,,,,,,,,
PFE,28.05,28.44,22.03,25.24,28.39,22.08,93.8,11.1,25.8,8.7,4.81,5.64,0.61,OUI,OUI,NON,OUI,OUI,NON,NON,🟢 STRAT1: Zone mediane,25.02,26.57,28.05,26.738,8.9127,42.08,125.0,57.5,262.5,33.66,30.29,26.37,26.37,45.0,387.5,8.61
PFG,111.34,116.61,75.8,96.21,108.23,84.18,87.1,15.7,112.66,-1.2,0.49,3.14,2.07,OUI,NON,OUI,NON,NON,NON,NON,🔴 Rejet,109.28,116.04,,,,,,,,,,,,,,
PFGC,106.1,117.47,80.82,99.15,111.54,86.75,69.0,7.0,110.65,-4.1,-2.03,8.13,3.21,OUI,NON,NON,OUI,NON,NON,NON,🔴 Rejet,107.33,113.97,,,,,,,,,,,,,,
PG,145.97,164.77,134.62,149.7,168.41,130.98,37.6,-2.5,146.04,-0.0,-0.75,2.82,2.37,NON,NON,NON,OUI,NON,NON,NON,🔴 Rejet,141.66,150.42,,,,,,,,,,,,,,
PGNY,25.44,33.06,16.1,24.58,27.66,21.51,55.1,3.5,29.35,-13.3,-4.94,10.34,1.27,OUI,NON,NON,OUI,NON,NON,NON,🔴 Rejet,28.47,30.23,,,,,,,,,,,,,,
PGR,222.66,239.38,187.78,213.58,240.28,186.88,67.6,4.3,212.55,4.8,-2.45,7.0,4.75,OUI,NON,NON,OUI,NON,NON,NON,🔴 Rejet,206.17,218.93,,,,,,,,,,,,,,
PH,1011.85,1099.94,710.89,905.42,1018.59,792.24,77.4,11.8,1004.04,0.8,2.66,8.51,25.92,OUI,OUI,NON,OUI,OUI,NON,OUI,🟢 STRAT1: Zone mediane,973.92,1034.16,1011.85,0.7412,0.2471,1517.78,125.0,2074.29,262.5,1214.22,1092.8,951.14,951.14,45.0,387.5,8.61
PHG,27.53,32.19,23.85,28.02,31.52,24.52,44.2,-1.7,26.68,3.2,-0.35,4.27,0.43,NON,NON,NON,OUI,NON,NON,NON,🔴 Rejet,25.88,27.48,,,,,,,,,,,,,,
PHI,19.41,23.61,17.05,20.33,22.87,17.79,36.0,-4.5,19.56,-0.8,2.07,3.82,0.35,NON,NON,NON,OUI,NON,NON,NON,🔴 Rejet,18.97,20.15,,,,,,,,,,,,,,
PHM,130.12,143.89,108.26,126.07,141.83,110.31,61.4,3.2,128.88,1.0,-0.09,7.74,3.76,OUI,NON,NON,OUI,NON,NON,NON,🔴 Rejet,125.01,132.74,,,,,,,,,,,,,,
PHR,11.77,32.76,7.77,20.26,22.8,17.73,16.0,-41.9,11.31,4.1,3.91,13.64,0.54,NON,OUI,NON,NON,NON,NON,NON,🔴 Rejet,10.97,11.65,,,,,,,,,,,,,,
PI,158.38,247.06,87.36,167.21,188.11,146.31,44.5,-5.3,155.11,2.1,6.11,13.32,7.74,OUI,OUI,NON,OUI,OUI,NON,NON,🟢 STRAT1: Zone mediane,150.46,159.77,158.38,4.7354,1.5785,237.57,125.0,324.68,262.5,190.06,171.05,148.88,148.88,45.0,387.5,8.61
PINS,23.44,38.57,13.84,26.2,29.48,22.93,38.8,-10.5,23.45,-0.0,1.7,12.02,0.92,NON,NON,NON,OUI,NON,NON,NON,🔴 Rejet,22.75,24.16,,,,,,,,,,,,,,
PIPR,74.76,93.05,68.52,80.79,90.88,70.69,25.4,-7.5,75.79,-1.4,1.3,7.07,2.17,NON,NON,NON,OUI,NON,NON,NON,🔴 Rejet,73.52,78.07,,,,,,,,,,,,,,
PK,15.81,15.99,9.22,12.61,14.18,11.03,97.4,25.4,15.0,5.4,2.54,7.79,0.42,OUI,OUI,OUI,NON,NON,NON,NON,🟡 Chasing - attendre pullback,14.55,15.45,,,,,,,,,,,,,,
PKG,248.67,259.98,187.98,223.98,251.98,195.98,84.3,11.0,246.76,0.8,2.91,3.9,5.17,OUI,OUI,NON,OUI,OUI,NON,OUI,🟢 STRAT1: Zone mediane,239.36,254.17,248.67,3.016,1.0053,373.0,125.0,509.77,262.5,298.4,268.56,233.75,233.75,45.0,387.5,8.61
PKX,58.76,92.4,44.99,68.7,77.28,60.11,29.0,-14.5,54.59,7.6,3.94,7.61,1.52,NON,OUI,NON,NON,NON,NON,NON,🔴 Rejet,52.95,56.22,,,,,,,,,,,,,,
PL,21.83,51.76,6.26,29.01,32.63,25.38,34.2,-24.7,22.6,-3.4,-8.08,10.54,1.26,NON,NON,NON,NON,NON,NON,NON,🔴 Rejet,21.92,23.28,,,,,,,,,,,,,,
PLAB,29.79,56.0,20.05,38.02,42.78,33.27,27.1,-21.7,30.98,-3.9,2.74,8.31,1.26,NON,NON,NON,NON,NON,NON,NON,🔴 Rejet,30.05,31.91,,,,,,,,,,,,,,
PLAY,10.31,26.31,9.4,17.85,20.09,15.62,5.4,-42.2,10.28,0.3,-1.87,10.13,0.49,NON,NON,NON,NON,NON,NON,NON,🔴 Rejet,9.97,10.59,,,,,,,,,,,,,,
PLD,142.54,153.35,105.72,129.53,145.72,113.34,77.3,10.0,143.42,-0.6,0.22,2.81,2.08,OUI,NON,NON,OUI,NON,NON,NON,🔴 Rejet,139.12,147.73,,,,,,,,,,,,,,
PLNT,53.89,114.26,37.03,75.65,85.1,66.19,21.8,-28.8,53.08,1.5,-0.3,12.83,2.02,NON,NON,NON,NON,NON,NON,NON,🔴 Rejet,51.49,54.67,,,,,,,,,,,,,,
PLTR,176.68,207.52,106.37,156.95,176.56,137.33,69.5,12.6,149.83,17.9,11.86,13.49,7.45,OUI,OUI,OUI,NON,NON,NON,OUI,🟢 STRAT3: Phase 2 precoce,145.33,154.32,176.68,4.245,1.415,265.02,125.0,362.19,262.5,212.02,190.81,166.08,166.08,45.0,387.5,8.61
PLUG,2.18,4.58,1.41,2.99,3.37,2.62,24.3,-27.2,2.16,0.7,-3.66,13.33,0.16,NON,NON,NON,NON,NON,NON,NON,🔴 Rejet,2.1,2.23,,,,,,,,,,,,,,
PLXS,237.54,307.06,131.37,219.21,246.62,191.81,60.4,8.4,257.45,-7.7,-2.31,9.47,11.08,OUI,NON,NON,OUI,NON,NON,NON,🔴 Rejet,249.73,265.18,,,,,,,,,,,,,,
PM,190.19,207.76,138.43,173.1,194.73,151.46,74.7,9.9,189.55,0.3,1.02,5.36,4.33,OUI,OUI,NON,OUI,OUI,NON,OUI,🟢 STRAT1: Zone mediane,183.86,195.24,190.19,3.9434,1.3145,285.28,125.0,389.89,262.5,228.23,205.41,178.78,178.78,45.0,387.5,8.61
PNC,243.79,258.96,172.82,215.89,242.87,188.9,82.4,12.9,251.06,-2.9,0.29,4.22,4.27,OUI,NON,OUI,NON,NON,NON,NON,🔴 Rejet,243.52,258.59,,,,,,,,,,,,,,
PNFP,101.83,109.81,80.29,95.05,106.93,83.17,73.0,7.1,103.4,-1.5,1.65,4.63,2.16,OUI,NON,NON,OUI,NON,NON,NON,🔴 Rejet,100.3,106.5,,,,,,,,,,,,,,
PNR,63.71,112.57,57.35,84.96,95.58,74.34,11.5,-25.0,65.56,-2.8,-4.97,7.34,1.91,NON,NON,NON,NON,NON,NON,NON,🔴 Rejet,63.59,67.53,,,,,,,,,,,,,,
PNW,97.74,110.16,82.14,96.15,108.17,84.13,55.7,1.7,102.23,-4.4,-2.25,3.31,1.68,OUI,NON,NON,OUI,NON,NON,NON,🔴 Rejet,99.16,105.29,,,,,,,,,,,,,,
PODD,146.21,354.88,126.4,240.64,270.72,210.56,8.7,-39.2,154.86,-5.6,-2.82,22.91,8.39,NON,NON,NON,NON,NON,NON,NON,🔴 Rejet,150.21,159.51,,,,,,,,,,,,,,
POOL,187.85,327.9,171.55,249.73,280.94,218.51,10.4,-24.8,195.0,-3.7,-2.86,8.78,6.47,NON,NON,NON,NON,NON,NON,NON,🔴 Rejet,189.15,200.85,,,,,,,,,,,,,,
POR,49.65,54.08,40.0,47.04,52.92,41.16,68.5,5.6,50.64,-1.9,-1.54,5.03,1.02,OUI,NON,NON,OUI,NON,NON,NON,🔴 Rejet,49.12,52.16,,,,,,,,,,,,,,
POST,83.16,117.28,75.4,96.34,108.38,84.3,18.5,-13.7,85.88,-3.2,-3.08,15.12,3.33,NON,NON,NON,NON,NON,NON,NON,🔴 Rejet,83.3,88.46,,,,,,,,,,,,,,
POWL,190.45,327.74,82.85,205.29,230.96,179.63,43.9,-7.2,215.51,-11.6,-6.46,10.56,10.06,OUI,NON,NON,OUI,NON,NON,NON,🔴 Rejet,209.05,221.98,,,,,,,,,,,,,,
PPC,31.84,47.67,25.9,36.78,41.38,32.19,27.3,-13.4,28.64,11.2,1.15,12.05,1.34,NON,OUI,NON,NON,NON,NON,NON,🔴 Rejet,27.78,29.5,,,,,,,,,,,,,,
PPG,113.27,130.99,91.35,111.17,125.07,97.27,55.3,1.9,114.84,-1.4,-1.4,5.05,2.34,NON,NON,NON,OUI,NON,NON,NON,🔴 Rejet,111.39,118.29,,,,,,,,,,,,,,
PPL,34.99,39.79,32.66,36.23,40.75,31.7,32.6,-3.4,35.56,-1.6,-0.7,4.8,0.7,NON,NON,NON,OUI,NON,NON,NON,🔴 Rejet,34.49,36.62,,,,,,,,,,,,,,
PPLI,38.63,48.32,29.56,38.94,43.81,34.07,48.3,-0.8,41.92,-7.8,-5.58,7.22,1.4,NON,NON,NON,OUI,NON,NON,NON,🔴 Rejet,40.66,43.18,,,,,,,,,,,,,,
PR,23.55,24.09,11.6,17.84,20.07,15.61,95.6,32.0,21.15,11.3,6.15,8.95,0.7,OUI,OUI,OUI,NON,NON,NON,NON,🟡 Chasing - attendre pullback,20.52,21.79,,,,,,,,,,,,,,
PRGO,14.26,23.17,9.0,16.08,18.1,14.07,37.1,-11.3,11.7,21.9,8.67,25.29,0.75,OUI,OUI,NON,OUI,OUI,NON,NON,🟢 STRAT1: Zone mediane,11.35,12.05,14.26,52.5947,17.5316,21.39,125.0,29.23,262.5,17.11,15.4,13.4,13.4,45.0,387.5,8.61
PRI,299.65,325.96,227.14,276.55,311.12,241.98,73.4,8.4,311.24,-3.7,0.89,4.77,6.49,OUI,NON,NON,OUI,NON,NON,NON,🔴 Rejet,301.9,320.58,,,,,,,,,,,,,,
PRKS,44.56,56.95,28.77,42.86,48.22,37.5,56.1,4.0,45.29,-1.6,-1.56,6.1,1.58,OUI,NON,NON,OUI,NON,NON,NON,🔴 Rejet,43.94,46.65,,,,,,,,,,,,,,
PRMB,23.13,26.21,14.12,20.16,22.68,17.64,74.5,14.7,23.71,-2.4,-0.86,12.57,0.95,OUI,NON,OUI,NON,NON,NON,NON,🔴 Rejet,22.99,24.42,,,,,,,,,,,,,,
PRU,122.1,127.72,90.65,109.19,122.84,95.54,84.8,11.8,121.18,0.8,2.83,4.45,2.58,OUI,OUI,NON,OUI,OUI,NON,OUI,🟢 STRAT1: Zone mediane,117.54,124.81,122.1,6.1425,2.0475,183.15,125.0,250.3,262.5,146.52,131.87,114.77,114.77,45.0,387.5,8.61
PSA,324.19,335.55,251.62,293.58,330.28,256.89,86.5,10.4,322.74,0.4,0.15,2.54,5.36,OUI,OUI,NON,OUI,OUI,NON,NON,🟢 STRAT1: Zone mediane,313.06,332.43,324.19,2.3135,0.7712,486.28,125.0,664.59,262.5,389.03,350.13,304.74,304.74,45.0,387.5,8.61
PSIX,35.47,119.7,25.28,72.49,81.55,63.43,10.8,-51.1,34.17,3.8,3.21,27.21,2.68,NON,OUI,NON,NON,NON,NON,NON,🔴 Rejet,33.14,35.19,,,,,,,,,,,,,,
PSKY,10.53,20.57,7.62,14.1,15.86,12.34,22.5,-25.3,9.1,15.8,1.17,7.0,0.43,NON,OUI,NON,NON,NON,NON,NON,🔴 Rejet,8.83,9.37,,,,,,,,,,,,,,
PSMT,174.17,199.06,104.58,151.82,170.8,132.84,73.7,14.7,182.87,-4.8,-3.02,9.54,6.32,OUI,NON,OUI,NON,NON,NON,NON,🔴 Rejet,177.38,188.36,,,,,,,,,,,,,,
PSO,16.66,17.63,11.73,14.68,16.51,12.84,83.6,13.5,16.44,1.3,-0.72,3.85,0.27,OUI,NON,OUI,NON,NON,NON,NON,🔴 Rejet,15.95,16.94,,,,,,,,,,,,,,
PST,23.51,23.76,21.14,22.45,25.26,19.64,90.6,4.7,23.42,0.4,0.72,2.1,0.16,OUI,OUI,NON,OUI,OUI,NON,NON,🟢 STRAT1: Zone mediane,22.72,24.12,23.51,31.9013,10.6338,35.26,125.0,48.2,262.5,28.21,25.39,22.1,22.1,45.0,387.5,8.61
PSX,241.43,246.95,121.29,184.12,207.13,161.1,95.6,31.1,215.77,11.9,9.39,8.0,7.53,OUI,OUI,OUI,NON,NON,NON,NON,🟡 Chasing - attendre pullback,209.3,222.25,,,,,,,,,,,,,,
PTC,154.86,217.64,108.5,163.07,183.45,142.69,42.5,-5.0,137.47,12.6,7.61,9.63,5.36,NON,OUI,NON,OUI,NON,NON,NON,🔴 Rejet,133.35,141.6,,,,,,,,,,,,,,
PTEN,11.88,12.96,4.93,8.94,10.06,7.83,86.5,32.8,10.58,12.2,8.67,16.8,0.52,OUI,OUI,OUI,NON,NON,NON,NON,🟡 Chasing - attendre pullback,10.26,10.9,,,,,,,,,,,,,,
PTON,5.36,9.2,3.65,6.42,7.23,5.62,30.8,-16.6,5.97,-10.3,-2.21,18.52,0.28,NON,NON,NON,NON,NON,NON,NON,🔴 Rejet,5.79,6.15,,,,,,,,,,,,,,
PUK,28.48,33.59,24.61,29.1,32.73,25.46,43.1,-2.1,28.64,-0.6,0.32,7.22,0.57,NON,NON,NON,OUI,NON,NON,NON,🔴 Rejet,27.78,29.5,,,,,,,,,,,,,,
PUMD,0.0,0.01,0.0,0.0,0.0,0.0,0.0,-96.1,0.0,0.0,0.0,0.0,0.0,NON,NON,NON,NON,NON,NON,NON,🔴 Rejet,0.0,0.0,,,,,,,,,,,,,,
PVH,77.04,100.75,59.58,80.16,90.18,70.14,42.4,-3.9,82.16,-6.2,1.46,8.65,3.14,OUI,NON,NON,OUI,NON,NON,NON,🔴 Rejet,79.7,84.63,,,,,,,,,,,,,,
PWR,619.03,788.63,362.7,575.67,647.62,503.71,60.2,7.5,654.65,-5.4,-0.21,9.58,27.34,OUI,NON,NON,OUI,NON,NON,NON,🔴 Rejet,635.01,674.29,,,,,,,,,,,,,,
PYPL,61.65,78.53,38.22,58.38,65.67,51.08,58.1,5.6,58.15,6.0,9.85,5.63,1.47,OUI,OUI,NON,OUI,OUI,NON,NON,🟢 STRAT1: Zone mediane,56.4,59.89,61.65,12.1655,4.0552,92.48,125.0,126.38,262.5,73.98,66.58,57.95,57.95,45.0,387.5,8.61
PZZA,23.97,53.66,22.77,38.22,42.99,33.44,3.9,-37.3,28.16,-14.9,-11.51,18.19,1.19,NON,NON,NON,NON,NON,NON,NON,🔴 Rejet,27.32,29.01,,,,,,,,,,,,,,
QBTS,18.83,46.75,12.75,29.75,33.47,26.03,17.9,-36.7,18.99,-0.9,-2.94,18.71,1.29,NON,NON,NON,NON,NON,NON,NON,🔴 Rejet,18.42,19.56,,,,,,,,,,,,,,
QFIN,10.94,30.85,10.85,20.85,23.46,18.24,0.5,-47.5,12.83,-14.7,-6.97,7.1,0.44,NON,NON,NON,NON,NON,NON,NON,🔴 Rejet,12.45,13.22,,,,,,,,,,,,,,
QGEN,42.28,57.3,32.24,44.77,50.37,39.17,40.0,-5.6,42.16,0.3,2.87,8.91,1.34,NON,OUI,NON,OUI,NON,NON,NON,🔴 Rejet,40.9,43.43,,,,,,,,,,,,,,
QUBT,8.27,25.84,6.18,16.01,18.01,14.01,10.6,-48.4,8.37,-1.3,-1.42,15.79,0.49,NON,NON,NON,NON,NON,NON,NON,🔴 Rejet,8.12,8.62,,,,,,,,,,,,,,
R,244.54,284.25,155.55,219.9,247.38,192.41,69.1,11.2,262.66,-6.9,-1.1,4.9,5.86,OUI,NON,NON,OUI,NON,NON,NON,🔴 Rejet,254.78,270.54,,,,,,,,,,,,,,
RA,12.55,12.86,11.81,12.33,13.88,10.79,70.0,1.7,12.72,-1.3,-0.08,1.22,0.09,OUI,NON,NON,OUI,NON,NON,NON,🔴 Rejet,12.33,13.1,,,,,,,,,,,,,,
RAA,30.45,30.57,25.4,27.99,31.49,24.49,97.6,8.8,29.8,2.2,0.99,1.24,0.17,OUI,OUI,NON,OUI,OUI,NON,NON,🟢 STRAT1: Zone mediane,28.91,30.69,30.45,24.6305,8.2102,45.68,125.0,62.42,262.5,36.54,32.89,28.62,28.62,45.0,387.5,8.61
RACE,423.69,498.73,308.94,403.84,454.32,353.36,60.5,4.9,396.98,6.7,3.56,5.64,7.42,OUI,OUI,NON,OUI,OUI,NON,OUI,🟢 STRAT1: Zone mediane,385.08,408.89,423.69,1.7702,0.5901,635.54,125.0,868.56,262.5,508.43,457.59,398.27,398.27,45.0,387.5,8.61
RAL,62.7,75.41,37.2,56.3,63.34,49.27,66.7,11.4,68.23,-8.1,-0.55,9.02,2.26,OUI,NON,NON,OUI,NON,NON,NON,🔴 Rejet,66.19,70.28,,,,,,,,,,,,,,
RAND,10.59,16.08,9.57,12.82,14.43,11.22,15.7,-17.4,10.16,4.3,0.0,5.47,0.17,NON,OUI,NON,NON,NON,NON,NON,🔴 Rejet,9.85,10.46,,,,,,,,,,,,,,
RBA,84.51,119.23,82.03,100.63,113.21,88.05,6.7,-16.0,100.85,-16.2,-8.01,15.96,4.27,NON,NON,NON,NON,NON,NON,NON,🔴 Rejet,97.82,103.87,,,,,,,,,,,,,,
RBC,496.9,667.69,364.5,516.1,580.61,451.58,43.7,-3.7,561.58,-11.5,-4.15,6.11,14.98,NON,NON,NON,OUI,NON,NON,NON,🔴 Rejet,544.73,578.43,,,,,,,,,,,,,,
RBLX,38.41,142.0,33.88,87.94,98.93,76.95,4.2,-56.3,43.28,-11.3,-12.18,10.12,1.8,NON,NON,NON,NON,NON,NON,NON,🔴 Rejet,41.98,44.58,,,,,,,,,,,,,,
RBRK,98.21,106.5,42.25,74.38,83.67,65.08,87.1,32.0,85.8,14.5,6.62,15.07,5.14,OUI,OUI,OUI,NON,NON,NON,NON,🟡 Chasing - attendre pullback,83.23,88.38,,,,,,,,,,,,,,
RCAT,8.81,18.78,5.77,12.28,13.81,10.74,23.3,-28.3,8.79,0.2,1.53,20.45,0.87,NON,OUI,NON,NON,NON,NON,NON,🔴 Rejet,8.52,9.05,,,,,,,,,,,,,,
RCL,292.93,360.34,230.9,295.62,332.57,258.67,47.9,-0.9,303.83,-3.6,0.56,6.27,7.94,NON,NON,NON,OUI,NON,NON,NON,🔴 Rejet,294.72,312.95,,,,,,,,,,,,,,
RDDT,151.65,282.95,119.27,201.11,226.25,175.97,19.8,-24.6,167.14,-9.3,-6.65,19.15,9.0,NON,NON,NON,NON,NON,NON,NON,🔴 Rejet,162.13,172.16,,,,,,,,,,,,,,
RDN,36.67,41.05,31.02,36.04,40.54,31.53,56.3,1.7,37.87,-3.2,-0.98,8.23,0.86,OUI,NON,NON,OUI,NON,NON,NON,🔴 Rejet,36.74,39.01,,,,,,,,,,,,,,
RDW,11.45,26.64,4.87,15.75,17.72,13.79,30.2,-27.3,10.69,7.2,6.01,21.77,0.99,NON,OUI,NON,NON,NON,NON,NON,🔴 Rejet,10.36,11.01,,,,,,,,,,,,,,
RDY,12.19,15.56,11.28,13.42,15.1,11.74,21.1,-9.2,12.15,0.3,-4.57,3.5,0.22,NON,NON,NON,OUI,NON,NON,NON,🔴 Rejet,11.78,12.51,,,,,,,,,,,,,,
REG,76.56,83.66,65.1,74.38,83.68,65.08,61.8,2.9,79.08,-3.2,-1.55,3.54,1.21,OUI,NON,NON,OUI,NON,NON,NON,🔴 Rejet,76.71,81.45,,,,,,,,,,,,,,
REGN,829.4,847.0,538.24,692.62,779.2,606.04,94.3,19.7,744.16,11.5,7.91,5.58,19.68,OUI,OUI,OUI,NON,NON,NON,NON,🟡 Chasing - attendre pullback,721.83,766.48,,,,,,,,,,,,,,
RELX,36.47,47.3,26.83,37.07,41.7,32.43,47.1,-1.6,34.86,4.6,3.07,6.13,0.91,NON,OUI,NON,OUI,NON,NON,NON,🔴 Rejet,33.82,35.91,,,,,,,,,,,,,,
RES,6.2,8.06,4.07,6.06,6.82,5.3,53.4,2.3,5.92,4.8,4.19,9.28,0.2,NON,OUI,NON,OUI,NON,NON,NON,🔴 Rejet,5.74,6.1,,,,,,,,,,,,,,
REYN,25.42,27.08,20.05,23.56,26.51,20.62,76.4,7.9,25.73,-1.2,-0.61,4.13,0.52,OUI,NON,NON,OUI,NON,NON,NON,🔴 Rejet,24.96,26.5,,,,,,,,,,,,,,
RF,30.69,32.47,22.04,27.25,30.66,23.85,83.0,12.6,31.24,-1.7,0.75,4.35,0.52,OUI,NON,OUI,NON,NON,NON,NON,🔴 Rejet,30.3,32.18,,,,,,,,,,,,,,
RGA,245.94,250.0,175.13,212.57,239.14,186.0,94.6,15.7,239.87,2.5,3.04,5.66,5.17,OUI,OUI,OUI,NON,NON,OUI,NON,🟢 STRAT2: Pullback MM30,232.67,247.06,245.94,3.0495,1.0165,368.91,125.0,504.18,262.5,295.13,265.62,231.18,231.18,45.0,387.5,8.61
RGEN,182.12,188.73,100.99,144.86,162.97,126.75,92.5,25.7,154.91,17.6,7.23,8.36,7.06,OUI,OUI,OUI,NON,NON,NON,NON,🟡 Chasing - attendre pullback,150.26,159.55,,,,,,,,,,,,,,
RGLD,261.77,304.97,167.81,236.39,265.94,206.84,68.5,10.7,215.36,21.5,7.11,10.75,8.2,NON,OUI,NON,OUI,NON,NON,NON,🔴 Rejet,208.9,221.82,,,,,,,,,,,,,,
RGR,38.35,47.65,28.03,37.84,42.57,33.11,52.6,1.3,37.92,1.1,-0.08,5.25,0.79,OUI,NON,NON,OUI,NON,NON,NON,🔴 Rejet,36.78,39.06,,,,,,,,,,,,,,
RGTI,16.38,58.15,12.53,35.34,39.76,30.92,8.4,-53.7,16.22,1.0,0.41,20.27,1.12,NON,OUI,NON,NON,NON,NON,NON,🔴 Rejet,15.73,16.71,,,,,,,,,,,,,,
RH,144.17,257.0,106.3,181.65,204.36,158.94,25.1,-20.6,176.91,-18.5,0.82,13.4,9.51,NON,NON,NON,NON,NON,NON,NON,🔴 Rejet,171.6,182.21,,,,,,,,,,,,,,
RHI,45.38,46.7,21.36,34.03,38.28,29.77,94.8,33.4,40.92,10.9,9.19,8.8,1.72,OUI,OUI,OUI,NON,NON,NON,NON,🟡 Chasing - attendre pullback,39.69,42.15,,,,,,,,,,,,,,
RHP,129.49,137.46,80.95,109.2,122.85,95.55,85.9,18.6,127.95,1.2,-0.17,5.6,3.32,OUI,NON,OUI,NON,NON,NON,NON,🔴 Rejet,124.12,131.79,,,,,,,,,,,,,,
RIG,5.76,7.66,2.85,5.25,5.91,4.6,60.4,9.5,5.42,6.3,4.81,10.62,0.24,OUI,OUI,NON,OUI,OUI,NON,OUI,🟢 STRAT1: Zone mediane,5.25,5.58,5.76,130.2083,43.4028,8.64,125.0,11.81,262.5,6.91,6.22,5.41,5.41,45.0,387.5,8.61
RIO,104.74,110.16,58.19,84.18,94.7,73.65,89.6,24.4,94.94,10.3,3.47,7.21,2.28,OUI,OUI,OUI,NON,NON,NON,NON,🟡 Chasing - attendre pullback,92.09,97.79,,,,,,,,,,,,,,
RIOT,20.13,30.32,11.5,20.91,23.52,18.3,45.9,-3.7,20.53,-2.0,-4.78,16.65,1.92,OUI,NON,NON,OUI,NON,NON,NON,🔴 Rejet,19.92,21.15,,,,,,,,,,,,,,
RIVN,16.73,22.69,12.16,17.43,19.6,15.25,43.4,-4.0,16.3,2.7,-3.48,11.87,0.64,OUI,NON,NON,OUI,NON,NON,NON,🔴 Rejet,15.81,16.78,,,,,,,,,,,,,,
RJF,176.46,182.73,138.33,160.53,180.59,140.46,85.9,9.9,174.9,0.9,3.14,4.75,3.6,OUI,OUI,NON,OUI,OUI,NON,NON,🟢 STRAT1: Zone mediane,169.65,180.14,176.46,4.2503,1.4168,264.69,125.0,361.74,262.5,211.75,190.58,165.87,165.87,45.0,387.5,8.61
RKLB,68.85,151.0,37.57,94.28,106.07,82.5,27.6,-27.0,72.63,-5.2,-5.52,13.9,5.33,NON,NON,NON,NON,NON,NON,NON,🔴 Rejet,70.45,74.81,,,,,,,,,,,,,,
RKT,14.01,24.36,12.17,18.27,20.55,15.98,15.1,-23.3,13.94,0.5,-1.59,13.32,0.72,NON,NON,NON,NON,NON,NON,NON,🔴 Rejet,13.52,14.36,,,,,,,,,,,,,,
RL,370.93,420.57,281.29,350.93,394.8,307.06,64.4,5.7,382.06,-2.9,-0.88,6.82,12.95,OUI,NON,NON,OUI,NON,NON,NON,🔴 Rejet,370.6,393.52,,,,,,,,,,,,,,
RMBS,87.62,174.1,70.45,122.28,137.56,106.99,16.6,-28.3,96.91,-9.6,-6.37,12.63,5.31,NON,NON,NON,NON,NON,NON,NON,🔴 Rejet,94.0,99.82,,,,,,,,,,,,,,
RMD,232.24,290.73,179.75,235.24,264.65,205.84,47.3,-1.3,212.67,9.2,3.37,8.95,7.24,NON,OUI,NON,OUI,NON,NON,NON,🔴 Rejet,206.29,219.05,,,,,,,,,,,,,,
RNG,67.13,68.45,24.01,46.23,52.01,40.45,97.0,45.2,55.58,20.8,17.73,10.2,2.75,OUI,OUI,OUI,NON,NON,NON,NON,🟡 Chasing - attendre pullback,53.92,57.25,,,,,,,,,,,,,,
RNR,329.68,335.97,230.53,283.25,318.66,247.84,94.0,16.4,321.61,2.5,0.1,3.84,6.14,OUI,OUI,OUI,NON,NON,OUI,NON,🟢 STRAT2: Pullback MM30,311.96,331.26,329.68,2.2749,0.7583,494.52,125.0,675.84,262.5,395.62,356.05,309.9,309.9,45.0,387.5,8.61
ROCK,46.47,75.08,33.56,54.32,61.11,47.53,31.1,-14.5,46.39,0.2,3.31,17.94,2.6,NON,OUI,NON,NON,NON,NON,NON,🔴 Rejet,45.0,47.79,,,,,,,,,,,,,,
ROK,428.32,495.83,328.32,412.08,463.58,360.57,59.7,3.9,452.55,-5.4,-2.42,5.56,10.44,OUI,NON,NON,OUI,NON,NON,NON,🔴 Rejet,438.98,466.13,,,,,,,,,,,,,,
ROKU,158.36,159.69,78.53,119.11,134.0,104.22,98.4,33.0,148.87,6.4,3.64,4.02,2.14,OUI,OUI,OUI,NON,NON,NON,NON,🟡 Chasing - attendre pullback,144.41,153.34,,,,,,,,,,,,,,
ROL,37.29,65.4,35.83,50.61,56.94,44.29,4.9,-26.3,38.95,-4.3,-5.48,4.42,0.81,NON,NON,NON,NON,NON,NON,NON,🔴 Rejet,37.78,40.12,,,,,,,,,,,,,,
ROP,414.02,533.52,305.19,419.36,471.78,366.94,47.7,-1.3,385.08,7.5,4.31,4.92,9.91,OUI,OUI,NON,OUI,OUI,NON,NON,🟢 STRAT1: Zone mediane,373.53,396.64,414.02,1.8115,0.6038,621.03,125.0,848.74,262.5,496.82,447.14,389.18,389.18,45.0,387.5,8.61
ROST,238.71,257.0,142.48,199.74,224.71,174.77,84.0,19.5,242.3,-1.5,3.56,7.15,6.07,OUI,NON,OUI,NON,NON,NON,NON,🔴 Rejet,235.03,249.57,,,,,,,,,,,,,,
RPM,106.5,126.56,91.96,109.26,122.92,95.6,42.0,-2.5,109.77,-3.0,1.46,4.63,3.05,OUI,NON,NON,OUI,NON,NON,NON,🔴 Rejet,106.47,113.06,,,,,,,,,,,,,,
RPRX,61.23,62.13,33.43,47.78,53.75,41.81,96.9,28.1,58.45,4.8,1.69,5.62,1.46,OUI,OUI,OUI,NON,NON,NON,NON,🟡 Chasing - attendre pullback,56.7,60.2,,,,,,,,,,,,,,
RRC,41.16,48.18,32.52,40.35,45.39,35.31,55.2,2.0,39.04,5.4,3.02,7.91,1.03,OUI,OUI,NON,OUI,OUI,NON,NON,🟢 STRAT1: Zone mediane,37.87,40.21,41.16,18.2216,6.0739,61.74,125.0,84.38,262.5,49.39,44.45,38.69,38.69,45.0,387.5,8.61
RRR,61.22,68.11,50.31,59.21,66.62,51.81,61.2,3.4,63.5,-3.6,-1.36,8.32,2.01,NON,NON,NON,OUI,NON,NON,NON,🔴 Rejet,61.6,65.41,,,,,,,,,,,,,,
RRX,163.02,247.8,127.19,187.5,210.93,164.06,29.7,-13.1,192.01,-15.1,-7.58,16.67,8.78,OUI,NON,NON,NON,NON,NON,NON,🔴 Rejet,186.25,197.77,,,,,,,,,,,,,,
RS,380.46,432.62,256.46,344.54,387.61,301.47,70.4,10.4,404.86,-6.0,2.83,8.31,12.99,OUI,NON,NON,OUI,NON,NON,NON,🔴 Rejet,392.71,417.0,,,,,,,,,,,,,,
RSG,222.6,234.36,195.84,215.1,241.99,188.21,69.5,3.5,216.1,3.0,-0.02,3.27,4.09,OUI,NON,NON,OUI,NON,NON,NON,🔴 Rejet,209.61,222.58,,,,,,,,,,,,,,
RTO,23.89,34.35,23.04,28.7,32.28,25.11,7.4,-16.8,26.05,-8.3,-6.63,3.47,0.38,NON,NON,NON,NON,NON,NON,NON,🔴 Rejet,25.27,26.83,,,,,,,,,,,,,,
RTX,208.94,226.41,148.41,187.41,210.83,163.98,77.6,11.5,212.13,-1.5,3.92,5.72,4.45,OUI,NON,NON,OUI,NON,NON,NON,🔴 Rejet,205.76,218.49,,,,,,,,,,,,,,
RUM,9.54,10.54,4.62,7.58,8.53,6.63,83.1,25.9,6.72,41.9,10.26,18.75,0.59,OUI,OUI,OUI,NON,NON,NON,OUI,🟢 STRAT3: Phase 2 precoce,6.52,6.92,9.54,78.6164,26.2055,14.31,125.0,19.56,262.5,11.45,10.3,8.97,8.97,45.0,387.5,8.61
RUN,8.98,22.44,8.61,15.53,17.47,13.58,2.6,-42.2,10.33,-13.1,-9.08,18.68,0.65,NON,NON,NON,NON,NON,NON,NON,🔴 Rejet,10.02,10.64,,,,,,,,,,,,,,
RVMD,211.24,220.34,35.62,127.98,143.98,111.98,95.1,65.1,195.56,8.0,3.58,6.62,6.96,OUI,OUI,OUI,NON,NON,NON,NON,🟡 Chasing - attendre pullback,189.69,201.42,,,,,,,,,,,,,,
RVTY,122.71,124.97,81.14,103.05,115.93,90.17,94.8,19.1,114.33,7.3,2.08,7.87,3.56,OUI,OUI,OUI,NON,NON,NON,NON,🟡 Chasing - attendre pullback,110.9,117.76,,,,,,,,,,,,,,
RXL,63.0,64.6,38.91,51.76,58.23,45.29,93.8,21.7,56.93,10.7,3.41,9.62,1.7,OUI,OUI,OUI,NON,NON,NON,NON,🟡 Chasing - attendre pullback,55.22,58.63,,,,,,,,,,,,,,
RXRX,3.25,7.18,2.77,4.97,5.6,4.35,10.9,-34.7,3.16,2.8,-4.11,18.72,0.19,NON,NON,NON,NON,NON,NON,NON,🔴 Rejet,3.07,3.26,,,,,,,,,,,,,,
RYAAY,56.7,73.75,53.14,63.45,71.38,55.52,17.3,-10.6,59.19,-4.2,-4.23,5.77,1.16,NON,NON,NON,OUI,NON,NON,NON,🔴 Rejet,57.42,60.97,,,,,,,,,,,,,,
RYN,21.25,24.58,19.25,21.92,24.66,19.18,37.4,-3.1,21.59,-1.6,-0.01,6.14,0.51,NON,NON,NON,OUI,NON,NON,NON,🔴 Rejet,20.94,22.23,,,,,,,,,,,,,,
SAH,75.98,113.67,53.51,83.59,94.04,73.14,37.3,-9.1,90.0,-15.6,-3.17,6.76,3.16,OUI,NON,NON,OUI,NON,NON,NON,🔴 Rejet,87.3,92.7,,,,,,,,,,,,,,
SAIA,349.77,494.71,249.32,372.01,418.52,325.51,40.9,-6.0,387.65,-9.8,-4.39,9.74,13.94,OUI,NON,NON,OUI,NON,NON,NON,🔴 Rejet,376.02,399.28,,,,,,,,,,,,,,
SAIC,127.02,129.7,80.5,105.1,118.24,91.96,94.6,20.9,120.93,5.0,4.22,5.63,3.58,OUI,OUI,OUI,NON,NON,NON,NON,🟡 Chasing - attendre pullback,117.3,124.56,,,,,,,,,,,,,,
SAIL,18.2,24.0,10.3,17.15,19.29,15.01,57.7,6.2,17.12,6.3,8.67,13.18,0.88,OUI,OUI,NON,OUI,OUI,NON,NON,🟢 STRAT1: Zone mediane,16.61,17.64,18.2,41.2088,13.7363,27.3,125.0,37.31,262.5,21.84,19.66,17.11,17.11,45.0,387.5,8.61
SAM,187.55,264.46,158.68,211.57,238.02,185.12,27.3,-11.4,181.93,3.1,1.12,8.02,6.77,NON,OUI,NON,OUI,NON,NON,NON,🔴 Rejet,176.47,187.38,,,,,,,,,,,,,,
SAN,14.73,15.0,9.2,12.1,13.61,10.59,95.4,21.8,14.16,4.0,1.66,4.34,0.27,OUI,OUI,OUI,NON,NON,NON,NON,🟡 Chasing - attendre pullback,13.74,14.59,,,,,,,,,,,,,,
SANM,186.77,288.68,110.44,199.56,224.5,174.61,42.8,-6.4,200.09,-6.7,-3.39,12.09,10.28,OUI,NON,NON,OUI,NON,NON,NON,🔴 Rejet,194.09,206.09,,,,,,,,,,,,,,
SAP,218.78,276.56,144.97,210.77,237.11,184.42,56.1,3.8,187.2,16.9,10.46,5.48,5.46,NON,OUI,NON,OUI,NON,NON,NON,🔴 Rejet,181.59,192.82,,,,,,,,,,,,,,
SARO,24.6,34.48,23.83,29.15,32.8,25.51,7.3,-15.6,27.96,-12.0,-2.9,7.0,1.07,NON,NON,NON,NON,NON,NON,NON,🔴 Rejet,27.12,28.8,,,,,,,,,,,,,,
SBAC,184.89,221.58,160.33,190.96,214.82,167.09,40.1,-3.2,180.58,2.4,0.14,6.91,4.95,NON,OUI,NON,OUI,NON,NON,NON,🔴 Rejet,175.16,186.0,,,,,,,,,,,,,,
SBS,4.66,7.16,4.22,5.69,6.4,4.98,14.7,-18.2,5.28,-11.9,-6.67,10.05,0.17,NON,NON,NON,NON,NON,NON,NON,🔴 Rejet,5.12,5.44,,,,,,,,,,,,,,
SBSW,12.41,20.69,6.9,13.79,15.52,12.07,40.0,-10.0,9.7,28.0,10.08,14.37,0.5,NON,OUI,NON,OUI,NON,NON,NON,🔴 Rejet,9.41,9.99,,,,,,,,,,,,,,
SBUX,107.04,109.88,76.05,92.96,104.58,81.34,91.6,15.1,105.04,1.9,0.94,4.93,2.58,OUI,OUI,OUI,NON,NON,OUI,NON,🟢 STRAT2: Pullback MM30,101.89,108.19,107.04,7.0067,2.3356,160.56,125.0,219.43,262.5,128.45,115.6,100.62,100.62,45.0,387.5,8.61
SCHW,113.49,114.53,83.72,99.12,111.51,86.73,96.6,14.5,106.09,7.0,3.97,3.7,1.92,OUI,OUI,OUI,NON,NON,NON,NON,🟡 Chasing - attendre pullback,102.91,109.27,,,,,,,,,,,,,,
SE,115.79,199.3,77.05,138.18,155.45,120.9,31.7,-16.2,112.25,3.2,5.33,17.41,4.96,NON,OUI,NON,NON,NON,NON,NON,🔴 Rejet,108.88,115.61,,,,,,,,,,,,,,
SEDG,30.17,81.25,28.21,54.73,61.57,47.89,3.7,-44.9,39.83,-24.3,-16.23,33.02,2.93,NON,NON,NON,NON,NON,NON,NON,🔴 Rejet,38.64,41.03,,,,,,,,,,,,,,
SERV,4.64,18.64,4.32,11.48,12.91,10.04,2.3,-59.5,5.07,-8.3,-8.24,16.58,0.42,NON,NON,NON,NON,NON,NON,NON,🔴 Rejet,4.92,5.22,,,,,,,,,,,,,,
SEZL,118.33,195.71,49.5,122.61,137.93,107.28,47.1,-3.5,149.85,-21.0,-10.29,36.36,12.07,OUI,NON,NON,OUI,NON,NON,NON,🔴 Rejet,145.36,154.35,,,,,,,,,,,,,,
SF,80.73,88.98,67.81,78.4,88.19,68.6,61.0,3.0,81.83,-1.3,4.26,4.82,1.72,NON,NON,NON,OUI,NON,NON,NON,🔴 Rejet,79.38,84.29,,,,,,,,,,,,,,
SFD,22.35,29.03,20.08,24.55,27.62,21.48,25.4,-9.0,24.53,-8.9,-2.35,6.56,0.58,NON,NON,NON,OUI,NON,NON,NON,🔴 Rejet,23.79,25.26,,,,,,,,,,,,,,
SFM,84.73,149.66,64.75,107.21,120.61,93.8,23.5,-21.0,80.48,5.3,-0.67,8.96,3.1,OUI,NON,NON,NON,NON,NON,NON,🔴 Rejet,78.07,82.9,,,,,,,,,,,,,,
SGI,64.15,97.86,60.08,78.97,88.84,69.1,10.8,-18.8,67.86,-5.5,-5.04,9.26,2.19,NON,NON,NON,NON,NON,NON,NON,🔴 Rejet,65.83,69.9,,,,,,,,,,,,,,
SGRY,14.12,23.79,11.41,17.6,19.8,15.4,21.9,-19.8,15.31,-7.8,-4.51,12.39,0.87,NON,NON,NON,NON,NON,NON,NON,🔴 Rejet,14.85,15.77,,,,,,,,,,,,,,
SHAK,75.49,107.49,51.6,79.54,89.49,69.6,42.7,-5.1,66.28,13.9,9.48,15.1,2.95,NON,OUI,NON,OUI,NON,NON,NON,🔴 Rejet,64.29,68.26,,,,,,,,,,,,,,
SHEL,93.11,94.7,66.79,80.75,90.84,70.65,94.3,15.3,88.63,5.1,4.85,4.51,1.46,OUI,OUI,OUI,NON,NON,NON,NON,🟡 Chasing - attendre pullback,85.97,91.29,,,,,,,,,,,,,,
SHLS,6.86,13.18,5.43,9.31,10.47,8.14,18.5,-26.3,8.95,-23.4,-7.03,14.51,0.53,NON,NON,NON,NON,NON,NON,NON,🔴 Rejet,8.68,9.22,,,,,,,,,,,,,,
SHO,11.27,11.98,8.46,10.22,11.5,8.94,80.0,10.3,11.41,-1.1,-0.73,5.76,0.3,OUI,NON,NON,OUI,NON,NON,NON,🔴 Rejet,11.06,11.75,,,,,,,,,,,,,,
SHOO,45.78,49.7,26.59,38.14,42.91,33.38,83.0,20.0,45.75,0.1,4.51,4.69,1.12,OUI,OUI,OUI,NON,NON,OUI,OUI,🟢 STRAT2: Pullback MM30,44.38,47.12,45.78,16.3827,5.4609,68.67,125.0,93.85,262.5,54.94,49.44,43.03,43.03,45.0,387.5,8.61
SHOP,149.29,182.19,94.0,138.1,155.36,120.83,62.7,8.1,135.25,10.4,8.05,18.98,7.2,OUI,OUI,NON,OUI,OUI,NON,OUI,🟢 STRAT1: Zone mediane,131.19,139.31,149.29,5.0238,1.6746,223.94,125.0,306.04,262.5,179.15,161.23,140.33,140.33,45.0,387.5,8.61
SHW,346.36,376.08,289.19,332.64,374.22,291.06,65.8,4.1,344.15,0.6,1.29,5.99,7.98,NON,OUI,NON,OUI,NON,NON,NON,🔴 Rejet,333.82,354.47,,,,,,,,,,,,,,
SIGI,92.58,99.94,72.01,85.98,96.72,75.23,73.6,7.7,94.37,-1.9,-1.68,3.71,1.75,OUI,NON,NON,OUI,NON,NON,NON,🔴 Rejet,91.54,97.2,,,,,,,,,,,,,,
SIRI,28.43,32.37,19.15,25.76,28.98,22.54,70.2,10.4,29.66,-4.1,-1.62,5.69,0.71,OUI,NON,NON,OUI,NON,NON,NON,🔴 Rejet,28.77,30.55,,,,,,,,,,,,,,
SITC,3.08,5.56,2.89,4.23,4.76,3.7,7.1,-27.1,3.2,-3.8,-2.57,8.51,0.1,NON,NON,NON,NON,NON,NON,NON,🔴 Rejet,3.11,3.3,,,,,,,,,,,,,,
SITE,95.78,168.56,90.07,129.31,145.48,113.15,7.3,-25.9,99.63,-3.9,-4.2,9.95,3.57,NON,NON,NON,NON,NON,NON,NON,🔴 Rejet,96.64,102.62,,,,,,,,,,,,,,
SITM,584.96,901.81,221.52,561.67,631.88,491.46,53.4,4.1,604.51,-3.2,0.74,33.94,55.85,OUI,NON,NON,OUI,NON,NON,NON,🔴 Rejet,586.37,622.64,,,,,,,,,,,,,,
SJM,125.47,126.46,86.47,106.47,119.78,93.16,97.5,17.8,117.8,6.5,2.54,5.94,2.82,OUI,OUI,OUI,NON,NON,NON,NON,🟡 Chasing - attendre pullback,114.27,121.33,,,,,,,,,,,,,,
SKM,40.04,47.18,19.66,33.42,37.6,29.24,74.1,19.8,34.6,15.7,6.02,12.11,1.48,OUI,OUI,OUI,NON,NON,NON,OUI,🟢 STRAT3: Phase 2 precoce,33.56,35.64,40.04,18.7313,6.2438,60.06,125.0,82.08,262.5,48.05,43.24,37.64,37.64,45.0,387.5,8.61
SKY,90.69,99.17,63.69,81.43,91.61,71.25,76.1,11.4,86.92,4.3,3.6,12.86,3.54,NON,OUI,NON,OUI,NON,NON,NON,🔴 Rejet,84.31,89.52,,,,,,,,,,,,,,
SLAB,217.86,220.9,115.51,168.2,189.23,147.18,97.1,29.5,217.98,-0.1,0.03,0.87,1.04,OUI,NON,OUI,NON,NON,NON,NON,🔴 Rejet,211.44,224.52,,,,,,,,,,,,,,
SLB,53.86,58.51,31.05,44.78,50.38,39.18,83.1,20.3,50.59,6.5,4.76,8.16,1.41,OUI,OUI,OUI,NON,NON,NON,OUI,🟢 STRAT3: Phase 2 precoce,49.07,52.11,53.86,13.925,4.6417,80.79,125.0,110.41,262.5,64.63,58.17,50.63,50.63,45.0,387.5,8.61
SLGN,42.39,49.03,35.59,42.31,47.6,37.02,50.6,0.2,43.31,-2.1,-2.85,6.57,1.09,NON,NON,NON,OUI,NON,NON,NON,🔴 Rejet,42.01,44.61,,,,,,,,,,,,,,
SLM,26.35,31.48,17.55,24.51,27.58,21.45,63.2,7.5,26.3,0.2,2.32,6.14,0.66,NON,OUI,NON,OUI,NON,NON,NON,🔴 Rejet,25.51,27.09,,,,,,,,,,,,,,
SLVM,36.98,55.55,35.12,45.33,51.0,39.67,9.1,-18.4,38.12,-3.0,-0.46,11.93,1.46,NON,NON,NON,NON,NON,NON,NON,🔴 Rejet,36.97,39.26,,,,,,,,,,,,,,
SM,36.42,38.25,17.13,27.69,31.15,24.23,91.3,31.5,32.37,12.5,8.4,14.61,1.61,OUI,OUI,OUI,NON,NON,NON,NON,🟡 Chasing - attendre pullback,31.4,33.34,,,,,,,,,,,,,,
SMCI,35.48,58.78,19.48,39.13,44.02,34.24,40.7,-9.3,31.23,13.6,10.83,22.87,2.54,OUI,OUI,NON,OUI,OUI,NON,NON,🟢 STRAT1: Zone mediane,30.3,32.17,35.48,21.1387,7.0462,53.22,125.0,72.73,262.5,42.58,38.32,33.35,33.35,45.0,387.5,8.61
SMFG,24.97,26.67,15.18,20.93,23.54,18.31,85.2,19.3,25.61,-2.5,0.76,7.59,0.53,OUI,NON,OUI,NON,NON,NON,NON,🔴 Rejet,24.84,26.38,,,,,,,,,,,,,,
SMG,60.4,74.53,49.95,62.24,70.02,54.46,42.5,-3.0,64.82,-6.8,-2.79,7.76,2.19,NON,NON,NON,OUI,NON,NON,NON,🔴 Rejet,62.87,66.76,,,,,,,,,,,,,,
SMPL,10.99,30.36,9.88,20.12,22.63,17.6,5.4,-45.4,10.99,-0.0,-6.07,8.77,0.37,NON,NON,NON,NON,NON,NON,NON,🔴 Rejet,10.66,11.32,,,,,,,,,,,,,,
SMR,9.12,57.42,7.21,32.31,36.35,28.28,3.8,-71.8,8.86,3.0,-0.19,17.38,0.64,NON,NON,NON,NON,NON,NON,NON,🔴 Rejet,8.59,9.12,,,,,,,,,,,,,,
SMTC,122.75,177.35,49.04,113.2,127.34,99.05,57.5,8.4,128.99,-4.8,-1.74,25.5,11.38,OUI,NON,NON,OUI,NON,NON,NON,🔴 Rejet,125.12,132.86,,,,,,,,,,,,,,
SN,182.76,191.22,83.12,137.17,154.32,120.02,92.2,33.2,168.31,8.6,7.2,9.52,6.64,OUI,OUI,OUI,NON,NON,NON,NON,🟡 Chasing - attendre pullback,163.26,173.36,,,,,,,,,,,,,,
SNA,392.81,420.41,310.78,365.6,411.3,319.9,74.8,7.4,404.38,-2.9,-0.3,2.35,6.38,OUI,NON,NON,OUI,NON,NON,NON,🔴 Rejet,392.25,416.51,,,,,,,,,,,,,,
SNAP,5.45,9.28,3.81,6.54,7.36,5.73,29.9,-16.8,4.98,9.4,4.42,13.16,0.26,NON,OUI,NON,NON,NON,NON,NON,🔴 Rejet,4.83,5.13,,,,,,,,,,,,,,
SNDK,1499.11,2354.39,45.63,1200.01,1350.01,1050.01,63.0,24.9,1429.57,4.9,-6.9,25.09,134.38,OUI,NON,OUI,NON,NON,NON,NON,🔴 Rejet,1386.68,1472.45,,,,,,,,,,,,,,
SNDR,34.76,39.24,19.9,29.57,33.27,25.88,76.8,17.5,36.23,-4.1,-0.7,7.18,1.06,OUI,NON,OUI,NON,NON,NON,NON,🔴 Rejet,35.15,37.32,,,,,,,,,,,,,,
SNEX,67.29,94.66,36.45,65.55,73.75,57.36,53.0,2.6,71.18,-5.5,-5.48,15.42,3.31,OUI,NON,NON,OUI,NON,NON,NON,🔴 Rejet,69.04,73.31,,,,,,,,,,,,,,
SNN,29.58,37.9,28.56,33.23,37.38,29.07,10.9,-11.0,30.44,-2.8,-0.48,4.76,0.56,NON,NON,NON,OUI,NON,NON,NON,🔴 Rejet,29.53,31.35,,,,,,,,,,,,,,
SNOW,325.73,341.95,118.3,230.13,258.89,201.36,92.7,41.5,302.29,7.8,8.13,7.07,11.79,OUI,OUI,OUI,NON,NON,NON,NON,🟡 Chasing - attendre pullback,293.22,311.36,,,,,,,,,,,,,,
SNPS,394.86,615.79,366.0,490.89,552.26,429.53,11.6,-19.6,398.29,-0.9,-2.89,5.2,10.59,NON,NON,NON,NON,NON,NON,NON,🔴 Rejet,386.34,410.24,,,,,,,,,,,,,,
SNX,244.6,295.89,141.15,218.52,245.84,191.21,66.9,11.9,251.91,-2.9,0.43,5.63,7.05,OUI,NON,NON,OUI,NON,NON,NON,🔴 Rejet,244.35,259.47,,,,,,,,,,,,,,
SOFI,18.32,32.73,14.88,23.8,26.78,20.83,19.3,-23.0,17.64,3.9,-0.05,10.28,0.73,NON,NON,NON,NON,NON,NON,NON,🔴 Rejet,17.11,18.17,,,,,,,,,,,,,,
SOLV,90.22,90.74,62.38,76.56,86.13,66.99,98.2,17.8,84.18,7.2,4.27,7.51,2.87,OUI,OUI,OUI,NON,NON,NON,NON,🟡 Chasing - attendre pullback,81.65,86.71,,,,,,,,,,,,,,
SON,57.32,60.11,37.05,48.58,54.65,42.51,87.9,18.0,56.87,0.8,1.56,6.21,1.37,OUI,OUI,OUI,NON,NON,OUI,NON,🟢 STRAT2: Pullback MM30,55.16,58.57,57.32,13.0844,4.3615,85.98,125.0,117.51,262.5,68.78,61.91,53.88,53.88,45.0,387.5,8.61
SONO,15.53,19.82,12.44,16.13,18.15,14.11,41.9,-3.7,15.49,0.3,4.35,11.67,0.66,OUI,OUI,NON,OUI,OUI,NON,NON,🟢 STRAT1: Zone mediane,15.02,15.95,15.53,48.2936,16.0979,23.3,125.0,31.84,262.5,18.64,16.77,14.6,14.6,45.0,387.5,8.61
SONY,24.24,30.34,19.32,24.83,27.93,21.73,44.6,-2.4,22.61,7.2,4.59,5.61,0.48,OUI,OUI,NON,OUI,OUI,NON,NON,🟢 STRAT1: Zone mediane,21.93,23.29,24.24,30.9406,10.3135,36.36,125.0,49.69,262.5,29.09,26.18,22.79,22.79,45.0,387.5,8.61
SOUN,7.05,22.17,5.65,13.91,15.65,12.17,8.5,-49.3,6.73,4.8,3.03,20.83,0.49,NON,OUI,NON,NON,NON,NON,NON,🔴 Rejet,6.53,6.93,,,,,,,,,,,,,,
SPG,220.24,238.5,166.18,202.34,227.63,177.05,74.8,8.8,225.02,-2.1,-0.36,3.32,3.68,OUI,NON,NON,OUI,NON,NON,NON,🔴 Rejet,218.27,231.77,,,,,,,,,,,,,,
SPGI,433.17,524.87,359.36,442.11,497.38,386.85,44.6,-2.0,424.42,2.1,-0.29,5.18,9.45,NON,NON,NON,OUI,NON,NON,NON,🔴 Rejet,411.69,437.16,,,,,,,,,,,,,,
SPHR,157.14,181.63,40.74,111.18,125.08,97.28,82.6,41.3,151.8,3.5,1.49,12.93,7.64,OUI,OUI,OUI,NON,NON,NON,OUI,🟢 STRAT3: Phase 2 precoce,147.25,156.36,157.14,4.7728,1.5909,235.71,125.0,322.14,262.5,188.57,169.71,147.71,147.71,45.0,387.5,8.61
SPOT,535.52,745.0,405.0,575.0,646.88,503.12,38.4,-6.9,498.43,7.4,2.46,10.14,22.01,OUI,OUI,NON,OUI,OUI,NON,NON,🟢 STRAT1: Zone mediane,483.47,513.38,535.52,1.4005,0.4668,803.28,125.0,1097.82,262.5,642.62,578.36,503.39,503.39,45.0,387.5,8.61
SPSC,82.07,117.37,49.04,83.21,93.61,72.8,48.3,-1.4,71.3,15.1,9.74,8.69,2.9,NON,OUI,NON,OUI,NON,NON,NON,🔴 Rejet,69.16,73.44,,,,,,,,,,,,,,
SPT,10.35,16.03,4.92,10.48,11.78,9.17,48.9,-1.2,9.0,14.9,7.2,28.72,0.61,OUI,OUI,NON,OUI,OUI,NON,NON,🟢 STRAT1: Zone mediane,8.73,9.27,10.35,72.4638,24.1546,15.52,125.0,21.22,262.5,12.42,11.18,9.73,9.73,45.0,387.5,8.61
SPXC,201.34,251.08,179.62,215.35,242.27,188.43,30.4,-6.5,212.83,-5.4,-2.2,6.65,7.38,NON,NON,NON,OUI,NON,NON,NON,🔴 Rejet,206.45,219.22,,,,,,,,,,,,,,
SR,82.36,94.33,71.02,82.68,93.01,72.34,48.6,-0.4,81.72,0.8,1.17,4.76,1.85,NON,OUI,NON,OUI,NON,NON,NON,🔴 Rejet,79.27,84.17,,,,,,,,,,,,,,
SRAD,13.18,32.22,11.55,21.89,24.62,19.15,7.9,-39.8,13.8,-4.5,-5.34,10.32,0.53,NON,NON,NON,NON,NON,NON,NON,🔴 Rejet,13.38,14.21,,,,,,,,,,,,,,
SRE,84.19,100.32,76.75,88.54,99.6,77.47,31.6,-4.9,88.34,-4.7,-2.92,7.12,1.96,NON,NON,NON,OUI,NON,NON,NON,🔴 Rejet,85.69,90.99,,,,,,,,,,,,,,
SRG,2.11,4.56,2.05,3.3,3.72,2.89,2.6,-36.1,2.37,-11.1,-5.58,8.35,0.08,NON,NON,NON,NON,NON,NON,NON,🔴 Rejet,2.3,2.45,,,,,,,,,,,,,,
SRPT,18.25,25.32,14.68,20.0,22.5,17.5,33.6,-8.7,17.07,7.0,-0.9,14.06,0.95,NON,NON,NON,OUI,NON,NON,NON,🔴 Rejet,16.55,17.58,,,,,,,,,,,,,,
SSB,107.15,112.2,82.98,97.59,109.79,85.39,82.7,9.8,106.08,1.0,3.18,4.0,1.82,OUI,OUI,NON,OUI,OUI,NON,OUI,🟢 STRAT1: Zone mediane,102.9,109.26,107.15,6.9995,2.3332,160.73,125.0,219.66,262.5,128.58,115.72,100.72,100.72,45.0,387.5,8.61
SSNC,83.6,89.82,61.4,75.61,85.06,66.16,78.1,10.6,76.65,9.1,7.58,5.11,1.78,NON,OUI,NON,OUI,NON,NON,NON,🔴 Rejet,74.35,78.95,,,,,,,,,,,,,,
SSTK,5.32,27.65,5.17,16.41,18.46,14.36,0.7,-67.6,6.12,-13.0,-19.76,14.1,0.38,NON,NON,NON,NON,NON,NON,NON,🔴 Rejet,5.93,6.3,,,,,,,,,,,,,,
ST,41.76,53.75,27.92,40.83,45.94,35.73,53.6,2.3,45.41,-8.0,-0.87,8.07,1.44,OUI,NON,NON,OUI,NON,NON,NON,🔴 Rejet,44.05,46.77,,,,,,,,,,,,,,
STAA,23.35,35.87,15.59,25.73,28.95,22.51,38.3,-9.2,24.61,-5.1,-4.49,14.36,1.36,OUI,NON,NON,OUI,NON,NON,NON,🔴 Rejet,23.88,25.35,,,,,,,,,,,,,,
STAG,36.8,42.61,33.25,37.93,42.67,33.19,37.9,-3.0,38.6,-4.7,-1.79,3.06,0.56,OUI,NON,NON,OUI,NON,NON,NON,🔴 Rejet,37.44,39.76,,,,,,,,,,,,,,
STE,237.35,267.96,194.56,231.26,260.17,202.35,58.3,2.6,227.48,4.3,3.22,4.26,6.05,NON,OUI,NON,OUI,NON,NON,NON,🔴 Rejet,220.66,234.31,,,,,,,,,,,,,,
STEP,49.2,75.89,38.85,57.37,64.54,50.2,27.9,-14.2,46.23,6.4,5.51,16.1,2.55,NON,OUI,NON,NON,NON,NON,NON,🔴 Rejet,44.84,47.62,,,,,,,,,,,,,,
STLA,5.22,12.22,5.05,8.64,9.71,7.56,2.4,-39.5,5.6,-6.7,-1.84,11.73,0.21,NON,NON,NON,NON,NON,NON,NON,🔴 Rejet,5.43,5.77,,,,,,,,,,,,,,
STLD,228.43,288.09,124.74,206.41,232.21,180.61,63.5,10.7,247.87,-7.8,2.52,11.2,10.29,OUI,NON,NON,OUI,NON,NON,NON,🔴 Rejet,240.43,255.31,,,,,,,,,,,,,,
STM,49.59,81.33,20.95,51.14,57.53,44.75,47.4,-3.0,55.57,-10.8,-9.81,10.98,2.09,OUI,NON,NON,OUI,NON,NON,NON,🔴 Rejet,53.9,57.23,,,,,,,,,,,,,,
STN,74.08,114.0,66.26,90.13,101.39,78.86,16.4,-17.8,71.66,3.4,2.41,2.81,1.97,NON,OUI,NON,NON,NON,NON,NON,🔴 Rejet,69.51,73.81,,,,,,,,,,,,,,
STNE,9.58,16.48,9.08,12.78,14.38,11.18,6.8,-25.0,10.59,-9.5,-4.12,11.37,0.42,NON,NON,NON,NON,NON,NON,NON,🔴 Rejet,10.27,10.91,,,,,,,,,,,,,,
STRL,492.9,1005.68,266.13,635.9,715.39,556.42,30.7,-22.5,588.35,-16.2,-9.24,13.56,31.28,OUI,NON,NON,NON,NON,NON,NON,🔴 Rejet,570.7,606.0,,,,,,,,,,,,,,
STVN,22.66,27.9,12.84,20.37,22.92,17.83,65.2,11.2,20.44,10.9,4.53,4.94,0.67,OUI,OUI,NON,OUI,OUI,NON,OUI,🟢 STRAT1: Zone mediane,19.83,21.05,22.66,33.098,11.0327,33.99,125.0,46.45,262.5,27.19,24.47,21.3,21.3,45.0,387.5,8.61
STWD,16.33,18.72,15.51,17.11,19.25,14.98,25.4,-4.6,16.44,-0.7,-0.22,4.89,0.34,NON,NON,NON,OUI,NON,NON,NON,🔴 Rejet,15.95,16.94,,,,,,,,,,,,,,
STX,802.6,1144.18,152.96,648.57,729.64,567.5,65.5,23.7,848.4,-5.4,-0.23,18.72,65.85,OUI,NON,OUI,NON,NON,NON,NON,🔴 Rejet,822.94,873.85,,,,,,,,,,,,,,
STZ,137.44,166.17,123.82,145.0,163.12,126.87,32.2,-5.2,132.36,3.8,0.24,8.23,3.51,NON,OUI,NON,OUI,NON,NON,NON,🔴 Rejet,128.39,136.33,,,,,,,,,,,,,,
SU,67.26,69.83,37.23,53.53,60.22,46.84,92.1,25.6,64.56,4.2,5.34,7.3,1.76,OUI,OUI,OUI,NON,NON,NON,NON,🟡 Chasing - attendre pullback,62.62,66.49,,,,,,,,,,,,,,
SUN,75.93,78.0,45.1,61.55,69.24,53.86,93.7,23.4,74.1,2.5,3.64,6.78,1.98,OUI,OUI,OUI,NON,NON,OUI,NON,🟢 STRAT2: Pullback MM30,71.88,76.32,75.93,9.8775,3.2925,113.9,125.0,155.66,262.5,91.12,82.0,71.37,71.37,45.0,387.5,8.61
SUPV,8.46,13.55,4.54,9.05,10.18,7.91,43.5,-6.5,9.0,-6.0,-5.54,10.87,0.46,NON,NON,NON,OUI,NON,NON,NON,🔴 Rejet,8.73,9.27,,,,,,,,,,,,,,
SUZ,9.06,11.53,7.55,9.54,10.74,8.35,37.8,-5.1,8.28,9.4,1.31,9.23,0.26,NON,OUI,NON,OUI,NON,NON,NON,🔴 Rejet,8.03,8.53,,,,,,,,,,,,,,
SW,48.91,51.52,31.79,41.65,46.86,36.45,86.8,17.4,46.89,4.3,3.2,8.59,1.41,OUI,OUI,OUI,NON,NON,NON,NON,🟡 Chasing - attendre pullback,45.48,48.29,,,,,,,,,,,,,,
SWK,98.75,104.68,59.87,82.28,92.56,71.99,86.8,20.0,96.33,2.5,3.8,5.74,2.71,OUI,OUI,OUI,NON,NON,OUI,NON,🟢 STRAT2: Pullback MM30,93.44,99.22,98.75,7.5949,2.5316,148.12,125.0,202.44,262.5,118.5,106.65,92.82,92.82,45.0,387.5,8.61
SWKS,67.11,88.05,51.48,69.76,78.48,61.04,42.7,-3.8,64.54,4.0,3.22,7.71,2.5,OUI,OUI,NON,OUI,OUI,NON,NON,🟢 STRAT1: Zone mediane,62.61,66.48,67.11,11.1757,3.7252,100.66,125.0,137.58,262.5,80.53,72.48,63.08,63.08,45.0,387.5,8.61
SWX,89.44,93.81,74.0,83.9,94.39,73.42,77.9,6.6,90.99,-1.7,0.54,4.66,1.82,OUI,NON,NON,OUI,NON,NON,NON,🔴 Rejet,88.26,93.72,,,,,,,,,,,,,,
SXT,137.32,137.83,82.04,109.94,123.68,96.19,99.1,24.9,124.48,10.3,3.47,6.17,3.53,OUI,OUI,OUI,NON,NON,NON,NON,🟡 Chasing - attendre pullback,120.74,128.21,,,,,,,,,,,,,,
SYF,80.18,87.67,62.55,75.11,84.5,65.73,70.2,6.7,76.73,4.5,2.4,5.98,1.79,OUI,OUI,NON,OUI,OUI,NON,OUI,🟢 STRAT1: Zone mediane,74.43,79.03,80.18,9.354,3.118,120.27,125.0,164.37,262.5,96.22,86.59,75.37,75.37,45.0,387.5,8.61
SYK,328.65,392.86,280.25,336.56,378.63,294.49,43.0,-2.3,332.7,-1.2,1.12,5.97,8.99,NON,NON,NON,OUI,NON,NON,NON,🔴 Rejet,322.72,342.68,,,,,,,,,,,,,,
SYM,40.6,87.88,38.19,63.03,70.91,55.15,4.9,-35.6,42.08,-3.5,-1.2,17.48,2.19,NON,NON,NON,NON,NON,NON,NON,🔴 Rejet,40.82,43.34,,,,,,,,,,,,,,
SYNA,94.17,149.11,58.28,103.69,116.66,90.73,39.5,-9.2,108.99,-13.6,-5.52,12.05,4.7,OUI,NON,NON,OUI,NON,NON,NON,🔴 Rejet,105.72,112.26,,,,,,,,,,,,,,
SYY,84.21,90.56,67.23,78.9,88.76,69.04,72.8,6.7,83.29,1.1,-0.08,3.3,1.54,OUI,NON,NON,OUI,NON,NON,NON,🔴 Rejet,80.79,85.79,,,,,,,,,,,,,,
T,25.71,28.75,19.63,24.19,27.21,21.17,66.7,6.3,23.7,8.5,6.15,4.39,0.51,OUI,OUI,NON,OUI,OUI,NON,OUI,🟢 STRAT1: Zone mediane,22.99,24.41,25.71,29.1715,9.7238,38.56,125.0,52.71,262.5,30.85,27.77,24.17,24.17,45.0,387.5,8.61
TAK,18.25,18.9,12.99,15.94,17.94,13.95,88.9,14.4,17.31,5.4,2.62,5.41,0.32,OUI,OUI,OUI,NON,NON,NON,NON,🟡 Chasing - attendre pullback,16.79,17.83,,,,,,,,,,,,,,
TAL,11.4,13.37,8.88,11.12,12.52,9.73,56.0,2.4,11.34,0.4,5.4,8.61,0.4,NON,OUI,NON,OUI,NON,NON,NON,🔴 Rejet,11.0,11.68,,,,,,,,,,,,,,
TAP,43.0,53.62,38.04,45.83,51.56,40.1,31.8,-6.2,41.7,3.1,2.38,7.56,1.28,NON,OUI,NON,OUI,NON,NON,NON,🔴 Rejet,40.45,42.95,,,,,,,,,,,,,,
TCOM,46.01,78.99,38.04,58.51,65.83,51.2,19.5,-21.4,45.13,1.9,3.41,6.21,0.89,NON,OUI,NON,NON,NON,NON,NON,🔴 Rejet,43.78,46.49,,,,,,,,,,,,,,
TDC,27.5,41.78,20.25,31.01,34.89,27.14,33.7,-11.3,29.0,-5.2,-7.74,25.16,1.5,NON,NON,NON,OUI,NON,NON,NON,🔴 Rejet,28.13,29.87,,,,,,,,,,,,,,
TDG,1198.05,1463.03,1123.61,1293.32,1454.99,1131.66,21.9,-7.4,1236.39,-3.1,-2.25,5.78,28.54,NON,NON,NON,OUI,NON,NON,NON,🔴 Rejet,1199.3,1273.49,,,,,,,,,,,,,,
TDOC,6.25,9.89,4.4,7.14,8.04,6.25,33.7,-12.5,7.72,-19.1,-9.88,12.33,0.29,OUI,NON,NON,NON,NON,NON,NON,🔴 Rejet,7.49,7.95,,,,,,,,,,,,,,
TDY,625.86,697.67,483.02,590.34,664.14,516.55,66.5,6.0,656.62,-4.7,0.82,4.48,14.49,OUI,NON,NON,OUI,NON,NON,NON,🔴 Rejet,636.93,676.32,,,,,,,,,,,,,,
TEAM,172.41,184.0,56.01,120.0,135.01,105.0,90.9,43.7,123.2,39.9,27.32,36.02,10.23,OUI,OUI,OUI,NON,NON,NON,NON,🟡 Chasing - attendre pullback,119.5,126.89,,,,,,,,,,,,,,
TECH,72.35,72.62,43.12,57.87,65.1,50.64,99.1,25.0,72.01,0.5,0.62,0.91,0.28,OUI,OUI,OUI,NON,NON,OUI,NON,🟢 STRAT2: Pullback MM30,69.85,74.17,72.35,10.3663,3.4554,108.52,125.0,148.32,262.5,86.82,78.14,68.01,68.01,45.0,387.5,8.61
TECK,70.05,71.15,31.51,51.33,57.75,44.92,97.2,36.5,62.2,12.6,3.84,7.46,1.92,OUI,OUI,OUI,NON,NON,NON,NON,🟡 Chasing - attendre pullback,60.33,64.07,,,,,,,,,,,,,,
TEL,201.63,250.61,189.53,220.07,247.58,192.56,19.8,-8.4,207.39,-2.8,1.74,7.28,5.56,NON,NON,NON,OUI,NON,NON,NON,🔴 Rejet,201.17,213.61,,,,,,,,,,,,,,
TEM,66.93,104.32,40.77,72.55,81.61,63.48,41.2,-7.7,51.63,29.7,-0.43,31.67,4.66,OUI,NON,NON,OUI,NON,NON,NON,🔴 Rejet,50.08,53.18,,,,,,,,,,,,,,
TENB,33.91,43.67,15.73,29.7,33.41,25.99,65.1,14.2,35.67,-4.9,-2.39,14.42,1.98,OUI,NON,OUI,NON,NON,NON,NON,🔴 Rejet,34.6,36.74,,,,,,,,,,,,,,
TEO,13.56,16.34,6.43,11.38,12.81,9.96,71.9,19.1,13.59,-0.2,0.77,7.91,0.51,OUI,NON,OUI,NON,NON,NON,NON,🔴 Rejet,13.18,14.0,,,,,,,,,,,,,,
TER,366.96,487.91,109.34,298.63,335.95,261.3,68.1,22.9,370.05,-0.8,0.76,16.2,25.85,OUI,NON,OUI,NON,NON,NON,NON,🔴 Rejet,358.95,381.15,,,,,,,,,,,,,,
TEVA,37.0,37.83,17.82,27.83,31.3,24.35,95.9,33.0,34.27,8.0,3.16,4.56,0.88,OUI,OUI,OUI,NON,NON,NON,NON,🟡 Chasing - attendre pullback,33.24,35.3,,,,,,,,,,,,,,
TEX,65.46,74.5,41.37,57.93,65.18,50.69,72.7,13.0,65.92,-0.7,-0.84,8.98,2.36,OUI,NON,OUI,NON,NON,NON,NON,🔴 Rejet,63.94,67.89,,,,,,,,,,,,,,
TFC,50.85,54.52,39.1,46.81,52.66,40.96,76.2,8.6,51.66,-1.6,0.79,4.13,0.83,OUI,NON,NON,OUI,NON,NON,NON,🔴 Rejet,50.11,53.21,,,,,,,,,,,,,,
TFIN,73.77,83.52,46.43,64.97,73.1,56.85,73.7,13.5,77.07,-4.3,-0.55,6.07,1.9,OUI,NON,OUI,NON,NON,NON,NON,🔴 Rejet,74.76,79.38,,,,,,,,,,,,,,
TFSL,17.75,19.49,11.84,15.66,17.62,13.71,77.3,13.4,17.93,-1.0,-0.31,4.76,0.36,OUI,NON,OUI,NON,NON,NON,NON,🔴 Rejet,17.39,18.47,,,,,,,,,,,,,,
TFX,139.1,144.64,99.39,122.01,137.27,106.76,87.7,14.0,134.72,3.2,0.95,7.38,4.86,OUI,OUI,OUI,NON,NON,NON,NON,🟡 Chasing - attendre pullback,130.68,138.76,,,,,,,,,,,,,,
TGS,28.62,36.35,19.74,28.04,31.55,24.54,53.5,2.1,29.61,-3.3,-1.67,6.61,1.03,NON,NON,NON,OUI,NON,NON,NON,🔴 Rejet,28.72,30.49,,,,,,,,,,,,,,
TGT,169.22,170.75,81.2,125.98,141.72,110.23,98.3,34.3,146.72,15.3,6.46,7.07,4.98,OUI,OUI,OUI,NON,NON,NON,NON,🟡 Chasing - attendre pullback,142.32,151.12,,,,,,,,,,,,,,
TGTX,55.77,59.3,26.76,43.03,48.41,37.65,89.2,29.6,52.14,7.0,-3.19,9.78,2.15,OUI,NON,OUI,NON,NON,NON,NON,🔴 Rejet,50.57,53.7,,,,,,,,,,,,,,
THC,278.18,283.05,157.58,220.31,247.85,192.78,96.1,26.3,243.32,14.3,10.6,6.59,7.58,OUI,OUI,OUI,NON,NON,NON,NON,🟡 Chasing - attendre pullback,236.02,250.62,,,,,,,,,,,,,,
THG,226.92,236.07,164.24,200.15,225.17,175.14,87.3,13.4,221.98,2.2,1.0,4.53,4.34,OUI,OUI,OUI,NON,NON,OUI,NON,🟢 STRAT2: Pullback MM30,215.32,228.64,226.92,3.3051,1.1017,340.38,125.0,465.19,262.5,272.3,245.07,213.3,213.3,45.0,387.5,8.61
THO,79.48,121.16,69.23,95.19,107.09,83.29,19.7,-16.5,77.7,2.3,1.97,6.57,2.32,NON,OUI,NON,NON,NON,NON,NON,🔴 Rejet,75.37,80.03,,,,,,,,,,,,,,
TIGO,92.85,107.13,41.57,74.35,83.65,65.06,78.2,24.9,95.01,-2.3,-0.17,18.62,4.43,OUI,NON,OUI,NON,NON,NON,NON,🔴 Rejet,92.16,97.86,,,,,,,,,,,,,,
TIMB,18.15,28.01,17.14,22.58,25.4,19.75,9.3,-19.6,19.47,-6.8,-6.48,7.62,0.45,NON,NON,NON,NON,NON,NON,NON,🔴 Rejet,18.88,20.05,,,,,,,,,,,,,,
TKO,194.52,225.15,173.96,199.56,224.5,174.61,40.2,-2.5,188.2,3.4,0.37,8.57,5.5,NON,OUI,NON,OUI,NON,NON,NON,🔴 Rejet,182.55,193.84,,,,,,,,,,,,,,
TKR,122.91,145.98,69.62,107.8,121.27,94.32,69.8,14.0,133.51,-7.9,-2.77,6.67,3.63,OUI,NON,OUI,NON,NON,NON,NON,🔴 Rejet,129.5,137.51,,,,,,,,,,,,,,
TLK,15.03,21.71,12.6,17.15,19.3,15.01,26.7,-12.4,14.7,2.2,2.1,5.21,0.26,NON,OUI,NON,OUI,NON,NON,NON,🔴 Rejet,14.26,15.15,,,,,,,,,,,,,,
TLN,307.69,451.28,301.45,376.37,423.41,329.32,4.2,-18.2,348.68,-11.8,-3.75,13.93,17.53,NON,NON,NON,NON,NON,NON,NON,🔴 Rejet,338.22,359.14,,,,,,,,,,,,,,
TLX,11.65,12.6,6.28,9.44,10.62,8.26,85.0,23.4,11.01,5.8,1.03,14.45,0.44,OUI,OUI,OUI,NON,NON,NON,OUI,🟢 STRAT3: Phase 2 precoce,10.68,11.34,11.65,64.3777,21.4592,17.48,125.0,23.88,262.5,13.98,12.58,10.95,10.95,45.0,387.5,8.61
TMDX,93.86,156.0,60.1,108.05,121.56,94.55,35.2,-13.1,81.4,15.3,9.15,12.82,4.59,NON,OUI,NON,NON,NON,NON,NON,🔴 Rejet,78.95,83.84,,,,,,,,,,,,,,
TME,8.64,26.0,7.94,16.97,19.09,14.85,3.8,-49.1,9.11,-5.2,0.29,14.15,0.39,NON,NON,NON,NON,NON,NON,NON,🔴 Rejet,8.84,9.38,,,,,,,,,,,,,,
TMUS,182.65,256.42,165.66,211.04,237.42,184.66,18.7,-13.5,181.73,0.5,0.32,6.51,4.62,NON,OUI,NON,NON,NON,NON,NON,🔴 Rejet,176.28,187.19,,,,,,,,,,,,,,
TMV,42.03,44.43,31.21,37.82,42.55,33.09,81.9,11.1,41.72,0.8,3.54,8.18,1.04,OUI,OUI,NON,OUI,OUI,NON,OUI,🟢 STRAT1: Zone mediane,40.47,42.97,42.03,17.8444,5.9481,63.04,125.0,86.16,262.5,50.44,45.39,39.51,39.51,45.0,387.5,8.61
TNET,69.96,73.08,33.15,53.11,59.75,46.47,92.2,31.7,65.86,6.2,8.01,9.12,2.66,OUI,OUI,OUI,NON,NON,NON,NON,🟡 Chasing - attendre pullback,63.89,67.84,,,,,,,,,,,,,,
TNL,72.6,79.65,56.66,68.16,76.68,59.64,69.3,6.5,74.76,-2.9,-0.81,6.74,1.85,OUI,NON,NON,OUI,NON,NON,NON,🔴 Rejet,72.52,77.0,,,,,,,,,,,,,,
TOL,147.71,167.75,122.93,145.34,163.51,127.18,55.3,1.6,149.83,-1.4,-1.41,8.43,4.64,OUI,NON,NON,OUI,NON,NON,NON,🔴 Rejet,145.33,154.32,,,,,,,,,,,,,,
TOST,36.51,45.64,22.26,33.95,38.19,29.71,61.0,7.6,32.92,10.9,6.76,8.07,1.25,OUI,OUI,NON,OUI,OUI,NON,OUI,🟢 STRAT1: Zone mediane,31.93,33.91,36.51,20.5423,6.8474,54.76,125.0,74.85,262.5,43.81,39.43,34.32,34.32,45.0,387.5,8.61
TPG,52.95,67.83,36.07,51.95,58.45,45.46,53.1,1.9,46.86,13.0,8.53,11.01,2.13,NON,OUI,NON,OUI,NON,NON,NON,🔴 Rejet,45.45,48.26,,,,,,,,,,,,,,
TPL,370.51,545.74,268.51,407.13,458.02,356.24,36.8,-9.0,386.76,-4.2,-3.66,14.05,19.92,OUI,NON,NON,OUI,NON,NON,NON,🔴 Rejet,375.16,398.37,,,,,,,,,,,,,,
TPR,132.65,164.8,92.17,128.48,144.54,112.42,55.7,3.2,144.69,-8.3,-1.64,18.08,6.13,OUI,NON,NON,OUI,NON,NON,NON,🔴 Rejet,140.35,149.03,,,,,,,,,,,,,,
TR,41.5,44.95,33.21,39.08,43.96,34.19,70.6,6.2,39.63,4.7,1.56,4.7,0.95,OUI,OUI,NON,OUI,OUI,NON,OUI,🟢 STRAT1: Zone mediane,38.44,40.82,41.5,18.0723,6.0241,62.25,125.0,85.07,262.5,49.8,44.82,39.01,39.01,45.0,387.5,8.61
TREX,47.08,66.06,29.77,47.91,53.9,41.93,47.7,-1.7,46.11,2.1,0.51,8.58,1.83,OUI,OUI,NON,OUI,OUI,NON,NON,🟢 STRAT1: Zone mediane,44.73,47.49,47.08,15.9303,5.3101,70.62,125.0,96.51,262.5,56.5,50.85,44.26,44.26,45.0,387.5,8.61
TRGP,292.88,307.94,141.11,224.52,252.59,196.46,91.0,30.4,275.85,6.2,1.96,10.69,9.46,OUI,OUI,OUI,NON,NON,NON,NON,🟡 Chasing - attendre pullback,267.58,284.13,,,,,,,,,,,,,,
TRI,108.31,172.72,75.78,124.25,139.78,108.72,33.5,-12.8,99.22,9.2,5.86,13.87,5.21,NON,OUI,NON,NON,NON,NON,NON,🔴 Rejet,96.25,102.2,,,,,,,,,,,,,,
TRIP,10.23,20.16,9.01,14.59,16.41,12.76,10.9,-29.9,12.62,-19.0,-8.21,26.94,0.72,NON,NON,NON,NON,NON,NON,NON,🔴 Rejet,12.24,13.0,,,,,,,,,,,,,,
TRMB,60.69,84.42,47.92,66.17,74.44,57.9,35.0,-8.3,56.3,7.8,3.56,7.84,2.13,NON,OUI,NON,OUI,NON,NON,NON,🔴 Rejet,54.61,57.99,,,,,,,,,,,,,,
TRN,29.69,38.31,24.06,31.18,35.08,27.29,39.5,-4.8,32.9,-9.8,-4.84,7.23,0.89,OUI,NON,NON,OUI,NON,NON,NON,🔴 Rejet,31.92,33.89,,,,,,,,,,,,,,
TROW,111.43,122.0,84.21,103.1,115.99,90.22,72.0,8.1,114.8,-2.9,-1.55,3.13,2.06,OUI,NON,NON,OUI,NON,NON,NON,🔴 Rejet,111.36,118.25,,,,,,,,,,,,,,
TRU,84.57,94.9,63.28,79.09,88.97,69.2,67.3,6.9,79.75,6.0,2.52,7.5,2.56,OUI,OUI,NON,OUI,OUI,NON,OUI,🟢 STRAT1: Zone mediane,77.36,82.14,84.57,8.8684,2.9561,126.85,125.0,173.37,262.5,101.48,91.34,79.5,79.5,45.0,387.5,8.61
TRUP,31.46,48.48,21.16,34.82,39.17,30.47,37.7,-9.6,27.3,15.2,5.68,18.64,1.56,NON,OUI,NON,OUI,NON,NON,NON,🔴 Rejet,26.48,28.12,,,,,,,,,,,,,,
TRV,370.77,398.7,249.31,324.01,364.51,283.51,81.3,14.4,371.09,-0.1,2.79,4.67,7.05,OUI,NON,OUI,NON,NON,NON,NON,🔴 Rejet,359.95,382.22,,,,,,,,,,,,,,
TSCO,35.63,61.84,28.36,45.1,50.74,39.46,21.7,-21.0,32.81,8.6,4.94,6.38,1.16,NON,OUI,NON,NON,NON,NON,NON,🔴 Rejet,31.82,33.79,,,,,,,,,,,,,,
TSEM,213.91,319.94,50.85,185.4,208.57,162.22,60.6,15.4,236.0,-9.4,1.61,23.45,18.66,OUI,NON,OUI,NON,NON,NON,NON,🔴 Rejet,228.92,243.08,,,,,,,,,,,,,,
TSLA,348.87,498.83,297.38,398.1,447.87,348.34,25.6,-12.4,340.98,2.3,-5.98,9.84,11.95,NON,NON,NON,OUI,NON,NON,NON,🔴 Rejet,330.75,351.21,,,,,,,,,,,,,,
TSM,411.16,479.0,223.16,351.08,394.97,307.2,73.5,17.1,413.11,-0.5,-1.7,5.6,11.24,OUI,NON,OUI,NON,NON,NON,NON,🔴 Rejet,400.72,425.5,,,,,,,,,,,,,,
TSN,57.94,68.9,49.3,59.1,66.49,51.71,44.1,-2.0,58.18,-0.4,-0.33,4.82,1.32,NON,NON,NON,OUI,NON,NON,NON,🔴 Rejet,56.44,59.93,,,,,,,,,,,,,,
TTAN,95.53,119.99,54.17,87.08,97.96,76.19,62.8,9.7,83.62,14.2,6.62,9.07,4.38,OUI,OUI,NON,OUI,OUI,NON,OUI,🟢 STRAT1: Zone mediane,81.11,86.13,95.53,7.8509,2.617,143.3,125.0,195.84,262.5,114.64,103.17,89.8,89.8,45.0,387.5,8.61
TTD,13.22,56.39,12.83,34.61,38.94,30.28,0.9,-61.8,16.47,-19.8,-10.15,24.54,1.01,NON,NON,NON,NON,NON,NON,NON,🔴 Rejet,15.97,16.96,,,,,,,,,,,,,,
TTE,89.35,94.17,55.92,75.05,84.43,65.67,87.4,19.1,86.0,3.9,4.5,4.01,1.55,OUI,OUI,OUI,NON,NON,NON,NON,🟡 Chasing - attendre pullback,83.42,88.58,,,,,,,,,,,,,,
TTEK,37.17,42.87,25.76,34.31,38.6,30.02,66.7,8.3,33.84,9.8,6.29,6.21,0.97,NON,OUI,NON,OUI,NON,NON,NON,🔴 Rejet,32.82,34.85,,,,,,,,,,,,,,
TTMI,107.12,223.83,40.46,132.15,148.66,115.63,36.4,-18.9,128.85,-16.9,-7.61,16.24,10.48,OUI,NON,NON,NON,NON,NON,NON,🔴 Rejet,124.99,132.72,,,,,,,,,,,,,,
TW,107.88,130.44,91.42,110.93,124.79,97.06,42.2,-2.8,102.61,5.1,2.05,4.63,2.21,OUI,OUI,NON,OUI,OUI,NON,NON,🟢 STRAT1: Zone mediane,99.53,105.69,107.88,6.9522,2.3174,161.82,125.0,221.15,262.5,129.46,116.51,101.41,101.41,45.0,387.5,8.61
TWLO,223.3,258.35,98.44,178.4,200.7,156.1,78.1,25.2,212.64,5.0,3.73,27.41,14.99,OUI,OUI,OUI,NON,NON,NON,OUI,🟢 STRAT3: Phase 2 precoce,206.26,219.02,223.3,3.3587,1.1196,334.95,125.0,457.76,262.5,267.96,241.16,209.9,209.9,45.0,387.5,8.61
TWST,139.9,145.93,23.3,84.61,95.19,74.04,95.1,65.3,107.87,29.7,11.71,32.11,9.9,OUI,OUI,OUI,NON,NON,NON,NON,🟡 Chasing - attendre pullback,104.63,111.1,,,,,,,,,,,,,,
TXG,63.74,65.47,11.16,38.32,43.1,33.53,96.8,66.4,51.5,23.8,15.09,23.21,4.21,OUI,OUI,OUI,NON,NON,NON,NON,🟡 Chasing - attendre pullback,49.96,53.05,,,,,,,,,,,,,,
TXN,259.98,332.33,150.2,241.27,271.42,211.11,60.3,7.8,279.27,-6.9,-2.93,6.74,8.97,OUI,NON,NON,OUI,NON,NON,NON,🔴 Rejet,270.89,287.65,,,,,,,,,,,,,,
TXNM,57.17,59.1,54.88,56.99,64.11,49.87,54.3,0.3,57.43,-0.4,0.62,0.94,0.27,NON,NON,NON,OUI,NON,NON,NON,🔴 Rejet,55.7,59.15,,,,,,,,,,,,,,
TXRH,204.63,216.3,153.17,184.74,207.83,161.64,81.5,10.8,202.62,1.0,2.76,4.94,5.12,OUI,OUI,NON,OUI,OUI,NON,OUI,🟢 STRAT1: Zone mediane,196.54,208.7,204.63,3.6652,1.2217,306.94,125.0,419.49,262.5,245.56,221.0,192.35,192.35,45.0,387.5,8.61
TXT,82.1,101.53,78.07,89.8,101.02,78.57,17.2,-8.6,88.71,-7.5,-1.76,4.12,1.92,NON,NON,NON,OUI,NON,NON,NON,🔴 Rejet,86.05,91.37,,,,,,,,,,,,,,
TYL,357.14,566.95,270.71,418.83,471.18,366.48,29.2,-14.7,318.67,12.1,2.81,8.03,12.66,NON,OUI,NON,NON,NON,NON,NON,🔴 Rejet,309.11,328.23,,,,,,,,,,,,,,
U,46.4,52.15,16.78,34.47,38.77,30.16,83.8,34.6,37.29,24.4,16.95,15.6,2.12,OUI,OUI,OUI,NON,NON,NON,OUI,🟢 STRAT3: Phase 2 precoce,36.17,38.41,46.4,16.1638,5.3879,69.6,125.0,95.12,262.5,55.68,50.11,43.62,43.62,45.0,387.5,8.61
UAA,5.39,8.15,4.13,6.14,6.91,5.37,31.2,-12.3,6.34,-15.1,-6.37,12.72,0.29,NON,NON,NON,OUI,NON,NON,NON,🔴 Rejet,6.15,6.53,,,,,,,,,,,,,,
UAL,113.82,138.77,84.64,111.71,125.67,97.74,53.9,1.9,121.5,-6.3,-2.78,7.59,3.59,OUI,NON,NON,OUI,NON,NON,NON,🔴 Rejet,117.86,125.15,,,,,,,,,,,,,,
UBER,78.78,101.99,65.41,83.7,94.16,73.24,36.6,-5.9,73.2,7.6,1.45,11.85,3.02,NON,OUI,NON,OUI,NON,NON,NON,🔴 Rejet,71.0,75.39,,,,,,,,,,,,,,
UBS,53.74,55.15,35.38,45.27,50.92,39.61,92.9,18.7,53.08,1.2,1.55,2.83,0.69,OUI,OUI,OUI,NON,NON,OUI,NON,🟢 STRAT2: Pullback MM30,51.49,54.68,53.74,13.9561,4.652,80.61,125.0,110.17,262.5,64.49,58.04,50.52,50.52,45.0,387.5,8.61
UCB,35.53,37.18,27.99,32.58,36.66,28.51,82.0,9.0,35.84,-0.9,0.72,3.67,0.59,OUI,NON,NON,OUI,NON,NON,NON,🔴 Rejet,34.76,36.91,,,,,,,,,,,,,,
UEC,12.49,20.34,8.91,14.62,16.45,12.8,31.4,-14.6,10.49,19.1,3.76,17.25,0.59,NON,OUI,NON,NON,NON,NON,NON,🔴 Rejet,10.18,10.81,,,,,,,,,,,,,,
UFPI,89.15,117.06,77.54,97.3,109.47,85.14,29.4,-8.4,88.89,0.3,1.13,7.37,2.84,NON,OUI,NON,OUI,NON,NON,NON,🔴 Rejet,86.23,91.56,,,,,,,,,,,,,,
UGI,37.96,40.48,30.66,35.57,40.02,31.13,74.2,6.7,36.34,4.5,1.25,11.39,1.17,NON,OUI,NON,OUI,NON,NON,NON,🔴 Rejet,35.25,37.43,,,,,,,,,,,,,,
UGP,6.72,6.8,3.29,5.05,5.68,4.41,97.6,33.1,6.31,6.4,5.01,10.62,0.23,OUI,OUI,OUI,NON,NON,NON,NON,🟡 Chasing - attendre pullback,6.12,6.5,,,,,,,,,,,,,,
UHAL,71.17,76.45,41.95,59.2,66.6,51.8,84.7,20.2,72.35,-1.6,2.91,3.9,1.91,OUI,NON,OUI,NON,NON,NON,NON,🔴 Rejet,70.18,74.52,,,,,,,,,,,,,,
UHS,176.24,245.55,140.08,192.82,216.92,168.71,34.3,-8.6,164.29,7.3,3.81,5.74,5.13,NON,OUI,NON,OUI,NON,NON,NON,🔴 Rejet,159.36,169.21,,,,,,,,,,,,,,
UL,65.2,73.09,53.97,63.53,71.47,55.59,58.7,2.6,62.55,4.2,0.98,4.35,0.93,NON,OUI,NON,OUI,NON,NON,NON,🔴 Rejet,60.67,64.43,,,,,,,,,,,,,,
ULCC,5.89,8.4,3.02,5.71,6.43,5.0,53.2,3.0,6.55,-10.1,-5.32,11.57,0.34,OUI,NON,NON,OUI,NON,NON,NON,🔴 Rejet,6.35,6.75,,,,,,,,,,,,,,
ULS,74.68,107.38,61.36,84.37,94.92,73.82,28.9,-11.5,82.79,-9.8,-6.05,4.21,2.15,OUI,NON,NON,OUI,NON,NON,NON,🔴 Rejet,80.3,85.27,,,,,,,,,,,,,,
ULTA,539.01,714.97,443.6,579.28,651.7,506.87,35.2,-7.0,510.37,5.6,4.24,10.67,17.89,NON,OUI,NON,OUI,NON,NON,NON,🔴 Rejet,495.06,525.68,,,,,,,,,,,,,,
UMC,19.12,28.46,6.45,17.45,19.63,15.27,57.6,9.6,19.69,-2.9,-9.27,10.9,0.83,OUI,NON,NON,OUI,NON,NON,NON,🔴 Rejet,19.1,20.28,,,,,,,,,,,,,,
UMI,61.04,64.77,45.13,54.95,61.82,48.08,81.0,11.1,60.83,0.3,0.95,4.27,1.48,OUI,OUI,NON,OUI,OUI,NON,OUI,🟢 STRAT1: Zone mediane,59.01,62.66,61.04,12.287,4.0957,91.56,125.0,125.13,262.5,73.25,65.92,57.38,57.38,45.0,387.5,8.61
UNF,291.43,306.67,146.95,226.81,255.16,198.46,90.5,28.5,290.34,0.4,2.21,1.89,3.94,OUI,OUI,OUI,NON,NON,OUI,NON,🟢 STRAT2: Pullback MM30,281.63,299.05,291.43,2.5735,0.8578,437.14,125.0,597.43,262.5,349.72,314.74,273.94,273.94,45.0,387.5,8.61
UNFI,48.2,57.02,26.76,41.89,47.13,36.65,70.9,15.1,48.57,-0.8,0.48,5.67,1.46,OUI,NON,OUI,NON,NON,NON,NON,🔴 Rejet,47.11,50.02,,,,,,,,,,,,,,
UNH,398.14,461.62,254.52,358.07,402.83,313.31,69.3,11.2,411.49,-3.2,-2.25,5.11,9.57,OUI,NON,NON,OUI,NON,NON,NON,🔴 Rejet,399.15,423.84,,,,,,,,,,,,,,
UNM,89.28,94.55,67.08,80.81,90.92,70.71,80.8,10.5,88.78,0.6,0.42,6.12,2.14,OUI,OUI,NON,OUI,OUI,NON,OUI,🟢 STRAT1: Zone mediane,86.12,91.44,89.28,8.4005,2.8002,133.92,125.0,183.02,262.5,107.14,96.42,83.92,83.92,45.0,387.5,8.61
UNP,308.8,315.99,207.45,261.72,294.43,229.0,93.4,18.0,296.74,4.1,2.14,3.52,5.53,OUI,OUI,OUI,NON,NON,NON,NON,🟡 Chasing - attendre pullback,287.84,305.64,,,,,,,,,,,,,,
UPS,102.46,116.86,76.95,96.9,109.02,84.79,63.9,5.7,106.51,-3.8,-1.87,5.2,1.93,NON,NON,NON,OUI,NON,NON,NON,🔴 Rejet,103.32,109.71,,,,,,,,,,,,,,
UPST,29.85,76.95,23.97,50.46,56.76,44.15,11.1,-40.8,29.37,1.6,-4.21,13.92,1.86,NON,NON,NON,NON,NON,NON,NON,🔴 Rejet,28.49,30.25,,,,,,,,,,,,,,
UPWK,8.56,22.84,7.44,15.14,17.03,13.25,7.3,-43.4,9.06,-5.5,-0.96,17.21,0.48,NON,NON,NON,NON,NON,NON,NON,🔴 Rejet,8.79,9.33,,,,,,,,,,,,,,
URBN,75.8,84.35,59.54,71.94,80.94,62.95,65.5,5.4,75.14,0.9,2.83,7.35,2.62,OUI,OUI,NON,OUI,OUI,NON,OUI,🟢 STRAT1: Zone mediane,72.89,77.4,75.8,9.8945,3.2982,113.7,125.0,155.39,262.5,90.96,81.86,71.25,71.25,45.0,387.5,8.61
URI,1088.0,1177.15,698.94,938.04,1055.3,820.79,81.4,16.0,1102.46,-1.3,0.86,6.38,28.68,OUI,NON,OUI,NON,NON,NON,NON,🔴 Rejet,1069.38,1135.53,,,,,,,,,,,,,,
USAR,18.32,43.98,11.45,27.71,31.18,24.25,21.1,-33.9,16.91,8.3,-1.05,21.56,1.41,NON,NON,NON,NON,NON,NON,NON,🔴 Rejet,16.41,17.42,,,,,,,,,,,,,,
USB,62.4,66.08,43.76,54.92,61.78,48.05,83.5,13.6,63.68,-2.0,1.08,3.98,1.04,OUI,NON,OUI,NON,NON,NON,NON,🔴 Rejet,61.77,65.59,,,,,,,,,,,,,,
USFD,109.59,111.42,69.88,90.65,101.98,79.32,95.6,20.9,103.07,6.3,2.38,7.26,3.24,OUI,OUI,OUI,NON,NON,NON,NON,🟡 Chasing - attendre pullback,99.98,106.16,,,,,,,,,,,,,,
UTHR,511.82,609.35,302.19,455.77,512.74,398.8,68.2,12.3,522.62,-2.1,-2.25,6.49,15.82,OUI,NON,NON,OUI,NON,NON,NON,🔴 Rejet,506.94,538.3,,,,,,,,,,,,,,
VAC,112.86,131.34,43.02,87.18,98.08,76.28,79.1,29.4,106.68,5.8,5.66,26.18,6.53,OUI,OUI,OUI,NON,NON,NON,OUI,🟢 STRAT3: Phase 2 precoce,103.48,109.88,112.86,6.6454,2.2151,169.29,125.0,231.36,262.5,135.43,121.89,106.09,106.09,45.0,387.5,8.61
VAL,85.6,114.12,46.23,80.18,90.2,70.15,58.0,6.8,80.65,6.1,4.82,10.23,3.56,OUI,OUI,NON,OUI,OUI,NON,NON,🟢 STRAT1: Zone mediane,78.23,83.07,85.6,8.7617,2.9206,128.4,125.0,175.48,262.5,102.72,92.45,80.46,80.46,45.0,387.5,8.61
VALE,14.97,17.44,9.05,13.25,14.9,11.59,70.5,13.0,14.19,5.5,-0.49,6.92,0.38,NON,NON,OUI,NON,NON,NON,NON,🔴 Rejet,13.76,14.62,,,,,,,,,,,,,,
VEEV,248.64,310.5,148.05,229.28,257.93,200.62,61.9,8.4,216.46,14.9,9.69,9.4,8.66,OUI,OUI,NON,OUI,OUI,NON,OUI,🟢 STRAT1: Zone mediane,209.96,222.95,248.64,3.0164,1.0055,372.96,125.0,509.71,262.5,298.37,268.53,233.72,233.72,45.0,387.5,8.61
VFC,14.31,22.15,12.71,17.43,19.61,15.25,16.9,-17.9,15.58,-8.2,-4.28,6.64,0.44,NON,NON,NON,NON,NON,NON,NON,🔴 Rejet,15.11,16.05,,,,,,,,,,,,,,
VFS,3.09,5.28,2.78,4.03,4.54,3.53,12.4,-23.4,3.12,-1.1,0.55,7.97,0.12,NON,NON,NON,NON,NON,NON,NON,🔴 Rejet,3.03,3.22,,,,,,,,,,,,,,
VG,14.35,17.6,5.7,11.65,13.11,10.19,72.7,23.2,13.61,5.4,5.6,16.86,0.73,OUI,OUI,OUI,NON,NON,NON,OUI,🟢 STRAT3: Phase 2 precoce,13.21,14.02,14.35,52.2648,17.4216,21.52,125.0,29.42,262.5,17.22,15.5,13.49,13.49,45.0,387.5,8.61
VIAV,37.39,60.43,10.78,35.61,40.06,31.15,53.6,5.0,39.46,-5.2,-2.06,21.68,3.17,OUI,NON,NON,OUI,NON,NON,NON,🔴 Rejet,38.27,40.64,,,,,,,,,,,,,,
VICI,26.7,31.85,25.81,28.83,32.44,25.23,14.8,-7.4,26.5,0.8,-0.29,4.1,0.43,NON,NON,NON,OUI,NON,NON,NON,🔴 Rejet,25.7,27.29,,,,,,,,,,,,,,
VICR,191.25,382.65,46.96,214.8,241.66,187.95,43.0,-11.0,220.41,-13.2,-10.5,19.02,16.2,OUI,NON,NON,OUI,NON,NON,NON,🔴 Rejet,213.8,227.03,,,,,,,,,,,,,,
VIG,244.46,247.45,205.38,226.41,254.72,198.11,92.9,8.0,241.64,1.2,0.97,1.66,1.5,OUI,OUI,NON,OUI,OUI,NON,NON,🟢 STRAT1: Zone mediane,234.39,248.89,244.46,3.068,1.0227,366.69,125.0,501.14,262.5,293.35,264.02,229.79,229.79,45.0,387.5,8.61
VIK,92.2,110.09,56.37,83.23,93.63,72.83,66.7,10.8,100.64,-8.4,-1.15,12.16,4.11,OUI,NON,NON,OUI,NON,NON,NON,🔴 Rejet,97.63,103.66,,,,,,,,,,,,,,
VIPS,14.35,20.24,12.65,16.44,18.5,14.39,22.3,-12.8,14.73,-2.6,1.91,6.33,0.35,NON,NON,NON,NON,NON,NON,NON,🔴 Rejet,14.29,15.17,,,,,,,,,,,,,,
VIR,9.94,11.66,4.35,8.0,9.01,7.0,76.4,24.1,9.17,8.3,-2.54,10.6,0.45,OUI,NON,OUI,NON,NON,NON,NON,🔴 Rejet,8.9,9.45,,,,,,,,,,,,,,
VIRT,65.36,68.68,31.22,49.95,56.19,43.71,91.1,30.8,58.89,11.0,-1.37,14.86,3.18,OUI,NON,OUI,NON,NON,NON,NON,🔴 Rejet,57.12,60.65,,,,,,,,,,,,,,
VIS,342.58,362.21,279.95,321.08,361.22,280.95,76.1,6.7,350.14,-2.2,-0.06,2.66,4.2,OUI,NON,NON,OUI,NON,NON,NON,🔴 Rejet,339.64,360.64,,,,,,,,,,,,,,
VIST,70.68,81.44,31.63,56.54,63.6,49.47,78.4,25.0,67.16,5.2,2.76,11.04,2.98,OUI,OUI,OUI,NON,NON,NON,OUI,🟢 STRAT3: Phase 2 precoce,65.15,69.18,70.68,10.6112,3.5371,106.02,125.0,144.89,262.5,84.82,76.33,66.44,66.44,45.0,387.5,8.61
VIV,11.45,16.43,10.9,13.67,15.38,11.96,10.0,-16.2,12.62,-9.2,-4.73,4.9,0.27,NON,NON,NON,NON,NON,NON,NON,🔴 Rejet,12.24,12.99,,,,,,,,,,,,,,
VKTX,33.39,43.15,22.96,33.05,37.19,28.92,51.7,1.0,34.59,-3.5,-4.93,11.08,1.35,OUI,NON,NON,OUI,NON,NON,NON,🔴 Rejet,33.55,35.63,,,,,,,,,,,,,,
VLO,348.16,353.0,137.22,245.11,275.75,214.47,97.8,42.0,317.36,9.7,7.82,8.34,10.97,OUI,OUI,OUI,NON,NON,NON,NON,🟡 Chasing - attendre pullback,307.84,326.88,,,,,,,,,,,,,,
VLTO,98.96,109.53,79.91,94.72,106.56,82.88,64.3,4.5,95.71,3.4,2.32,5.27,1.91,NON,OUI,NON,OUI,NON,NON,NON,🔴 Rejet,92.84,98.58,,,,,,,,,,,,,,
VLY,14.15,15.2,9.37,12.29,13.82,10.75,82.0,15.2,14.61,-3.1,-0.06,4.57,0.27,OUI,NON,OUI,NON,NON,NON,NON,🔴 Rejet,14.17,15.04,,,,,,,,,,,,,,
VMC,274.92,329.2,251.38,290.29,326.58,254.0,30.2,-5.3,280.68,-2.1,-2.15,5.98,6.21,NON,NON,NON,OUI,NON,NON,NON,🔴 Rejet,272.26,289.1,,,,,,,,,,,,,,
VMI,480.04,584.94,357.99,471.46,530.39,412.53,53.8,1.8,496.92,-3.4,-4.13,5.18,11.38,OUI,NON,NON,OUI,NON,NON,NON,🔴 Rejet,482.01,511.83,,,,,,,,,,,,,,
VMRK,68.32,71.5,56.3,63.9,71.89,55.91,79.1,6.9,67.05,1.9,-1.75,6.57,1.54,OUI,NON,NON,OUI,NON,NON,NON,🔴 Rejet,65.04,69.06,,,,,,,,,,,,,,
VNOM,44.75,49.61,33.66,41.64,46.84,36.43,69.5,7.5,42.9,4.3,1.64,6.66,1.02,OUI,OUI,NON,OUI,OUI,NON,OUI,🟢 STRAT1: Zone mediane,41.61,44.19,44.75,16.7598,5.5866,67.12,125.0,91.74,262.5,53.7,48.33,42.06,42.06,45.0,387.5,8.61
VNT,33.1,48.13,27.23,37.68,42.39,32.97,28.1,-12.2,32.22,2.7,4.43,7.22,1.03,NON,OUI,NON,OUI,NON,NON,NON,🔴 Rejet,31.26,33.19,,,,,,,,,,,,,,
VOE,209.23,211.07,166.2,188.64,212.22,165.06,95.9,10.9,206.16,1.5,1.54,1.45,1.62,OUI,OUI,NON,OUI,OUI,NON,NON,🟢 STRAT1: Zone mediane,199.97,212.34,209.23,3.5846,1.1949,313.84,125.0,428.92,262.5,251.08,225.97,196.68,196.68,45.0,387.5,8.61
VOYA,98.74,103.85,64.13,83.99,94.49,73.49,87.1,17.6,99.4,-0.7,1.44,4.56,2.39,OUI,NON,OUI,NON,NON,NON,NON,🔴 Rejet,96.42,102.39,,,,,,,,,,,,,,
VRSK,189.6,272.31,155.52,213.91,240.65,187.17,29.2,-11.4,192.26,-1.4,-0.55,9.6,6.87,NON,NON,NON,OUI,NON,NON,NON,🔴 Rejet,186.49,198.03,,,,,,,,,,,,,,
VRSN,290.66,311.57,206.93,259.25,291.65,226.84,80.0,12.1,280.93,3.5,2.38,7.21,7.82,OUI,OUI,NON,OUI,OUI,NON,OUI,🟢 STRAT1: Zone mediane,272.51,289.36,290.66,2.5803,0.8601,435.99,125.0,595.85,262.5,348.79,313.91,273.22,273.22,45.0,387.5,8.61
VRT,254.15,379.86,118.57,249.21,280.36,218.06,51.9,2.0,277.31,-8.4,-4.44,11.16,13.67,OUI,NON,NON,OUI,NON,NON,NON,🔴 Rejet,268.99,285.63,,,,,,,,,,,,,,
VRTS,167.7,191.56,117.82,154.69,174.03,135.35,67.6,8.4,164.95,1.7,3.71,4.08,3.5,OUI,OUI,NON,OUI,OUI,NON,OUI,🟢 STRAT1: Zone mediane,160.0,169.9,167.7,4.4723,1.4908,251.55,125.0,343.78,262.5,201.24,181.12,157.64,157.64,45.0,387.5,8.61
VRTX,548.21,555.32,374.17,464.75,522.84,406.65,96.1,18.0,499.01,9.9,1.87,8.77,16.79,OUI,OUI,OUI,NON,NON,NON,NON,🟡 Chasing - attendre pullback,484.04,513.98,,,,,,,,,,,,,,
VSAT,73.22,93.03,26.1,59.56,67.01,52.12,70.4,22.9,76.9,-4.8,0.57,12.83,5.07,OUI,NON,OUI,NON,NON,NON,NON,🔴 Rejet,74.59,79.21,,,,,,,,,,,,,,
VSH,30.47,69.47,11.6,40.54,45.6,35.47,32.6,-24.8,35.31,-13.7,-11.54,20.38,2.46,OUI,NON,NON,NON,NON,NON,NON,🔴 Rejet,34.25,36.37,,,,,,,,,,,,,,
VST,136.47,218.91,132.47,175.69,197.65,153.73,4.6,-22.3,149.44,-8.7,-3.05,6.55,4.61,NON,NON,NON,NON,NON,NON,NON,🔴 Rejet,144.95,153.92,,,,,,,,,,,,,,
VSXY,87.29,102.46,21.39,61.92,69.67,54.18,81.3,41.0,88.09,-0.9,3.64,13.37,4.29,OUI,NON,OUI,NON,NON,NON,NON,🔴 Rejet,85.44,90.73,,,,,,,,,,,,,,
VTRS,16.49,18.25,9.11,13.68,15.39,11.97,80.7,20.5,16.77,-1.7,-0.38,8.51,0.51,OUI,NON,OUI,NON,NON,NON,NON,🔴 Rejet,16.26,17.27,,,,,,,,,,,,,,
VZ,50.19,50.28,36.55,43.42,48.84,37.99,99.3,15.6,46.59,7.7,4.98,3.85,0.89,OUI,OUI,OUI,NON,NON,NON,NON,🟡 Chasing - attendre pullback,45.19,47.99,,,,,,,,,,,,,,
WAB,297.28,306.32,183.4,244.86,275.47,214.26,92.6,21.4,289.08,2.8,4.09,3.88,5.34,OUI,OUI,OUI,NON,NON,OUI,NON,🟢 STRAT2: Pullback MM30,280.4,297.75,297.28,2.5229,0.841,445.92,125.0,609.42,262.5,356.74,321.06,279.44,279.44,45.0,387.5,8.61
WAT,409.38,421.74,282.77,352.25,396.29,308.22,91.1,16.2,391.31,4.6,3.13,5.91,11.71,OUI,OUI,OUI,NON,NON,NON,NON,🟡 Chasing - attendre pullback,379.57,403.05,,,,,,,,,,,,,,
WB,7.01,12.11,6.89,9.5,10.69,8.31,2.2,-26.2,7.77,-9.9,-0.14,4.81,0.18,NON,NON,NON,NON,NON,NON,NON,🔴 Rejet,7.54,8.01,,,,,,,,,,,,,,
WBD,28.85,30.0,11.25,20.62,23.2,18.05,93.9,39.9,26.85,7.5,1.93,3.24,0.46,NON,OUI,OUI,NON,NON,NON,NON,🔴 Rejet,26.04,27.65,,,,,,,,,,,,,,
WCC,337.18,385.37,202.38,293.87,330.61,257.14,73.7,14.7,346.34,-2.6,2.87,9.23,12.25,OUI,NON,OUI,NON,NON,NON,NON,🔴 Rejet,335.95,356.73,,,,,,,,,,,,,,
WCN,169.58,186.88,146.58,166.73,187.57,145.89,57.1,1.7,167.95,1.0,-0.35,3.31,2.91,OUI,NON,NON,OUI,NON,NON,NON,🔴 Rejet,162.91,172.99,,,,,,,,,,,,,,
WD,39.74,85.09,38.84,61.97,69.71,54.22,1.9,-35.9,45.58,-12.8,-7.05,15.24,2.3,NON,NON,NON,NON,NON,NON,NON,🔴 Rejet,44.21,46.95,,,,,,,,,,,,,,
WDAY,199.84,249.85,110.36,180.11,202.62,157.59,64.1,11.0,167.66,19.2,13.18,20.56,11.28,OUI,OUI,NON,OUI,OUI,NON,OUI,🟢 STRAT1: Zone mediane,162.63,172.69,199.84,3.753,1.251,299.76,125.0,409.67,262.5,239.81,215.83,187.85,187.85,45.0,387.5,8.61
WDC,436.27,799.87,74.37,437.12,491.76,382.48,49.9,-0.2,495.31,-11.9,-6.64,21.6,40.16,OUI,NON,NON,OUI,NON,NON,NON,🔴 Rejet,480.45,510.17,,,,,,,,,,,,,,
WDFC,217.46,297.71,172.95,235.33,264.74,205.91,35.7,-7.6,232.32,-6.4,-2.94,6.8,5.96,NON,NON,NON,OUI,NON,NON,NON,🔴 Rejet,225.35,239.29,,,,,,,,,,,,,,
WDS,23.86,25.19,13.89,19.54,21.98,17.1,88.2,22.1,22.68,5.2,5.92,6.46,0.47,OUI,OUI,OUI,NON,NON,NON,NON,🟡 Chasing - attendre pullback,22.0,23.36,,,,,,,,,,,,,,
WEC,107.58,118.87,100.35,109.61,123.31,95.91,39.0,-1.9,109.95,-2.2,-2.07,4.81,1.95,NON,NON,NON,OUI,NON,NON,NON,🔴 Rejet,106.65,113.24,,,,,,,,,,,,,,
WELL,239.61,254.24,161.37,207.81,233.78,181.83,84.2,15.3,237.75,0.8,0.47,5.73,4.67,OUI,OUI,OUI,NON,NON,OUI,OUI,🟢 STRAT2: Pullback MM30,230.61,244.88,239.61,3.1301,1.0434,359.42,125.0,491.2,262.5,287.53,258.78,225.23,225.23,45.0,387.5,8.61
WEN,8.9,10.03,6.07,8.05,9.05,7.04,71.4,10.5,7.89,12.8,2.76,19.94,0.44,OUI,OUI,NON,OUI,OUI,NON,OUI,🟢 STRAT1: Zone mediane,7.65,8.12,8.9,84.2697,28.0899,13.35,125.0,18.24,262.5,10.68,9.61,8.37,8.37,45.0,387.5,8.61
WERN,37.51,47.49,22.78,35.14,39.53,30.74,59.6,6.8,40.06,-6.4,-4.33,7.85,1.26,OUI,NON,NON,OUI,NON,NON,NON,🔴 Rejet,38.86,41.26,,,,,,,,,,,,,,
WEX,203.25,203.45,125.29,164.37,184.92,143.82,99.7,23.7,182.16,11.6,9.13,7.59,5.73,OUI,OUI,OUI,NON,NON,NON,NON,🟡 Chasing - attendre pullback,176.7,187.63,,,,,,,,,,,,,,
WF,69.43,84.71,48.83,66.77,75.12,58.42,57.4,4.0,67.59,2.7,4.82,8.14,1.84,OUI,OUI,NON,OUI,OUI,NON,NON,🟢 STRAT1: Zone mediane,65.56,69.62,69.43,10.8022,3.6007,104.15,125.0,142.33,262.5,83.32,74.98,65.26,65.26,45.0,387.5,8.61
WFC,84.76,96.18,72.36,84.27,94.8,73.74,52.1,0.6,86.55,-2.1,0.46,4.69,1.69,NON,NON,NON,OUI,NON,NON,NON,🔴 Rejet,83.96,89.15,,,,,,,,,,,,,,
WFRD,88.79,112.79,56.36,84.58,95.15,74.0,57.5,5.0,87.45,1.5,3.94,9.74,3.23,NON,OUI,NON,OUI,NON,NON,NON,🔴 Rejet,84.83,90.08,,,,,,,,,,,,,,
WH,73.81,89.86,68.1,78.98,88.85,69.11,26.3,-6.5,75.09,-1.7,-3.13,6.46,1.96,NON,NON,NON,OUI,NON,NON,NON,🔴 Rejet,72.84,77.34,,,,,,,,,,,,,,
WHD,68.44,74.07,32.93,53.5,60.19,46.81,86.3,27.9,63.23,8.2,11.75,10.1,2.21,OUI,OUI,OUI,NON,NON,NON,NON,🟡 Chasing - attendre pullback,61.33,65.12,,,,,,,,,,,,,,
WHR,40.15,94.09,35.45,64.77,72.87,56.67,8.0,-38.0,39.9,0.6,2.1,9.03,2.01,NON,OUI,NON,NON,NON,NON,NON,🔴 Rejet,38.7,41.1,,,,,,,,,,,,,,
WING,116.31,339.37,110.12,224.75,252.84,196.65,2.7,-48.2,127.15,-8.5,-11.44,18.64,6.35,NON,NON,NON,NON,NON,NON,NON,🔴 Rejet,123.34,130.97,,,,,,,,,,,,,,
WIT,1.88,3.06,1.73,2.39,2.69,2.09,11.3,-21.4,1.91,-1.8,0.29,4.78,0.06,NON,NON,NON,NON,NON,NON,NON,🔴 Rejet,1.86,1.97,,,,,,,,,,,,,,
WK,75.38,97.1,43.34,70.22,78.99,61.44,59.6,7.4,62.83,20.0,12.34,13.41,3.32,NON,OUI,NON,OUI,NON,NON,NON,🔴 Rejet,60.94,64.71,,,,,,,,,,,,,,
WLK,76.39,123.49,55.23,89.36,100.53,78.19,31.0,-14.5,76.65,-0.3,1.81,6.79,2.64,NON,NON,NON,NON,NON,NON,NON,🔴 Rejet,74.35,78.95,,,,,,,,,,,,,,
WM,225.88,247.15,191.77,219.46,246.89,192.03,61.6,2.9,230.29,-1.9,-0.76,2.83,3.83,NON,NON,NON,OUI,NON,NON,NON,🔴 Rejet,223.38,237.2,,,,,,,,,,,,,,
WMB,71.18,79.49,54.37,66.93,75.3,58.56,66.9,6.4,72.68,-2.1,-0.64,7.11,1.99,OUI,NON,NON,OUI,NON,NON,NON,🔴 Rejet,70.5,74.86,,,,,,,,,,,,,,
WMG,27.78,34.97,23.04,29.0,32.63,25.38,39.7,-4.2,26.73,3.9,-2.17,7.86,0.85,NON,NON,NON,OUI,NON,NON,NON,🔴 Rejet,25.93,27.53,,,,,,,,,,,,,,
WMS,140.88,178.87,127.85,153.36,172.53,134.19,25.5,-8.1,144.6,-2.6,-1.28,9.37,5.37,NON,NON,NON,OUI,NON,NON,NON,🔴 Rejet,140.27,148.94,,,,,,,,,,,,,,
WMT,106.0,134.84,94.62,114.73,129.07,100.39,28.3,-7.6,111.6,-5.0,-0.2,10.2,2.81,NON,NON,NON,OUI,NON,NON,NON,🔴 Rejet,108.25,114.94,,,,,,,,,,,,,,
WOOF,2.89,4.19,2.24,3.22,3.62,2.81,33.4,-10.1,2.76,4.8,2.41,12.97,0.13,NON,OUI,NON,OUI,NON,NON,NON,🔴 Rejet,2.68,2.84,,,,,,,,,,,,,,
WPC,71.6,77.22,61.29,69.26,77.91,60.6,64.7,3.4,73.06,-2.0,-0.02,3.22,1.03,OUI,NON,NON,OUI,NON,NON,NON,🔴 Rejet,70.87,75.25,,,,,,,,,,,,,,
WPM,159.84,165.03,92.16,128.6,144.67,112.52,92.9,24.3,122.8,30.2,9.08,14.23,6.03,OUI,OUI,OUI,NON,NON,NON,NON,🟡 Chasing - attendre pullback,119.11,126.48,,,,,,,,,,,,,,
WRB,69.74,77.45,62.31,69.88,78.61,61.14,49.1,-0.2,71.7,-2.7,-0.83,3.4,1.29,OUI,NON,NON,OUI,NON,NON,NON,🔴 Rejet,69.55,73.85,,,,,,,,,,,,,,
WRBY,26.25,31.0,14.96,22.98,25.85,20.11,70.4,14.2,26.4,-0.6,-3.27,16.56,1.86,OUI,NON,OUI,NON,NON,NON,NON,🔴 Rejet,25.61,27.19,,,,,,,,,,,,,,
WRD,5.97,12.55,5.18,8.87,9.97,7.76,10.7,-32.7,5.96,0.1,2.54,17.23,0.32,NON,OUI,NON,NON,NON,NON,NON,🔴 Rejet,5.78,6.14,,,,,,,,,,,,,,
WSC,22.52,29.77,14.77,22.27,25.05,19.49,51.7,1.1,24.84,-9.3,-5.08,11.07,1.14,OUI,NON,NON,OUI,NON,NON,NON,🔴 Rejet,24.09,25.58,,,,,,,,,,,,,,
WSFS,79.54,82.74,49.38,66.06,74.31,57.8,90.4,20.4,80.3,-0.9,1.64,2.81,1.21,OUI,NON,OUI,NON,NON,NON,NON,🔴 Rejet,77.89,82.7,,,,,,,,,,,,,,
WSM,238.85,254.89,164.96,209.92,236.17,183.68,82.2,13.8,235.96,1.2,2.49,4.43,6.03,OUI,OUI,OUI,NON,NON,OUI,OUI,🟢 STRAT2: Pullback MM30,228.88,243.04,238.85,3.14,1.0467,358.28,125.0,489.64,262.5,286.62,257.96,224.52,224.52,45.0,387.5,8.61
WSO,311.95,455.09,300.66,377.87,425.11,330.64,7.3,-17.4,337.77,-7.6,-7.26,6.71,8.6,NON,NON,NON,NON,NON,NON,NON,🔴 Rejet,327.63,347.9,,,,,,,,,,,,,,
WST,350.3,385.75,223.52,304.63,342.71,266.55,78.1,15.0,349.32,0.3,-0.74,3.63,7.23,OUI,NON,OUI,NON,NON,NON,NON,🔴 Rejet,338.84,359.8,,,,,,,,,,,,,,
WTFC,152.63,166.65,117.89,142.27,160.05,124.48,71.2,7.3,159.56,-4.3,-0.55,4.35,3.17,OUI,NON,NON,OUI,NON,NON,NON,🔴 Rejet,154.77,164.35,,,,,,,,,,,,,,
WTRG,41.2,41.3,35.46,38.38,43.18,33.58,98.3,7.3,39.6,4.0,1.79,4.74,0.82,OUI,OUI,NON,OUI,OUI,NON,NON,🟢 STRAT1: Zone mediane,38.41,40.79,41.2,18.2039,6.068,61.8,125.0,84.46,262.5,49.44,44.5,38.73,38.73,45.0,387.5,8.61
WU,7.36,9.78,6.27,8.02,9.03,7.02,30.9,-8.3,7.63,-3.6,-2.43,7.0,0.22,NON,NON,NON,OUI,NON,NON,NON,🔴 Rejet,7.4,7.86,,,,,,,,,,,,,,
WULF,15.64,29.84,8.6,19.22,21.62,16.82,33.1,-18.6,17.6,-11.2,-10.55,18.5,1.38,OUI,NON,NON,NON,NON,NON,NON,🔴 Rejet,17.07,18.13,,,,,,,,,,,,,,
WWD,332.64,450.52,232.45,341.49,384.17,298.8,45.9,-2.6,376.73,-11.7,-4.7,7.48,11.16,OUI,NON,NON,OUI,NON,NON,NON,🔴 Rejet,365.43,388.03,,,,,,,,,,,,,,
WYNN,99.62,133.75,92.29,113.02,127.15,98.89,17.7,-11.9,99.27,0.4,1.48,5.41,3.1,NON,OUI,NON,OUI,NON,NON,NON,🔴 Rejet,96.3,102.25,,,,,,,,,,,,,,
XEL,77.03,83.22,69.16,76.19,85.71,66.67,56.0,1.1,78.77,-2.2,-0.84,4.51,1.44,OUI,NON,NON,OUI,NON,NON,NON,🔴 Rejet,76.41,81.14,,,,,,,,,,,,,,
XIFR,11.33,13.25,8.68,10.96,12.33,9.59,58.0,3.4,11.83,-4.2,-2.06,5.02,0.28,OUI,NON,NON,OUI,NON,NON,NON,🔴 Rejet,11.47,12.18,,,,,,,,,,,,,,
XOM,163.64,174.09,105.3,139.7,157.16,122.23,84.8,17.1,155.26,5.4,5.52,6.26,3.51,OUI,OUI,OUI,NON,NON,NON,OUI,🟢 STRAT3: Phase 2 precoce,150.6,159.92,163.64,4.5832,1.5277,245.46,125.0,335.46,262.5,196.37,176.73,153.82,153.82,45.0,387.5,8.61
XP,17.09,22.83,14.8,18.82,21.17,16.46,28.6,-9.2,16.54,3.3,-0.37,10.13,0.63,NON,NON,NON,OUI,NON,NON,NON,🔴 Rejet,16.05,17.04,,,,,,,,,,,,,,
XPEL,50.46,55.91,31.5,43.7,49.17,38.24,77.7,15.5,46.63,8.2,1.83,14.21,2.19,NON,OUI,OUI,NON,NON,NON,NON,🔴 Rejet,45.23,48.03,,,,,,,,,,,,,,
XPEV,11.13,28.24,11.1,19.67,22.13,17.21,0.2,-43.4,12.47,-10.7,-3.44,12.13,0.4,NON,NON,NON,NON,NON,NON,NON,🔴 Rejet,12.09,12.84,,,,,,,,,,,,,,
XPO,191.71,232.05,121.48,176.77,198.86,154.67,63.5,8.5,205.32,-6.6,-0.52,7.85,6.36,OUI,NON,NON,OUI,NON,NON,NON,🔴 Rejet,199.16,211.48,,,,,,,,,,,,,,
XRAY,10.91,14.76,9.41,12.09,13.6,10.57,28.1,-9.7,12.64,-13.6,-1.37,9.61,0.56,NON,NON,NON,OUI,NON,NON,NON,🔴 Rejet,12.26,13.02,,,,,,,,,,,,,,
XRX,2.84,4.08,1.18,2.63,2.96,2.3,57.1,7.9,2.93,-3.0,1.37,8.22,0.14,OUI,NON,NON,OUI,NON,NON,NON,🔴 Rejet,2.84,3.01,,,,,,,,,,,,,,
XYL,113.99,152.72,104.88,128.8,144.9,112.7,19.0,-11.5,119.39,-4.5,-0.47,5.39,2.74,NON,NON,NON,OUI,NON,NON,NON,🔴 Rejet,115.81,122.98,,,,,,,,,,,,,,
XYZ,81.63,86.75,48.21,67.48,75.91,59.04,86.7,21.0,80.67,1.2,1.31,10.35,2.76,OUI,OUI,OUI,NON,NON,OUI,NON,🟢 STRAT2: Pullback MM30,78.25,83.09,81.63,9.1878,3.0626,122.44,125.0,167.34,262.5,97.96,88.16,76.73,76.73,45.0,387.5,8.61
YELP,23.89,34.49,19.6,27.05,30.43,23.66,28.8,-11.7,25.3,-5.6,-2.62,11.13,1.32,NON,NON,NON,OUI,NON,NON,NON,🔴 Rejet,24.54,26.06,,,,,,,,,,,,,,
YETI,43.21,53.99,31.66,42.83,48.18,37.47,51.7,0.9,48.97,-11.8,-2.47,11.85,2.09,NON,NON,NON,OUI,NON,NON,NON,🔴 Rejet,47.5,50.44,,,,,,,,,,,,,,
YMM,8.4,13.79,7.38,10.59,11.91,9.26,15.9,-20.7,9.18,-8.5,1.63,7.02,0.29,NON,NON,NON,NON,NON,NON,NON,🔴 Rejet,8.91,9.46,,,,,,,,,,,,,,
YOU,44.7,69.07,29.03,49.05,55.18,42.92,39.1,-8.9,51.27,-12.8,-6.37,10.78,2.93,OUI,NON,NON,OUI,NON,NON,NON,🔴 Rejet,49.73,52.8,,,,,,,,,,,,,,
YUM,156.88,170.14,135.39,152.77,171.86,133.67,61.8,2.7,149.96,4.6,-2.99,8.69,4.26,OUI,NON,NON,OUI,NON,NON,NON,🔴 Rejet,145.46,154.46,,,,,,,,,,,,,,
YUMC,48.64,57.69,40.15,48.92,55.03,42.8,48.4,-0.6,46.29,5.1,4.35,5.17,0.97,NON,OUI,NON,OUI,NON,NON,NON,🔴 Rejet,44.9,47.68,,,,,,,,,,,,,,
ZBH,100.94,107.16,78.91,93.04,104.67,81.41,78.0,8.5,95.5,5.7,3.77,5.54,2.89,OUI,OUI,NON,OUI,OUI,NON,OUI,🟢 STRAT1: Zone mediane,92.64,98.37,100.94,7.4302,2.4767,151.41,125.0,206.93,262.5,121.13,109.02,94.88,94.88,45.0,387.5,8.61
ZBRA,361.33,386.23,199.05,292.64,329.22,256.06,86.7,23.5,320.56,12.7,12.05,6.74,11.84,OUI,OUI,OUI,NON,NON,NON,NON,🟡 Chasing - attendre pullback,310.94,330.18,,,,,,,,,,,,,,
ZD,55.78,58.06,22.45,40.26,45.29,35.22,93.6,38.6,53.75,3.8,1.7,9.81,2.12,OUI,OUI,OUI,NON,NON,NON,NON,🟡 Chasing - attendre pullback,52.14,55.36,,,,,,,,,,,,,,
ZG,37.96,90.22,29.03,59.63,67.08,52.17,14.6,-36.3,34.24,10.9,3.4,15.39,2.05,NON,OUI,NON,NON,NON,NON,NON,🔴 Rejet,33.22,35.27,,,,,,,,,,,,,,
ZGN,13.94,15.95,7.9,11.92,13.41,10.43,75.0,16.9,14.24,-2.1,1.37,7.03,0.56,OUI,NON,OUI,NON,NON,NON,NON,🔴 Rejet,13.82,14.67,,,,,,,,,,,,,,
ZIM,28.37,29.56,11.93,20.74,23.34,18.15,93.3,36.8,25.92,9.5,3.52,13.36,1.22,OUI,OUI,OUI,NON,NON,NON,NON,🟡 Chasing - attendre pullback,25.14,26.69,,,,,,,,,,,,,,
ZION,68.12,72.85,44.82,58.84,66.19,51.48,83.1,15.8,70.01,-2.7,0.27,4.64,1.28,OUI,NON,OUI,NON,NON,NON,NON,🔴 Rejet,67.91,72.11,,,,,,,,,,,,,,
ZLAB,25.77,35.45,15.96,25.71,28.92,22.49,50.3,0.3,21.84,18.0,11.05,20.21,1.44,OUI,OUI,NON,OUI,OUI,NON,NON,🟢 STRAT1: Zone mediane,21.18,22.49,25.77,29.1036,9.7012,38.66,125.0,52.83,262.5,30.92,27.83,24.22,24.22,45.0,387.5,8.61
ZM,104.39,114.74,70.7,92.72,104.31,81.13,76.5,12.6,98.22,6.3,6.64,8.76,3.58,OUI,OUI,OUI,NON,NON,NON,OUI,🟢 STRAT3: Phase 2 precoce,95.28,101.17,104.39,7.1846,2.3949,156.58,125.0,214.0,262.5,125.27,112.74,98.13,98.13,45.0,387.5,8.61
ZTO,21.22,25.97,17.46,21.72,24.43,19.0,44.1,-2.3,23.48,-9.7,-1.06,8.18,0.59,NON,NON,NON,OUI,NON,NON,NON,🔴 Rejet,22.78,24.19,,,,,,,,,,,,,,
ZWS,48.84,54.88,42.86,48.87,54.98,42.76,49.7,-0.1,49.65,-1.6,1.19,3.92,1.01,OUI,NON,NON,OUI,NON,NON,NON,🔴 Rejet,48.16,51.14,,,,,,,,,,,,,,
